id,type,title,url,slug,words,h1_count,h2_count,h3_count,images,internal_links,faq_count,date,modified,heading_fingerprint,problem_categories,notes
10856,post,شركة تنظيف منازل بالرياض,https://www.rukn-eltatawer.com/sa/home-cleaning-riyadh/,home-cleaning-riyadh,1114,0,15,6,2,22,0,2026-09-13,2026-09-13,5d2b2e23426d7bea|n=12,ok,
10858,post,شركة تنظيف فلل بالرياض,https://www.rukn-eltatawer.com/sa/villa-cleaning-riyadh/,villa-cleaning-riyadh,1109,0,15,6,2,22,0,2026-09-13,2026-09-13,a0884c8730de8bd4|n=12,ok,
10857,post,شركة تنظيف شقق بالرياض,https://www.rukn-eltatawer.com/sa/apartment-cleaning-riyadh/,apartment-cleaning-riyadh,1106,0,15,6,2,22,0,2026-09-13,2026-09-13,ae71e95ec3831c1d|n=12,ok,
12392,post,شركة تركيب عشب صناعي بالرياض,https://www.rukn-eltatawer.com/sa/artificial-grass-grdn-riyadh/,artificial-grass-grdn-riyadh,1102,0,15,6,2,21,0,2026-09-13,2026-09-13,5d2b2e23426d7bea|n=12,ok,
12394,post,شركة تركيب عشب صناعي بمكة المكرمة,https://www.rukn-eltatawer.com/sa/artificial-grass-grdn-mecca/,artificial-grass-grdn-mecca,1093,0,15,6,2,21,0,2026-09-13,2026-09-13,ae71e95ec3831c1d|n=12,ok,
12393,post,شركة تركيب عشب صناعي بجدة,https://www.rukn-eltatawer.com/sa/artificial-grass-grdn-jeddah/,artificial-grass-grdn-jeddah,1126,0,15,6,2,21,0,2026-09-13,2026-09-13,a0884c8730de8bd4|n=12,ok,
12395,post,شركة تركيب عشب صناعي بالمدينة المنورة,https://www.rukn-eltatawer.com/sa/artificial-grass-grdn-medina/,artificial-grass-grdn-medina,1098,0,15,6,2,21,0,2026-09-13,2026-09-13,5d2b2e23426d7bea|n=12,ok,
12397,post,شركة تركيب عشب صناعي بالخبر,https://www.rukn-eltatawer.com/sa/artificial-grass-grdn-khobar/,artificial-grass-grdn-khobar,1117,0,15,6,2,21,0,2026-09-13,2026-09-13,5d2b2e23426d7bea|n=12,ok,
12396,post,شركة تركيب عشب صناعي بالدمام,https://www.rukn-eltatawer.com/sa/artificial-grass-grdn-dammam/,artificial-grass-grdn-dammam,1124,0,15,6,2,21,0,2026-09-13,2026-09-13,ae71e95ec3831c1d|n=12,ok,
12398,post,شركة تركيب عشب صناعي بالطائف,https://www.rukn-eltatawer.com/sa/artificial-grass-grdn-taif/,artificial-grass-grdn-taif,1117,0,15,6,2,21,0,2026-09-13,2026-09-13,a0884c8730de8bd4|n=12,ok,
12400,post,شركة تركيب عشب جداري بالرياض,https://www.rukn-eltatawer.com/sa/wall-grass-riyadh/,wall-grass-riyadh,1098,0,15,6,2,21,0,2026-09-13,2026-09-13,ae71e95ec3831c1d|n=12,ok,
12399,post,شركة تركيب عشب صناعي بأبها,https://www.rukn-eltatawer.com/sa/artificial-grass-grdn-abha/,artificial-grass-grdn-abha,1126,0,15,6,2,21,0,2026-09-13,2026-09-13,ae71e95ec3831c1d|n=12,ok,
12401,post,شركة تركيب عشب جداري بجدة,https://www.rukn-eltatawer.com/sa/wall-grass-jeddah/,wall-grass-jeddah,1138,0,15,6,2,21,0,2026-09-13,2026-09-13,a0884c8730de8bd4|n=12,ok,
12403,post,شركة تركيب عشب جداري بالمدينة المنورة,https://www.rukn-eltatawer.com/sa/wall-grass-medina/,wall-grass-medina,1109,0,15,6,2,21,0,2026-09-13,2026-09-13,a0884c8730de8bd4|n=12,ok,
12402,post,شركة تركيب عشب جداري بمكة المكرمة,https://www.rukn-eltatawer.com/sa/wall-grass-mecca/,wall-grass-mecca,1104,0,15,6,2,21,0,2026-09-13,2026-09-13,ae71e95ec3831c1d|n=12,ok,
12405,post,شركة تركيب عشب جداري بالخبر,https://www.rukn-eltatawer.com/sa/wall-grass-khobar/,wall-grass-khobar,1120,0,15,6,2,21,0,2026-09-13,2026-09-13,5d2b2e23426d7bea|n=12,ok,
12404,post,شركة تركيب عشب جداري بالدمام,https://www.rukn-eltatawer.com/sa/wall-grass-dammam/,wall-grass-dammam,1118,0,15,6,2,21,0,2026-09-13,2026-09-13,ae71e95ec3831c1d|n=12,ok,
12407,post,شركة تركيب عشب جداري بأبها,https://www.rukn-eltatawer.com/sa/wall-grass-abha/,wall-grass-abha,1126,0,15,6,2,21,0,2026-09-13,2026-09-13,ae71e95ec3831c1d|n=12,ok,
12406,post,شركة تركيب عشب جداري بالطائف,https://www.rukn-eltatawer.com/sa/wall-grass-taif/,wall-grass-taif,1113,0,15,6,2,21,0,2026-09-13,2026-09-13,a0884c8730de8bd4|n=12,ok,
11056,post,شركة تنظيف مراتب بأبها,https://www.rukn-eltatawer.com/sa/mattress-cleaning-abha/,mattress-cleaning-abha,1131,0,15,6,2,22,0,2026-09-13,2026-09-13,a0884c8730de8bd4|n=12,ok,
11044,post,شركة تنظيف مدارس وحضانات بأبها,https://www.rukn-eltatawer.com/sa/school-nursery-cleaning-abha/,school-nursery-cleaning-abha,1146,0,15,6,2,22,0,2026-09-13,2026-09-13,ae71e95ec3831c1d|n=12,ok,
11048,post,شركة تنظيف مطابخ بأبها,https://www.rukn-eltatawer.com/sa/kitchen-cleaning-abha/,kitchen-cleaning-abha,1121,0,15,6,2,22,0,2026-09-13,2026-09-13,ae71e95ec3831c1d|n=12,ok,
11045,post,شركة تنظيف مستشفيات وعيادات بأبها,https://www.rukn-eltatawer.com/sa/hospital-clinic-cleaning-abha/,hospital-clinic-cleaning-abha,1145,0,15,6,2,22,0,2026-09-13,2026-09-13,5d2b2e23426d7bea|n=12,ok,
11053,post,شركة تنظيف موكيت بأبها,https://www.rukn-eltatawer.com/sa/moquette-cleaning-abha/,moquette-cleaning-abha,1121,0,15,6,2,22,0,2026-09-13,2026-09-13,5d2b2e23426d7bea|n=12,ok,
11042,post,شركة تنظيف مكاتب بأبها,https://www.rukn-eltatawer.com/sa/office-cleaning-abha/,office-cleaning-abha,1123,0,15,6,2,22,0,2026-09-13,2026-09-13,5d2b2e23426d7bea|n=12,ok,
11059,post,شركة تنظيف واجهات حجرية بأبها,https://www.rukn-eltatawer.com/sa/stone-facade-cleaning-abha/,stone-facade-cleaning-abha,1156,0,15,6,2,22,0,2026-09-13,2026-09-13,a0884c8730de8bd4|n=12,ok,
11058,post,شركة تنظيف واجهات زجاجية بأبها,https://www.rukn-eltatawer.com/sa/glass-facade-cleaning-abha/,glass-facade-cleaning-abha,1146,0,15,6,2,22,0,2026-09-13,2026-09-13,5d2b2e23426d7bea|n=12,ok,
12801,post,شركة شحن سيارات بجدة,https://www.rukn-eltatawer.com/sa/car-shipping-jeddah/,car-shipping-jeddah,1097,0,15,6,2,21,0,2026-09-13,2026-09-13,5d2b2e23426d7bea|n=12,intent_mismatch,عنوان شحن سيارات بينما النص يعامل الخدمة كخدمة منزل/عقار
11062,post,شركة تنظيف وصيانة دكتات المكيفات بأبها,https://www.rukn-eltatawer.com/sa/duct-cleaning-abha/,duct-cleaning-abha,1154,0,15,6,2,22,0,2026-09-13,2026-09-13,5d2b2e23426d7bea|n=12,ok,
10933,post,شركة تنظيف المداخن والشفاطات بمكة المكرمة,https://www.rukn-eltatawer.com/sa/chimney-cleaning-mecca/,chimney-cleaning-mecca,1111,0,15,6,2,22,0,2026-09-13,2026-09-13,5d2b2e23426d7bea|n=12,ok,
10925,post,شركة تنظيف ستائر بمكة المكرمة,https://www.rukn-eltatawer.com/sa/curtain-cleaning-mecca/,curtain-cleaning-mecca,1105,0,15,6,2,22,0,2026-09-13,2026-09-13,ae71e95ec3831c1d|n=12,ok,
12794,post,شركة شحن أثاث بمكة المكرمة,https://www.rukn-eltatawer.com/sa/furniture-shipping-mecca/,furniture-shipping-mecca,1086,0,15,6,2,21,0,2026-09-13,2026-09-13,ae71e95ec3831c1d|n=12,ok,
12588,post,شركة مكافحة الفئران والقوارض بالدمام,https://www.rukn-eltatawer.com/sa/rodent-control-dammam/,rodent-control-dammam,1147,0,15,6,2,22,0,2026-09-13,2026-09-13,5d2b2e23426d7bea|n=12,ok,
10952,post,شركة تنظيف مراتب بالمدينة المنورة,https://www.rukn-eltatawer.com/sa/mattress-cleaning-medina/,mattress-cleaning-medina,1130,0,15,6,2,22,0,2026-09-13,2026-09-13,5d2b2e23426d7bea|n=12,ok,
12852,post,شركة دهان شقق بالدمام,https://www.rukn-eltatawer.com/sa/apartment-painting-dammam/,apartment-painting-dammam,1743,0,23,31,2,57,0,2026-09-06,2026-09-10,213559bb4b7df922|n=12,boilerplate_overuse,عبارات قالبية متكررة: تجهيزاً مرتباً قبل انتقال أو موسم ذروة | لا نضع رقماً ثابتاً لا يمثّل عقارك | نوضّح ما سيدخل في النطاق وما لن يدخل | حسب الجدولة اليومية، ومن الأحياء التي نصل إليها غالباً
12899,post,شركة عزل ودهان أسطح بالمدينة المنورة,https://www.rukn-eltatawer.com/sa/roof-insulation-painting-medina/,roof-insulation-painting-medina,1895,0,23,33,2,59,0,2026-09-06,2026-09-10,f12acd4ec368ea49|n=12,boilerplate_overuse,عبارات قالبية متكررة: تجهيزاً مرتباً قبل انتقال أو موسم ذروة | لا نضع رقماً ثابتاً لا يمثّل عقارك | نوضّح ما سيدخل في النطاق وما لن يدخل | حسب الجدولة اليومية، ومن الأحياء التي نصل إليها غالباً
11205,post,شركة تركيب وصيانة محطات تحلية المياه بمكة المكرمة,https://www.rukn-eltatawer.com/sa/ro-plants-mecca/,ro-plants-mecca,1997,0,23,33,2,59,0,2026-09-06,2026-09-10,932a8f67beba4b48|n=12,boilerplate_overuse,عبارات قالبية متكررة: تجهيزاً مرتباً قبل انتقال أو موسم ذروة | لا نضع رقماً ثابتاً لا يمثّل عقارك | نوضّح ما سيدخل في النطاق وما لن يدخل | حسب الجدولة اليومية، ومن الأحياء التي نصل إليها غالباً
12716,post,حداد أبواب ونوافذ بالدمام,https://www.rukn-eltatawer.com/sa/blacksmith-doors-windows-dammam/,blacksmith-doors-windows-dammam,1741,0,23,30,2,56,0,2026-09-06,2026-09-10,2b30592ecb4e4b8a|n=12,boilerplate_overuse,عبارات قالبية متكررة: تجهيزاً مرتباً قبل انتقال أو موسم ذروة | لا نضع رقماً ثابتاً لا يمثّل عقارك | نوضّح ما سيدخل في النطاق وما لن يدخل | حسب الجدولة اليومية، ومن الأحياء التي نصل إليها غالباً
12707,post,نجار أثاث بالمدينة المنورة,https://www.rukn-eltatawer.com/sa/carpenter-medina/,carpenter-medina,1793,0,23,32,2,58,0,2026-09-06,2026-09-09,f01bb32f1078ac7d|n=12,boilerplate_overuse,عبارات قالبية متكررة: تجهيزاً مرتباً قبل انتقال أو موسم ذروة | لا نضع رقماً ثابتاً لا يمثّل عقارك | نوضّح ما سيدخل في النطاق وما لن يدخل | حسب الجدولة اليومية، ومن الأحياء التي نصل إليها غالباً
12734,post,فني جبس بورد بالطائف,https://www.rukn-eltatawer.com/sa/gypsum-tech-taif/,gypsum-tech-taif,1740,0,23,31,2,57,0,2026-09-06,2026-09-10,ee161912e0c20be7|n=12,boilerplate_overuse,عبارات قالبية متكررة: تجهيزاً مرتباً قبل انتقال أو موسم ذروة | لا نضع رقماً ثابتاً لا يمثّل عقارك | نوضّح ما سيدخل في النطاق وما لن يدخل | حسب الجدولة اليومية، ومن الأحياء التي نصل إليها غالباً
12739,post,فني تركيب دش بالمدينة المنورة,https://www.rukn-eltatawer.com/sa/sat-dish-tech-medina/,sat-dish-tech-medina,1806,0,23,32,2,58,0,2026-09-06,2026-09-10,73adf729deb9005d|n=12,boilerplate_overuse,عبارات قالبية متكررة: تجهيزاً مرتباً قبل انتقال أو موسم ذروة | لا نضع رقماً ثابتاً لا يمثّل عقارك | نوضّح ما سيدخل في النطاق وما لن يدخل | حسب الجدولة اليومية، ومن الأحياء التي نصل إليها غالباً
12747,post,فني تركيب أقمار صناعية بالمدينة المنورة,https://www.rukn-eltatawer.com/sa/satellite-tech-medina/,satellite-tech-medina,1852,0,23,30,2,56,0,2026-09-06,2026-09-10,b73ae780ac2de342|n=12,boilerplate_overuse,عبارات قالبية متكررة: تجهيزاً مرتباً قبل انتقال أو موسم ذروة | لا نضع رقماً ثابتاً لا يمثّل عقارك | نوضّح ما سيدخل في النطاق وما لن يدخل | حسب الجدولة اليومية، ومن الأحياء التي نصل إليها غالباً
12771,post,فني أنظمة صوت منزلية بالمدينة المنورة,https://www.rukn-eltatawer.com/sa/home-audio-tech-medina/,home-audio-tech-medina,1847,0,23,30,2,56,0,2026-09-06,2026-09-10,51cbb12279d20e19|n=12,boilerplate_overuse,عبارات قالبية متكررة: تجهيزاً مرتباً قبل انتقال أو موسم ذروة | لا نضع رقماً ثابتاً لا يمثّل عقارك | نوضّح ما سيدخل في النطاق وما لن يدخل | حسب الجدولة اليومية، ومن الأحياء التي نصل إليها غالباً
12723,post,عامل دهانات بالمدينة المنورة,https://www.rukn-eltatawer.com/sa/painter-medina/,painter-medina,1851,0,23,33,2,59,0,2026-09-06,2026-09-10,5c28be030c05bd4b|n=12,boilerplate_overuse,عبارات قالبية متكررة: تجهيزاً مرتباً قبل انتقال أو موسم ذروة | لا نضع رقماً ثابتاً لا يمثّل عقارك | نوضّح ما سيدخل في النطاق وما لن يدخل | حسب الجدولة اليومية، ومن الأحياء التي نصل إليها غالباً
13116,post,شركة نقل وتركيب مكيفات بالدمام,https://www.rukn-eltatawer.com/sa/ac-relocation-installation-dammam/,ac-relocation-installation-dammam,1811,0,23,31,2,57,0,2026-09-06,2026-09-10,7060fe4fc50252f7|n=12,boilerplate_overuse,عبارات قالبية متكررة: تجهيزاً مرتباً قبل انتقال أو موسم ذروة | لا نضع رقماً ثابتاً لا يمثّل عقارك | نوضّح ما سيدخل في النطاق وما لن يدخل | حسب الجدولة اليومية، ومن الأحياء التي نصل إليها غالباً
12484,post,شركة نقل بيانو بالدمام,https://www.rukn-eltatawer.com/sa/piano-moving-dammam/,piano-moving-dammam,1713,0,23,30,2,56,0,2026-09-06,2026-09-09,9ab9cb4a0272d95a|n=12,boilerplate_overuse,عبارات قالبية متكررة: تجهيزاً مرتباً قبل انتقال أو موسم ذروة | لا نضع رقماً ثابتاً لا يمثّل عقارك | نوضّح ما سيدخل في النطاق وما لن يدخل | حسب الجدولة اليومية، ومن الأحياء التي نصل إليها غالباً
12580,post,شركة مكافحة بق الفراش بالدمام,https://www.rukn-eltatawer.com/sa/bed-bug-control-dammam/,bed-bug-control-dammam,2108,0,28,32,2,63,0,2026-09-06,2026-09-10,31b7df05ce1c2c47|n=12,boilerplate_overuse,عبارات قالبية متكررة: تجهيزاً مرتباً قبل انتقال أو موسم ذروة | لا نضع رقماً ثابتاً لا يمثّل عقارك | نوضّح ما سيدخل في النطاق وما لن يدخل | حسب الجدولة اليومية، ومن الأحياء التي نصل إليها غالباً
12620,post,شركة مكافحة الوزغ (البرص) بالدمام,https://www.rukn-eltatawer.com/sa/lizard-control-dammam/,lizard-control-dammam,1822,0,23,32,2,58,0,2026-09-06,2026-09-10,4f3438ae61929692|n=12,boilerplate_overuse,عبارات قالبية متكررة: تجهيزاً مرتباً قبل انتقال أو موسم ذروة | لا نضع رقماً ثابتاً لا يمثّل عقارك | نوضّح ما سيدخل في النطاق وما لن يدخل | حسب الجدولة اليومية، ومن الأحياء التي نصل إليها غالباً
12604,post,شركة مكافحة العقارب بالدمام,https://www.rukn-eltatawer.com/sa/scorpion-control-dammam/,scorpion-control-dammam,1728,0,23,32,2,58,0,2026-09-06,2026-09-10,3ac0bb9473ead553|n=12,boilerplate_overuse,عبارات قالبية متكررة: تجهيزاً مرتباً قبل انتقال أو موسم ذروة | لا نضع رقماً ثابتاً لا يمثّل عقارك | نوضّح ما سيدخل في النطاق وما لن يدخل | حسب الجدولة اليومية، ومن الأحياء التي نصل إليها غالباً
12628,post,شركة مكافحة الطيور بالدمام,https://www.rukn-eltatawer.com/sa/bird-control-dammam/,bird-control-dammam,1709,0,23,30,2,56,0,2026-09-06,2026-09-10,595e950f1376141b|n=12,boilerplate_overuse,عبارات قالبية متكررة: تجهيزاً مرتباً قبل انتقال أو موسم ذروة | لا نضع رقماً ثابتاً لا يمثّل عقارك | نوضّح ما سيدخل في النطاق وما لن يدخل | حسب الجدولة اليومية، ومن الأحياء التي نصل إليها غالباً
12548,post,شركة مكافحة الحشرات الطائرة بالدمام,https://www.rukn-eltatawer.com/sa/flying-pest-control-dammam/,flying-pest-control-dammam,1775,0,23,32,2,58,0,2026-09-06,2026-09-10,dec6ab279fd2f4de|n=12,boilerplate_overuse,عبارات قالبية متكررة: تجهيزاً مرتباً قبل انتقال أو موسم ذروة | لا نضع رقماً ثابتاً لا يمثّل عقارك | نوضّح ما سيدخل في النطاق وما لن يدخل | حسب الجدولة اليومية، ومن الأحياء التي نصل إليها غالباً
12540,post,شركة مكافحة الحشرات الزاحفة بالدمام,https://www.rukn-eltatawer.com/sa/crawling-pest-control-dammam/,crawling-pest-control-dammam,1820,0,23,33,2,59,0,2026-09-06,2026-09-10,90dadc5900e811d0|n=12,boilerplate_overuse,عبارات قالبية متكررة: تجهيزاً مرتباً قبل انتقال أو موسم ذروة | لا نضع رقماً ثابتاً لا يمثّل عقارك | نوضّح ما سيدخل في النطاق وما لن يدخل | حسب الجدولة اليومية، ومن الأحياء التي نصل إليها غالباً
12636,post,شركة مكافحة البعوض والذباب بالدمام,https://www.rukn-eltatawer.com/sa/mosquito-fly-control-dammam/,mosquito-fly-control-dammam,1777,0,23,32,2,58,0,2026-09-06,2026-09-10,a2fc644d75ecf71f|n=12,boilerplate_overuse,عبارات قالبية متكررة: تجهيزاً مرتباً قبل انتقال أو موسم ذروة | لا نضع رقماً ثابتاً لا يمثّل عقارك | نوضّح ما سيدخل في النطاق وما لن يدخل | حسب الجدولة اليومية، ومن الأحياء التي نصل إليها غالباً
12612,post,شركة مكافحة البراغيث بالدمام,https://www.rukn-eltatawer.com/sa/flea-control-dammam/,flea-control-dammam,1717,0,23,32,2,58,0,2026-09-06,2026-09-10,013f7378612660f2|n=12,boilerplate_overuse,عبارات قالبية متكررة: تجهيزاً مرتباً قبل انتقال أو موسم ذروة | لا نضع رقماً ثابتاً لا يمثّل عقارك | نوضّح ما سيدخل في النطاق وما لن يدخل | حسب الجدولة اليومية، ومن الأحياء التي نصل إليها غالباً
12596,post,شركة مكافحة الأفاعي بالدمام,https://www.rukn-eltatawer.com/sa/snake-control-dammam/,snake-control-dammam,1688,0,23,30,2,56,0,2026-09-06,2026-09-10,aa34b837eea2d037|n=12,boilerplate_overuse,عبارات قالبية متكررة: تجهيزاً مرتباً قبل انتقال أو موسم ذروة | لا نضع رقماً ثابتاً لا يمثّل عقارك | نوضّح ما سيدخل في النطاق وما لن يدخل | حسب الجدولة اليومية، ومن الأحياء التي نصل إليها غالباً
12780,post,شركة مكاتب الشحن بالدمام,https://www.rukn-eltatawer.com/sa/shipping-offices-dammam/,shipping-offices-dammam,1724,0,23,32,2,58,0,2026-09-06,2026-09-10,3681929ca3a109f8|n=12,boilerplate_overuse,عبارات قالبية متكررة: تجهيزاً مرتباً قبل انتقال أو موسم ذروة | لا نضع رقماً ثابتاً لا يمثّل عقارك | نوضّح ما سيدخل في النطاق وما لن يدخل | حسب الجدولة اليومية، ومن الأحياء التي نصل إليها غالباً
11394,post,شركة معالجة الرطوبة والعفن بالدمام,https://www.rukn-eltatawer.com/sa/humidity-treatment-dammam/,humidity-treatment-dammam,1783,0,23,31,2,57,0,2026-09-06,2026-09-10,53ab13175d1f895d|n=12,boilerplate_overuse,عبارات قالبية متكررة: تجهيزاً مرتباً قبل انتقال أو موسم ذروة | لا نضع رقماً ثابتاً لا يمثّل عقارك | نوضّح ما سيدخل في النطاق وما لن يدخل | حسب الجدولة اليومية، ومن الأحياء التي نصل إليها غالباً
13140,post,شركة كشف أعطال تبريد بالدمام,https://www.rukn-eltatawer.com/sa/cooling-fault-detection-dammam/,cooling-fault-detection-dammam,1812,0,23,31,2,57,0,2026-09-06,2026-09-10,eced419a58595e1c|n=12,boilerplate_overuse,عبارات قالبية متكررة: تجهيزاً مرتباً قبل انتقال أو موسم ذروة | لا نضع رقماً ثابتاً لا يمثّل عقارك | نوضّح ما سيدخل في النطاق وما لن يدخل | حسب الجدولة اليومية، ومن الأحياء التي نصل إليها غالباً
12044,post,شركة فحص فلل ومباني قبل الشراء بالدمام,https://www.rukn-eltatawer.com/sa/villa-inspection-dammam/,villa-inspection-dammam,1891,0,23,31,2,57,0,2026-09-06,2026-09-10,a3d2aae29a1b1232|n=12,boilerplate_overuse,عبارات قالبية متكررة: تجهيزاً مرتباً قبل انتقال أو موسم ذروة | لا نضع رقماً ثابتاً لا يمثّل عقارك | نوضّح ما سيدخل في النطاق وما لن يدخل | حسب الجدولة اليومية، ومن الأحياء التي نصل إليها غالباً
12900,post,شركة عزل ودهان أسطح بالدمام,https://www.rukn-eltatawer.com/sa/roof-insulation-painting-dammam/,roof-insulation-painting-dammam,1805,0,23,33,2,59,0,2026-09-06,2026-09-10,04145549da01d869|n=12,boilerplate_overuse,عبارات قالبية متكررة: تجهيزاً مرتباً قبل انتقال أو موسم ذروة | لا نضع رقماً ثابتاً لا يمثّل عقارك | نوضّح ما سيدخل في النطاق وما لن يدخل | حسب الجدولة اليومية، ومن الأحياء التي نصل إليها غالباً
11390,post,شركة عزل مطابخ بالدمام,https://www.rukn-eltatawer.com/sa/kitchen-insulation-dammam/,kitchen-insulation-dammam,1737,0,23,33,2,59,0,2026-09-06,2026-09-09,d4a5045c1688c153|n=12,boilerplate_overuse,عبارات قالبية متكررة: تجهيزاً مرتباً قبل انتقال أو موسم ذروة | لا نضع رقماً ثابتاً لا يمثّل عقارك | نوضّح ما سيدخل في النطاق وما لن يدخل | حسب الجدولة اليومية، ومن الأحياء التي نصل إليها غالباً
11392,post,شركة عزل مائي بالدمام,https://www.rukn-eltatawer.com/sa/waterproofing-dammam/,waterproofing-dammam,1792,0,23,31,2,57,0,2026-09-06,2026-09-10,b01f9c7e020d58af|n=12,boilerplate_overuse,عبارات قالبية متكررة: تجهيزاً مرتباً قبل انتقال أو موسم ذروة | لا نضع رقماً ثابتاً لا يمثّل عقارك | نوضّح ما سيدخل في النطاق وما لن يدخل | حسب الجدولة اليومية، ومن الأحياء التي نصل إليها غالباً
11393,post,شركة عزل صوتي بالدمام,https://www.rukn-eltatawer.com/sa/soundproofing-dammam/,soundproofing-dammam,1764,0,23,33,2,59,0,2026-09-06,2026-09-10,9dd78ca0603f8549|n=12,boilerplate_overuse,عبارات قالبية متكررة: تجهيزاً مرتباً قبل انتقال أو موسم ذروة | لا نضع رقماً ثابتاً لا يمثّل عقارك | نوضّح ما سيدخل في النطاق وما لن يدخل | حسب الجدولة اليومية، ومن الأحياء التي نصل إليها غالباً
11389,post,شركة عزل حمامات بالدمام,https://www.rukn-eltatawer.com/sa/bathroom-insulation-dammam/,bathroom-insulation-dammam,1724,0,23,31,2,57,0,2026-09-06,2026-09-10,363ea1e57b6096dc|n=12,boilerplate_overuse,عبارات قالبية متكررة: تجهيزاً مرتباً قبل انتقال أو موسم ذروة | لا نضع رقماً ثابتاً لا يمثّل عقارك | نوضّح ما سيدخل في النطاق وما لن يدخل | حسب الجدولة اليومية، ومن الأحياء التي نصل إليها غالباً
11391,post,شركة عزل حراري بالدمام,https://www.rukn-eltatawer.com/sa/thermal-insulation-dammam/,thermal-insulation-dammam,1755,0,23,32,2,58,0,2026-09-06,2026-09-10,949f577b94edf6f8|n=12,boilerplate_overuse,عبارات قالبية متكررة: تجهيزاً مرتباً قبل انتقال أو موسم ذروة | لا نضع رقماً ثابتاً لا يمثّل عقارك | نوضّح ما سيدخل في النطاق وما لن يدخل | حسب الجدولة اليومية، ومن الأحياء التي نصل إليها غالباً
12956,post,شركة صيانة ودهان بعد التسريبات بالدمام,https://www.rukn-eltatawer.com/sa/post-leak-repaint-maintenance-dammam/,post-leak-repaint-maintenance-dammam,2008,0,23,32,2,58,0,2026-09-06,2026-09-10,1621109d98de8c9a|n=12,boilerplate_overuse,عبارات قالبية متكررة: تجهيزاً مرتباً قبل انتقال أو موسم ذروة | لا نضع رقماً ثابتاً لا يمثّل عقارك | نوضّح ما سيدخل في النطاق وما لن يدخل | حسب الجدولة اليومية، ومن الأحياء التي نصل إليها غالباً
11250,post,شركة صيانة نشافات بالدمام,https://www.rukn-eltatawer.com/sa/dryer-maintenance-dammam/,dryer-maintenance-dammam,1728,0,23,30,2,56,0,2026-09-06,2026-09-10,3f680a7710cad2b1|n=12,boilerplate_overuse,عبارات قالبية متكررة: تجهيزاً مرتباً قبل انتقال أو موسم ذروة | لا نضع رقماً ثابتاً لا يمثّل عقارك | نوضّح ما سيدخل في النطاق وما لن يدخل | حسب الجدولة اليومية، ومن الأحياء التي نصل إليها غالباً
11251,post,شركة صيانة ميكروويف بالدمام,https://www.rukn-eltatawer.com/sa/microwave-maintenance-dammam/,microwave-maintenance-dammam,1753,0,23,32,2,58,0,2026-09-06,2026-09-10,5d5ebbdd355c58aa|n=12,boilerplate_overuse,عبارات قالبية متكررة: تجهيزاً مرتباً قبل انتقال أو موسم ذروة | لا نضع رقماً ثابتاً لا يمثّل عقارك | نوضّح ما سيدخل في النطاق وما لن يدخل | حسب الجدولة اليومية، ومن الأحياء التي نصل إليها غالباً
11242,post,شركة صيانة مصاعد بالدمام,https://www.rukn-eltatawer.com/sa/elevator-maintenance-dammam/,elevator-maintenance-dammam,1696,0,23,30,2,56,0,2026-09-06,2026-09-10,a32036d25de416f1|n=12,boilerplate_overuse,عبارات قالبية متكررة: تجهيزاً مرتباً قبل انتقال أو موسم ذروة | لا نضع رقماً ثابتاً لا يمثّل عقارك | نوضّح ما سيدخل في النطاق وما لن يدخل | حسب الجدولة اليومية، ومن الأحياء التي نصل إليها غالباً
11253,post,شركة صيانة مبردات مياه بالدمام,https://www.rukn-eltatawer.com/sa/water-cooler-maintenance-dammam/,water-cooler-maintenance-dammam,1807,0,23,32,2,58,0,2026-09-06,2026-09-10,44c3c86707b1c22e|n=12,boilerplate_overuse,عبارات قالبية متكررة: تجهيزاً مرتباً قبل انتقال أو موسم ذروة | لا نضع رقماً ثابتاً لا يمثّل عقارك | نوضّح ما سيدخل في النطاق وما لن يدخل | حسب الجدولة اليومية، ومن الأحياء التي نصل إليها غالباً
11236,post,شركة صيانة مباني بالدمام,https://www.rukn-eltatawer.com/sa/building-maintenance-dammam/,building-maintenance-dammam,1741,0,23,33,2,59,0,2026-09-06,2026-09-10,323fc32c755987cb|n=12,boilerplate_overuse,عبارات قالبية متكررة: تجهيزاً مرتباً قبل انتقال أو موسم ذروة | لا نضع رقماً ثابتاً لا يمثّل عقارك | نوضّح ما سيدخل في النطاق وما لن يدخل | حسب الجدولة اليومية، ومن الأحياء التي نصل إليها غالباً
11249,post,شركة صيانة غسالات بالدمام,https://www.rukn-eltatawer.com/sa/washer-maintenance-dammam/,washer-maintenance-dammam,1746,0,23,32,2,58,0,2026-09-06,2026-09-10,35ae3a987e88e7c3|n=12,boilerplate_overuse,عبارات قالبية متكررة: تجهيزاً مرتباً قبل انتقال أو موسم ذروة | لا نضع رقماً ثابتاً لا يمثّل عقارك | نوضّح ما سيدخل في النطاق وما لن يدخل | حسب الجدولة اليومية، ومن الأحياء التي نصل إليها غالباً
11235,post,شركة صيانة عامة بالدمام,https://www.rukn-eltatawer.com/sa/general-maintenance-dammam/,general-maintenance-dammam,1703,0,23,31,2,57,0,2026-09-06,2026-09-10,a5c44929801d09d7|n=12,boilerplate_overuse,عبارات قالبية متكررة: تجهيزاً مرتباً قبل انتقال أو موسم ذروة | لا نضع رقماً ثابتاً لا يمثّل عقارك | نوضّح ما سيدخل في النطاق وما لن يدخل | حسب الجدولة اليومية، ومن الأحياء التي نصل إليها غالباً
13148,post,شركة صيانة ثلاجات وتبريد تجاري بالدمام,https://www.rukn-eltatawer.com/sa/commercial-refrigeration-maintenance-dammam/,commercial-refrigeration-maintenance-dammam,1900,0,23,33,2,59,0,2026-09-06,2026-09-10,4be71efe362a15df|n=12,boilerplate_overuse,عبارات قالبية متكررة: تجهيزاً مرتباً قبل انتقال أو موسم ذروة | لا نضع رقماً ثابتاً لا يمثّل عقارك | نوضّح ما سيدخل في النطاق وما لن يدخل | حسب الجدولة اليومية، ومن الأحياء التي نصل إليها غالباً
11248,post,شركة صيانة ثلاجات بالدمام,https://www.rukn-eltatawer.com/sa/fridge-maintenance-dammam/,fridge-maintenance-dammam,1724,0,23,30,2,56,0,2026-09-06,2026-09-10,d71cfe0c4085e4fc|n=12,boilerplate_overuse,عبارات قالبية متكررة: تجهيزاً مرتباً قبل انتقال أو موسم ذروة | لا نضع رقماً ثابتاً لا يمثّل عقارك | نوضّح ما سيدخل في النطاق وما لن يدخل | حسب الجدولة اليومية، ومن الأحياء التي نصل إليها غالباً
11246,post,شركة صيانة بوتاجازات بالدمام,https://www.rukn-eltatawer.com/sa/stove-maintenance-dammam/,stove-maintenance-dammam,1723,0,23,30,2,56,0,2026-09-06,2026-09-10,b93e0952f5563837|n=12,boilerplate_overuse,عبارات قالبية متكررة: تجهيزاً مرتباً قبل انتقال أو موسم ذروة | لا نضع رقماً ثابتاً لا يمثّل عقارك | نوضّح ما سيدخل في النطاق وما لن يدخل | حسب الجدولة اليومية، ومن الأحياء التي نصل إليها غالباً
11245,post,شركة صيانة أفران بالدمام,https://www.rukn-eltatawer.com/sa/oven-maintenance-dammam/,oven-maintenance-dammam,1754,0,23,32,2,58,0,2026-09-06,2026-09-10,e0ce8e234db7feaf|n=12,boilerplate_overuse,عبارات قالبية متكررة: تجهيزاً مرتباً قبل انتقال أو موسم ذروة | لا نضع رقماً ثابتاً لا يمثّل عقارك | نوضّح ما سيدخل في النطاق وما لن يدخل | حسب الجدولة اليومية، ومن الأحياء التي نصل إليها غالباً
11244,post,شركة صيانة أبواب أوتوماتيكية بالدمام,https://www.rukn-eltatawer.com/sa/automatic-doors-maintenance-dammam/,automatic-doors-maintenance-dammam,1748,0,23,30,2,56,0,2026-09-06,2026-09-10,54d2d07d86e87924|n=12,boilerplate_overuse,عبارات قالبية متكررة: تجهيزاً مرتباً قبل انتقال أو موسم ذروة | لا نضع رقماً ثابتاً لا يمثّل عقارك | نوضّح ما سيدخل في النطاق وما لن يدخل | حسب الجدولة اليومية، ومن الأحياء التي نصل إليها غالباً
12060,post,شركة شفط بيارات بالدمام,https://www.rukn-eltatawer.com/sa/septic-tank-emptying-dammam/,septic-tank-emptying-dammam,1733,0,23,33,2,59,0,2026-09-06,2026-09-10,d156d5bc0fb27c45|n=12,boilerplate_overuse,عبارات قالبية متكررة: تجهيزاً مرتباً قبل انتقال أو موسم ذروة | لا نضع رقماً ثابتاً لا يمثّل عقارك | نوضّح ما سيدخل في النطاق وما لن يدخل | حسب الجدولة اليومية، ومن الأحياء التي نصل إليها غالباً
12812,post,شركة شحن طرود سريعة بالدمام,https://www.rukn-eltatawer.com/sa/express-parcel-shipping-dammam/,express-parcel-shipping-dammam,1784,0,23,32,2,58,0,2026-09-06,2026-09-10,da8957b64341eb6f|n=12,boilerplate_overuse,عبارات قالبية متكررة: تجهيزاً مرتباً قبل انتقال أو موسم ذروة | لا نضع رقماً ثابتاً لا يمثّل عقارك | نوضّح ما سيدخل في النطاق وما لن يدخل | حسب الجدولة اليومية، ومن الأحياء التي نصل إليها غالباً
12804,post,شركة شحن سيارات بالدمام,https://www.rukn-eltatawer.com/sa/car-shipping-dammam/,car-shipping-dammam,1723,0,23,32,2,58,0,2026-09-06,2026-09-10,5d56c09574723d7c|n=12,boilerplate_overuse|intent_mismatch,عبارات قالبية متكررة: تجهيزاً مرتباً قبل انتقال أو موسم ذروة | لا نضع رقماً ثابتاً لا يمثّل عقارك | نوضّح ما سيدخل في النطاق وما لن يدخل | حسب الجدولة اليومية، ومن الأحياء التي نصل إليها غالباً || عنوان شحن سيارات بينما النص يعامل الخدمة كخدمة منزل/عقار || شحن سيارات يستخدم صياغة انتقال المنازل
12844,post,شركة شحن دولي جوي بالدمام,https://www.rukn-eltatawer.com/sa/air-freight-dammam/,air-freight-dammam,1782,0,23,32,2,58,0,2026-09-06,2026-09-10,f9c813ac9b3fc875|n=12,boilerplate_overuse,عبارات قالبية متكررة: تجهيزاً مرتباً قبل انتقال أو موسم ذروة | لا نضع رقماً ثابتاً لا يمثّل عقارك | نوضّح ما سيدخل في النطاق وما لن يدخل | حسب الجدولة اليومية، ومن الأحياء التي نصل إليها غالباً
12828,post,شركة شحن دولي بري بالدمام,https://www.rukn-eltatawer.com/sa/land-freight-dammam/,land-freight-dammam,1788,0,23,32,2,58,0,2026-09-06,2026-09-10,e16d2090e9299546|n=12,boilerplate_overuse,عبارات قالبية متكررة: تجهيزاً مرتباً قبل انتقال أو موسم ذروة | لا نضع رقماً ثابتاً لا يمثّل عقارك | نوضّح ما سيدخل في النطاق وما لن يدخل | حسب الجدولة اليومية، ومن الأحياء التي نصل إليها غالباً
12836,post,شركة شحن دولي بحري بالدمام,https://www.rukn-eltatawer.com/sa/sea-freight-dammam/,sea-freight-dammam,1769,0,23,30,2,56,0,2026-09-06,2026-09-10,39c9ab3a04fa2e4e|n=12,boilerplate_overuse,عبارات قالبية متكررة: تجهيزاً مرتباً قبل انتقال أو موسم ذروة | لا نضع رقماً ثابتاً لا يمثّل عقارك | نوضّح ما سيدخل في النطاق وما لن يدخل | حسب الجدولة اليومية، ومن الأحياء التي نصل إليها غالباً
12820,post,شركة شحن داخلي داخل بالدمام,https://www.rukn-eltatawer.com/sa/domestic-shipping-dammam/,domestic-shipping-dammam,1737,0,23,32,2,58,0,2026-09-06,2026-09-10,9ee36a49251b78f6|n=12,boilerplate_overuse|intent_mismatch,عبارات قالبية متكررة: تجهيزاً مرتباً قبل انتقال أو موسم ذروة | لا نضع رقماً ثابتاً لا يمثّل عقارك | نوضّح ما سيدخل في النطاق وما لن يدخل | حسب الجدولة اليومية، ومن الأحياء التي نصل إليها غالباً || عنوان شحن بينما الأسئلة تفترض شقق وفلل
12788,post,شركة شحن بضائع بالدمام,https://www.rukn-eltatawer.com/sa/cargo-shipping-dammam/,cargo-shipping-dammam,1732,0,23,32,2,58,0,2026-09-06,2026-09-10,4fca409352539635|n=12,boilerplate_overuse,عبارات قالبية متكررة: تجهيزاً مرتباً قبل انتقال أو موسم ذروة | لا نضع رقماً ثابتاً لا يمثّل عقارك | نوضّح ما سيدخل في النطاق وما لن يدخل | حسب الجدولة اليومية، ومن الأحياء التي نصل إليها غالباً
12796,post,شركة شحن أثاث بالدمام,https://www.rukn-eltatawer.com/sa/furniture-shipping-dammam/,furniture-shipping-dammam,1734,0,23,32,2,58,0,2026-09-06,2026-09-09,06a72c363b8e4f91|n=12,boilerplate_overuse|intent_mismatch,عبارات قالبية متكررة: تجهيزاً مرتباً قبل انتقال أو موسم ذروة | لا نضع رقماً ثابتاً لا يمثّل عقارك | نوضّح ما سيدخل في النطاق وما لن يدخل | حسب الجدولة اليومية، ومن الأحياء التي نصل إليها غالباً || عنوان شحن بينما الأسئلة تفترض شقق وفلل
12364,post,شركة زرع نخيل وأشجار بالدمام,https://www.rukn-eltatawer.com/sa/palm-tree-planting-dammam/,palm-tree-planting-dammam,1758,0,23,30,2,56,0,2026-09-06,2026-09-10,5b2dc47b85cab3e5|n=12,boilerplate_overuse,عبارات قالبية متكررة: تجهيزاً مرتباً قبل انتقال أو موسم ذروة | لا نضع رقماً ثابتاً لا يمثّل عقارك | نوضّح ما سيدخل في النطاق وما لن يدخل | حسب الجدولة اليومية، ومن الأحياء التي نصل إليها غالباً
12887,post,شركة ديكورات جبس بورد بأبها,https://www.rukn-eltatawer.com/sa/gypsum-board-decor-abha/,gypsum-board-decor-abha,1776,0,23,31,2,57,0,2026-09-06,2026-09-10,5d1b7d359313b0aa|n=12,boilerplate_overuse,عبارات قالبية متكررة: تجهيزاً مرتباً قبل انتقال أو موسم ذروة | لا نضع رقماً ثابتاً لا يمثّل عقارك | نوضّح ما سيدخل في النطاق وما لن يدخل | حسب الجدولة اليومية، ومن الأحياء التي نصل إليها غالباً
12943,post,شركة دهانات ديكورية وتأثيرات جدارية بأبها,https://www.rukn-eltatawer.com/sa/decorative-wall-effects-abha/,decorative-wall-effects-abha,1849,0,23,31,2,57,0,2026-09-06,2026-09-10,edca2776a0b20852|n=12,boilerplate_overuse,عبارات قالبية متكررة: تجهيزاً مرتباً قبل انتقال أو موسم ذروة | لا نضع رقماً ثابتاً لا يمثّل عقارك | نوضّح ما سيدخل في النطاق وما لن يدخل | حسب الجدولة اليومية، ومن الأحياء التي نصل إليها غالباً
12308,post,شركة دهانات داخلية بالدمام,https://www.rukn-eltatawer.com/sa/interior-painting-dammam/,interior-painting-dammam,1730,0,23,31,2,57,0,2026-09-06,2026-09-10,9bb9c2bbd95c6f44|n=12,boilerplate_overuse,عبارات قالبية متكررة: تجهيزاً مرتباً قبل انتقال أو موسم ذروة | لا نضع رقماً ثابتاً لا يمثّل عقارك | نوضّح ما سيدخل في النطاق وما لن يدخل | حسب الجدولة اليومية، ومن الأحياء التي نصل إليها غالباً
12316,post,شركة دهانات خارجية بالدمام,https://www.rukn-eltatawer.com/sa/exterior-painting-dammam/,exterior-painting-dammam,1761,0,23,33,2,59,0,2026-09-06,2026-09-10,76e4097c541a40f3|n=12,boilerplate_overuse,عبارات قالبية متكررة: تجهيزاً مرتباً قبل انتقال أو موسم ذروة | لا نضع رقماً ثابتاً لا يمثّل عقارك | نوضّح ما سيدخل في النطاق وما لن يدخل | حسب الجدولة اليومية، ومن الأحياء التي نصل إليها غالباً
12868,post,شركة دهان واجهات خارجية بالدمام,https://www.rukn-eltatawer.com/sa/exterior-facade-painting-dammam/,exterior-facade-painting-dammam,1793,0,23,31,2,57,0,2026-09-06,2026-09-10,2237392904c88253|n=12,boilerplate_overuse,عبارات قالبية متكررة: تجهيزاً مرتباً قبل انتقال أو موسم ذروة | لا نضع رقماً ثابتاً لا يمثّل عقارك | نوضّح ما سيدخل في النطاق وما لن يدخل | حسب الجدولة اليومية، ومن الأحياء التي نصل إليها غالباً
12916,post,شركة دهان مكاتب وشركات بالدمام,https://www.rukn-eltatawer.com/sa/office-painting-dammam/,office-painting-dammam,1827,0,23,33,2,59,0,2026-09-06,2026-09-10,ef3cdacf90d59945|n=12,boilerplate_overuse,عبارات قالبية متكررة: تجهيزاً مرتباً قبل انتقال أو موسم ذروة | لا نضع رقماً ثابتاً لا يمثّل عقارك | نوضّح ما سيدخل في النطاق وما لن يدخل | حسب الجدولة اليومية، ومن الأحياء التي نصل إليها غالباً
12860,post,شركة دهان فلل بالدمام,https://www.rukn-eltatawer.com/sa/villa-painting-dammam/,villa-painting-dammam,1728,0,23,31,2,57,0,2026-09-06,2026-09-10,bb95f9739a84644e|n=12,boilerplate_overuse,عبارات قالبية متكررة: تجهيزاً مرتباً قبل انتقال أو موسم ذروة | لا نضع رقماً ثابتاً لا يمثّل عقارك | نوضّح ما سيدخل في النطاق وما لن يدخل | حسب الجدولة اليومية، ومن الأحياء التي نصل إليها غالباً
12892,post,شركة دهان بويات عالية الجودة بالدمام,https://www.rukn-eltatawer.com/sa/premium-paint-finishing-dammam/,premium-paint-finishing-dammam,1893,0,23,33,2,59,0,2026-09-06,2026-09-10,184f0283fb07ffed|n=12,boilerplate_overuse,عبارات قالبية متكررة: تجهيزاً مرتباً قبل انتقال أو موسم ذروة | لا نضع رقماً ثابتاً لا يمثّل عقارك | نوضّح ما سيدخل في النطاق وما لن يدخل | حسب الجدولة اليومية، ومن الأحياء التي نصل إليها غالباً
12948,post,شركة دهان أبواب وشبابيك خشبية بالدمام,https://www.rukn-eltatawer.com/sa/wood-doors-windows-painting-dammam/,wood-doors-windows-painting-dammam,1872,0,23,33,2,59,0,2026-09-06,2026-09-10,8ca4162220996317|n=12,boilerplate_overuse,عبارات قالبية متكررة: تجهيزاً مرتباً قبل انتقال أو موسم ذروة | لا نضع رقماً ثابتاً لا يمثّل عقارك | نوضّح ما سيدخل في النطاق وما لن يدخل | حسب الجدولة اليومية، ومن الأحياء التي نصل إليها غالباً
10984,post,شركة تنظيف وصيانة دكتات المكيفات بالدمام,https://www.rukn-eltatawer.com/sa/duct-cleaning-dammam/,duct-cleaning-dammam,1857,0,23,31,2,57,0,2026-09-06,2026-09-10,c2b135d5dc57c209|n=12,boilerplate_overuse|intent_mismatch,عبارات قالبية متكررة: تجهيزاً مرتباً قبل انتقال أو موسم ذروة | لا نضع رقماً ثابتاً لا يمثّل عقارك | نوضّح ما سيدخل في النطاق وما لن يدخل | حسب الجدولة اليومية، ومن الأحياء التي نصل إليها غالباً || عنوان عن تكييف بينما النص/الأسئلة تتحدث عن تنظيف منازل أو رخام وخشب
10980,post,شركة تنظيف واجهات زجاجية بالدمام,https://www.rukn-eltatawer.com/sa/glass-facade-cleaning-dammam/,glass-facade-cleaning-dammam,1770,0,23,30,2,56,0,2026-09-06,2026-09-10,b9abcbe9c02d79df|n=12,boilerplate_overuse,عبارات قالبية متكررة: تجهيزاً مرتباً قبل انتقال أو موسم ذروة | لا نضع رقماً ثابتاً لا يمثّل عقارك | نوضّح ما سيدخل في النطاق وما لن يدخل | حسب الجدولة اليومية، ومن الأحياء التي نصل إليها غالباً
10981,post,شركة تنظيف واجهات حجرية بالدمام,https://www.rukn-eltatawer.com/sa/stone-facade-cleaning-dammam/,stone-facade-cleaning-dammam,1805,0,23,32,2,58,0,2026-09-06,2026-09-10,b60e546d5347e244|n=12,boilerplate_overuse,عبارات قالبية متكررة: تجهيزاً مرتباً قبل انتقال أو موسم ذروة | لا نضع رقماً ثابتاً لا يمثّل عقارك | نوضّح ما سيدخل في النطاق وما لن يدخل | حسب الجدولة اليومية، ومن الأحياء التي نصل إليها غالباً
10975,post,شركة تنظيف موكيت بالدمام,https://www.rukn-eltatawer.com/sa/moquette-cleaning-dammam/,moquette-cleaning-dammam,1719,0,23,31,2,57,0,2026-09-06,2026-09-10,5b524faa0564c9a8|n=12,boilerplate_overuse,عبارات قالبية متكررة: تجهيزاً مرتباً قبل انتقال أو موسم ذروة | لا نضع رقماً ثابتاً لا يمثّل عقارك | نوضّح ما سيدخل في النطاق وما لن يدخل | حسب الجدولة اليومية، ومن الأحياء التي نصل إليها غالباً
10964,post,شركة تنظيف مكاتب بالدمام,https://www.rukn-eltatawer.com/sa/office-cleaning-dammam/,office-cleaning-dammam,1737,0,23,31,2,57,0,2026-09-06,2026-09-10,aaabaa9940d10fd4|n=12,boilerplate_overuse,عبارات قالبية متكررة: تجهيزاً مرتباً قبل انتقال أو موسم ذروة | لا نضع رقماً ثابتاً لا يمثّل عقارك | نوضّح ما سيدخل في النطاق وما لن يدخل | حسب الجدولة اليومية، ومن الأحياء التي نصل إليها غالباً
10970,post,شركة تنظيف مطابخ بالدمام,https://www.rukn-eltatawer.com/sa/kitchen-cleaning-dammam/,kitchen-cleaning-dammam,1755,0,23,33,2,59,0,2026-09-06,2026-09-10,2caec51dae1f272e|n=12,boilerplate_overuse,عبارات قالبية متكررة: تجهيزاً مرتباً قبل انتقال أو موسم ذروة | لا نضع رقماً ثابتاً لا يمثّل عقارك | نوضّح ما سيدخل في النطاق وما لن يدخل | حسب الجدولة اليومية، ومن الأحياء التي نصل إليها غالباً
10967,post,شركة تنظيف مستشفيات وعيادات بالدمام,https://www.rukn-eltatawer.com/sa/hospital-clinic-cleaning-dammam/,hospital-clinic-cleaning-dammam,1819,0,23,33,2,59,0,2026-09-06,2026-09-10,11420e654e1db8f4|n=12,boilerplate_overuse,عبارات قالبية متكررة: تجهيزاً مرتباً قبل انتقال أو موسم ذروة | لا نضع رقماً ثابتاً لا يمثّل عقارك | نوضّح ما سيدخل في النطاق وما لن يدخل | حسب الجدولة اليومية، ومن الأحياء التي نصل إليها غالباً
10978,post,شركة تنظيف مراتب بالدمام,https://www.rukn-eltatawer.com/sa/mattress-cleaning-dammam/,mattress-cleaning-dammam,1758,0,23,33,2,59,0,2026-09-06,2026-09-10,95cbe693d8987d3e|n=12,boilerplate_overuse,عبارات قالبية متكررة: تجهيزاً مرتباً قبل انتقال أو موسم ذروة | لا نضع رقماً ثابتاً لا يمثّل عقارك | نوضّح ما سيدخل في النطاق وما لن يدخل | حسب الجدولة اليومية، ومن الأحياء التي نصل إليها غالباً
10966,post,شركة تنظيف مدارس وحضانات بالدمام,https://www.rukn-eltatawer.com/sa/school-nursery-cleaning-dammam/,school-nursery-cleaning-dammam,1783,0,23,31,2,57,0,2026-09-06,2026-09-10,aa34b837eea2d037|n=12,boilerplate_overuse,عبارات قالبية متكررة: تجهيزاً مرتباً قبل انتقال أو موسم ذروة | لا نضع رقماً ثابتاً لا يمثّل عقارك | نوضّح ما سيدخل في النطاق وما لن يدخل | حسب الجدولة اليومية، ومن الأحياء التي نصل إليها غالباً
10968,post,شركة تنظيف محلات تجارية ومولات بالدمام,https://www.rukn-eltatawer.com/sa/mall-cleaning-dammam/,mall-cleaning-dammam,1869,0,23,33,2,59,0,2026-09-06,2026-09-10,04bacd64868a4069|n=12,boilerplate_overuse,عبارات قالبية متكررة: تجهيزاً مرتباً قبل انتقال أو موسم ذروة | لا نضع رقماً ثابتاً لا يمثّل عقارك | نوضّح ما سيدخل في النطاق وما لن يدخل | حسب الجدولة اليومية، ومن الأحياء التي نصل إليها غالباً
10965,post,شركة تنظيف مجالس بالدمام,https://www.rukn-eltatawer.com/sa/majlis-cleaning-dammam/,majlis-cleaning-dammam,1683,0,23,30,2,56,0,2026-09-06,2026-09-10,774c70d167f8f213|n=12,boilerplate_overuse,عبارات قالبية متكررة: تجهيزاً مرتباً قبل انتقال أو موسم ذروة | لا نضع رقماً ثابتاً لا يمثّل عقارك | نوضّح ما سيدخل في النطاق وما لن يدخل | حسب الجدولة اليومية، ومن الأحياء التي نصل إليها غالباً
10982,post,شركة تنظيف كراجات ومواقف سيارات بالدمام,https://www.rukn-eltatawer.com/sa/garage-cleaning-dammam/,garage-cleaning-dammam,1844,0,23,31,2,57,0,2026-09-06,2026-09-10,df34aa9365901b22|n=12,boilerplate_overuse,عبارات قالبية متكررة: تجهيزاً مرتباً قبل انتقال أو موسم ذروة | لا نضع رقماً ثابتاً لا يمثّل عقارك | نوضّح ما سيدخل في النطاق وما لن يدخل | حسب الجدولة اليومية، ومن الأحياء التي نصل إليها غالباً
10963,post,شركة تنظيف قصور بالدمام,https://www.rukn-eltatawer.com/sa/palace-cleaning-dammam/,palace-cleaning-dammam,1743,0,23,33,2,59,0,2026-09-06,2026-09-10,265247457532288e|n=12,boilerplate_overuse,عبارات قالبية متكررة: تجهيزاً مرتباً قبل انتقال أو موسم ذروة | لا نضع رقماً ثابتاً لا يمثّل عقارك | نوضّح ما سيدخل في النطاق وما لن يدخل | حسب الجدولة اليومية، ومن الأحياء التي نصل إليها غالباً
10977,post,شركة تنظيف ستائر بالدمام,https://www.rukn-eltatawer.com/sa/curtain-cleaning-dammam/,curtain-cleaning-dammam,1726,0,23,31,2,57,0,2026-09-06,2026-09-10,8d36b814be063ce7|n=12,boilerplate_overuse,عبارات قالبية متكررة: تجهيزاً مرتباً قبل انتقال أو موسم ذروة | لا نضع رقماً ثابتاً لا يمثّل عقارك | نوضّح ما سيدخل في النطاق وما لن يدخل | حسب الجدولة اليومية، ومن الأحياء التي نصل إليها غالباً
10972,post,شركة تنظيف خزانات مياه بالدمام,https://www.rukn-eltatawer.com/sa/water-tank-cleaning-dammam/,water-tank-cleaning-dammam,1815,0,23,31,2,57,0,2026-09-06,2026-09-10,d556652a7a7d71fb|n=12,boilerplate_overuse,عبارات قالبية متكررة: تجهيزاً مرتباً قبل انتقال أو موسم ذروة | لا نضع رقماً ثابتاً لا يمثّل عقارك | نوضّح ما سيدخل في النطاق وما لن يدخل | حسب الجدولة اليومية، ومن الأحياء التي نصل إليها غالباً
10973,post,شركة تنظيف خزانات ديزل بالدمام,https://www.rukn-eltatawer.com/sa/diesel-tank-cleaning-dammam/,diesel-tank-cleaning-dammam,1826,0,23,31,2,57,0,2026-09-06,2026-09-10,89b392ab323c8475|n=12,boilerplate_overuse,عبارات قالبية متكررة: تجهيزاً مرتباً قبل انتقال أو موسم ذروة | لا نضع رقماً ثابتاً لا يمثّل عقارك | نوضّح ما سيدخل في النطاق وما لن يدخل | حسب الجدولة اليومية، ومن الأحياء التي نصل إليها غالباً
10971,post,شركة تنظيف حمامات بالدمام,https://www.rukn-eltatawer.com/sa/bathroom-cleaning-dammam/,bathroom-cleaning-dammam,1754,0,23,33,2,59,0,2026-09-06,2026-09-10,f211d4b8164f51fb|n=12,boilerplate_overuse,عبارات قالبية متكررة: تجهيزاً مرتباً قبل انتقال أو موسم ذروة | لا نضع رقماً ثابتاً لا يمثّل عقارك | نوضّح ما سيدخل في النطاق وما لن يدخل | حسب الجدولة اليومية، ومن الأحياء التي نصل إليها غالباً
10985,post,شركة تنظيف المداخن والشفاطات بالدمام,https://www.rukn-eltatawer.com/sa/chimney-cleaning-dammam/,chimney-cleaning-dammam,1783,0,23,31,2,57,0,2026-09-06,2026-09-10,aa34b837eea2d037|n=12,boilerplate_overuse,عبارات قالبية متكررة: تجهيزاً مرتباً قبل انتقال أو موسم ذروة | لا نضع رقماً ثابتاً لا يمثّل عقارك | نوضّح ما سيدخل في النطاق وما لن يدخل | حسب الجدولة اليومية، ومن الأحياء التي نصل إليها غالباً
12492,post,شركة تغليف أثاث احترافي بالدمام,https://www.rukn-eltatawer.com/sa/furniture-packaging-dammam/,furniture-packaging-dammam,1778,0,23,31,2,57,0,2026-09-06,2026-09-09,881b7d6036429900|n=12,boilerplate_overuse,عبارات قالبية متكررة: تجهيزاً مرتباً قبل انتقال أو موسم ذروة | لا نضع رقماً ثابتاً لا يمثّل عقارك | نوضّح ما سيدخل في النطاق وما لن يدخل | حسب الجدولة اليومية، ومن الأحياء التي نصل إليها غالباً
12327,post,شركة تصميم وتنفيذ ديكورات بأبها,https://www.rukn-eltatawer.com/sa/decor-design-abha/,decor-design-abha,1780,0,23,32,2,58,0,2026-09-06,2026-09-10,80912bf1dfc36faf|n=12,boilerplate_overuse,عبارات قالبية متكررة: تجهيزاً مرتباً قبل انتقال أو موسم ذروة | لا نضع رقماً ثابتاً لا يمثّل عقارك | نوضّح ما سيدخل في النطاق وما لن يدخل | حسب الجدولة اليومية، ومن الأحياء التي نصل إليها غالباً
12908,post,شركة تشطيب ودهان فلل جديدة بالدمام,https://www.rukn-eltatawer.com/sa/new-villa-finishing-painting-dammam/,new-villa-finishing-painting-dammam,1865,0,23,33,2,59,0,2026-09-06,2026-09-10,8bae02fc2527a6dc|n=12,boilerplate_overuse,عبارات قالبية متكررة: تجهيزاً مرتباً قبل انتقال أو موسم ذروة | لا نضع رقماً ثابتاً لا يمثّل عقارك | نوضّح ما سيدخل في النطاق وما لن يدخل | حسب الجدولة اليومية، ومن الأحياء التي نصل إليها غالباً
12028,post,شركة ترميم وصيانة مباني بالدمام,https://www.rukn-eltatawer.com/sa/building-renovation-dammam/,building-renovation-dammam,1766,0,23,31,2,57,0,2026-09-06,2026-09-10,8563efc1cbbbad71|n=12,boilerplate_overuse,عبارات قالبية متكررة: تجهيزاً مرتباً قبل انتقال أو موسم ذروة | لا نضع رقماً ثابتاً لا يمثّل عقارك | نوضّح ما سيدخل في النطاق وما لن يدخل | حسب الجدولة اليومية، ومن الأحياء التي نصل إليها غالباً
12036,post,شركة ترميم منازل قديمة بالدمام,https://www.rukn-eltatawer.com/sa/old-house-renovation-dammam/,old-house-renovation-dammam,1801,0,23,33,2,59,0,2026-09-06,2026-09-10,317b49a69f763f03|n=12,boilerplate_overuse,عبارات قالبية متكررة: تجهيزاً مرتباً قبل انتقال أو موسم ذروة | لا نضع رقماً ثابتاً لا يمثّل عقارك | نوضّح ما سيدخل في النطاق وما لن يدخل | حسب الجدولة اليومية، ومن الأحياء التي نصل إليها غالباً
12020,post,شركة ترميم مطابخ بالدمام,https://www.rukn-eltatawer.com/sa/kitchen-renovation-dammam/,kitchen-renovation-dammam,1720,0,23,33,2,59,0,2026-09-06,2026-09-10,83b7612b77d8ff01|n=12,boilerplate_overuse,عبارات قالبية متكررة: تجهيزاً مرتباً قبل انتقال أو موسم ذروة | لا نضع رقماً ثابتاً لا يمثّل عقارك | نوضّح ما سيدخل في النطاق وما لن يدخل | حسب الجدولة اليومية، ومن الأحياء التي نصل إليها غالباً
12012,post,شركة ترميم حمامات بالدمام,https://www.rukn-eltatawer.com/sa/bathroom-renovation-dammam/,bathroom-renovation-dammam,1709,0,23,31,2,57,0,2026-09-06,2026-09-10,f008cf6896896e78|n=12,boilerplate_overuse,عبارات قالبية متكررة: تجهيزاً مرتباً قبل انتقال أو موسم ذروة | لا نضع رقماً ثابتاً لا يمثّل عقارك | نوضّح ما سيدخل في النطاق وما لن يدخل | حسب الجدولة اليومية، ومن الأحياء التي نصل إليها غالباً
12500,post,شركة تركيب وفك الأثاث بالدمام,https://www.rukn-eltatawer.com/sa/furniture-assembly-dammam/,furniture-assembly-dammam,1781,0,23,31,2,57,0,2026-09-06,2026-09-09,72a40954a1e44bd0|n=12,boilerplate_overuse,عبارات قالبية متكررة: تجهيزاً مرتباً قبل انتقال أو موسم ذروة | لا نضع رقماً ثابتاً لا يمثّل عقارك | نوضّح ما سيدخل في النطاق وما لن يدخل | حسب الجدولة اليومية، ومن الأحياء التي نصل إليها غالباً
11257,post,شركة تركيب وصيانة محطات تحلية المياه بالدمام,https://www.rukn-eltatawer.com/sa/ro-plants-dammam/,ro-plants-dammam,1898,0,23,31,2,57,0,2026-09-06,2026-09-10,0813effa70e7f0da|n=12,boilerplate_overuse,عبارات قالبية متكررة: تجهيزاً مرتباً قبل انتقال أو موسم ذروة | لا نضع رقماً ثابتاً لا يمثّل عقارك | نوضّح ما سيدخل في النطاق وما لن يدخل | حسب الجدولة اليومية، ومن الأحياء التي نصل إليها غالباً
11258,post,شركة تركيب وصيانة فلاتر مياه بالدمام,https://www.rukn-eltatawer.com/sa/water-filters-dammam/,water-filters-dammam,1857,0,23,33,2,59,0,2026-09-06,2026-09-10,fedb3e701e0d2f37|n=12,boilerplate_overuse,عبارات قالبية متكررة: تجهيزاً مرتباً قبل انتقال أو موسم ذروة | لا نضع رقماً ثابتاً لا يمثّل عقارك | نوضّح ما سيدخل في النطاق وما لن يدخل | حسب الجدولة اليومية، ومن الأحياء التي نصل إليها غالباً
11255,post,شركة تركيب وصيانة شفاطات مطابخ بالدمام,https://www.rukn-eltatawer.com/sa/kitchen-hoods-dammam/,kitchen-hoods-dammam,1847,0,23,33,2,59,0,2026-09-06,2026-09-10,6c1d384c42b2ef4f|n=12,boilerplate_overuse,عبارات قالبية متكررة: تجهيزاً مرتباً قبل انتقال أو موسم ذروة | لا نضع رقماً ثابتاً لا يمثّل عقارك | نوضّح ما سيدخل في النطاق وما لن يدخل | حسب الجدولة اليومية، ومن الأحياء التي نصل إليها غالباً
11260,post,شركة تركيب وصيانة أنظمة تنقية الهواء بالدمام,https://www.rukn-eltatawer.com/sa/air-purification-dammam/,air-purification-dammam,1921,0,23,31,2,57,0,2026-09-06,2026-09-10,8e824b7d15b14456|n=12,boilerplate_overuse,عبارات قالبية متكررة: تجهيزاً مرتباً قبل انتقال أو موسم ذروة | لا نضع رقماً ثابتاً لا يمثّل عقارك | نوضّح ما سيدخل في النطاق وما لن يدخل | حسب الجدولة اليومية، ومن الأحياء التي نصل إليها غالباً
11259,post,شركة تركيب وصيانة أجهزة تبريد مياه الخزانات بالدمام,https://www.rukn-eltatawer.com/sa/tank-water-chiller-dammam/,tank-water-chiller-dammam,1998,0,23,31,2,57,0,2026-09-06,2026-09-10,7b1bbc231ede9fbe|n=12,boilerplate_overuse,عبارات قالبية متكررة: تجهيزاً مرتباً قبل انتقال أو موسم ذروة | لا نضع رقماً ثابتاً لا يمثّل عقارك | نوضّح ما سيدخل في النطاق وما لن يدخل | حسب الجدولة اليومية، ومن الأحياء التي نصل إليها غالباً
12876,post,شركة تركيب ورق حائط بالدمام,https://www.rukn-eltatawer.com/sa/wallpaper-installation-dammam/,wallpaper-installation-dammam,1773,0,23,31,2,57,0,2026-09-06,2026-09-10,e698a472602a2126|n=12,boilerplate_overuse,عبارات قالبية متكررة: تجهيزاً مرتباً قبل انتقال أو موسم ذروة | لا نضع رقماً ثابتاً لا يمثّل عقارك | نوضّح ما سيدخل في النطاق وما لن يدخل | حسب الجدولة اليومية، ومن الأحياء التي نصل إليها غالباً
12172,post,شركة تركيب ورق جدران بالدمام,https://www.rukn-eltatawer.com/sa/wallpaper-dammam/,wallpaper-dammam,1773,0,23,31,2,57,0,2026-09-06,2026-09-10,01087ea421bd40d1|n=12,boilerplate_overuse,عبارات قالبية متكررة: تجهيزاً مرتباً قبل انتقال أو موسم ذروة | لا نضع رقماً ثابتاً لا يمثّل عقارك | نوضّح ما سيدخل في النطاق وما لن يدخل | حسب الجدولة اليومية، ومن الأحياء التي نصل إليها غالباً
12452,post,شركة تركيب نوافير جدارية بالدمام,https://www.rukn-eltatawer.com/sa/wall-fountain-dammam/,wall-fountain-dammam,1780,0,23,31,2,57,0,2026-09-06,2026-09-10,a981d56b34c74f43|n=12,boilerplate_overuse,عبارات قالبية متكررة: تجهيزاً مرتباً قبل انتقال أو موسم ذروة | لا نضع رقماً ثابتاً لا يمثّل عقارك | نوضّح ما سيدخل في النطاق وما لن يدخل | حسب الجدولة اليومية، ومن الأحياء التي نصل إليها غالباً
12236,post,شركة تركيب مظلات وسواتر بالدمام,https://www.rukn-eltatawer.com/sa/shades-sails-dammam/,shades-sails-dammam,1769,0,23,32,2,58,0,2026-09-06,2026-09-10,0e7326cb93b10bf3|n=12,boilerplate_overuse,عبارات قالبية متكررة: تجهيزاً مرتباً قبل انتقال أو موسم ذروة | لا نضع رقماً ثابتاً لا يمثّل عقارك | نوضّح ما سيدخل في النطاق وما لن يدخل | حسب الجدولة اليومية، ومن الأحياء التي نصل إليها غالباً
12212,post,شركة تركيب مطابخ بالدمام,https://www.rukn-eltatawer.com/sa/kitchen-installation-dammam/,kitchen-installation-dammam,1731,0,23,33,2,59,0,2026-09-06,2026-09-10,946a347e15621548|n=12,boilerplate_overuse,عبارات قالبية متكررة: تجهيزاً مرتباً قبل انتقال أو موسم ذروة | لا نضع رقماً ثابتاً لا يمثّل عقارك | نوضّح ما سيدخل في النطاق وما لن يدخل | حسب الجدولة اليومية، ومن الأحياء التي نصل إليها غالباً
12652,post,شركة تركيب مسامير طاردة للحمام بالدمام,https://www.rukn-eltatawer.com/sa/pigeon-spikes-installation-dammam/,pigeon-spikes-installation-dammam,1827,0,23,30,2,56,0,2026-09-06,2026-09-10,aa34b837eea2d037|n=12,boilerplate_overuse,عبارات قالبية متكررة: تجهيزاً مرتباً قبل انتقال أو موسم ذروة | لا نضع رقماً ثابتاً لا يمثّل عقارك | نوضّح ما سيدخل في النطاق وما لن يدخل | حسب الجدولة اليومية، ومن الأحياء التي نصل إليها غالباً
12084,post,شركة تركيب كربستون بالدمام,https://www.rukn-eltatawer.com/sa/kerbstone-dammam/,kerbstone-dammam,1712,0,23,32,2,58,0,2026-09-06,2026-09-10,3c6c696ef1ad48ba|n=12,boilerplate_overuse,عبارات قالبية متكررة: تجهيزاً مرتباً قبل انتقال أو موسم ذروة | لا نضع رقماً ثابتاً لا يمثّل عقارك | نوضّح ما سيدخل في النطاق وما لن يدخل | حسب الجدولة اليومية، ومن الأحياء التي نصل إليها غالباً
12148,post,شركة تركيب فوم للجدران بالدمام,https://www.rukn-eltatawer.com/sa/wall-foam-dammam/,wall-foam-dammam,1880,0,23,33,2,59,0,2026-09-06,2026-09-10,69f244b1b14db911|n=12,boilerplate_overuse,عبارات قالبية متكررة: تجهيزاً مرتباً قبل انتقال أو موسم ذروة | لا نضع رقماً ثابتاً لا يمثّل عقارك | نوضّح ما سيدخل في النطاق وما لن يدخل | حسب الجدولة اليومية، ومن الأحياء التي نصل إليها غالباً
12196,post,شركة تركيب فواصل زجاجية وألومنيوم بالدمام,https://www.rukn-eltatawer.com/sa/glass-aluminium-partitions-dammam/,glass-aluminium-partitions-dammam,1820,0,23,30,2,56,0,2026-09-06,2026-09-10,208dca4a06480d1e|n=12,boilerplate_overuse,عبارات قالبية متكررة: تجهيزاً مرتباً قبل انتقال أو موسم ذروة | لا نضع رقماً ثابتاً لا يمثّل عقارك | نوضّح ما سيدخل في النطاق وما لن يدخل | حسب الجدولة اليومية، ومن الأحياء التي نصل إليها غالباً
12428,post,شركة تركيب عرائش خشبية بالدمام,https://www.rukn-eltatawer.com/sa/wooden-arbor-installation-dammam/,wooden-arbor-installation-dammam,1770,0,23,30,2,56,0,2026-09-06,2026-09-10,1683ba7c3127b715|n=12,boilerplate_overuse,عبارات قالبية متكررة: تجهيزاً مرتباً قبل انتقال أو موسم ذروة | لا نضع رقماً ثابتاً لا يمثّل عقارك | نوضّح ما سيدخل في النطاق وما لن يدخل | حسب الجدولة اليومية، ومن الأحياء التي نصل إليها غالباً
12092,post,شركة تركيب طابوق بالدمام,https://www.rukn-eltatawer.com/sa/brickwork-dammam/,brickwork-dammam,1732,0,23,32,2,58,0,2026-09-06,2026-09-10,3b0d2ab9ffa44590|n=12,boilerplate_overuse,عبارات قالبية متكررة: تجهيزاً مرتباً قبل انتقال أو موسم ذروة | لا نضع رقماً ثابتاً لا يمثّل عقارك | نوضّح ما سيدخل في النطاق وما لن يدخل | حسب الجدولة اليومية، ومن الأحياء التي نصل إليها غالباً
12444,post,شركة تركيب شلالات اصطناعية بالدمام,https://www.rukn-eltatawer.com/sa/artificial-waterfall-dammam/,artificial-waterfall-dammam,1768,0,23,31,2,57,0,2026-09-06,2026-09-10,0d559cbf0a7a1c65|n=12,boilerplate_overuse,عبارات قالبية متكررة: تجهيزاً مرتباً قبل انتقال أو موسم ذروة | لا نضع رقماً ثابتاً لا يمثّل عقارك | نوضّح ما سيدخل في النطاق وما لن يدخل | حسب الجدولة اليومية، ومن الأحياء التي نصل إليها غالباً
12380,post,شركة تركيب شبكات ري حديثة بالدمام,https://www.rukn-eltatawer.com/sa/modern-irrigation-dammam/,modern-irrigation-dammam,1841,0,23,32,2,58,0,2026-09-06,2026-09-10,27c822875ca72777|n=12,boilerplate_overuse,عبارات قالبية متكررة: تجهيزاً مرتباً قبل انتقال أو موسم ذروة | لا نضع رقماً ثابتاً لا يمثّل عقارك | نوضّح ما سيدخل في النطاق وما لن يدخل | حسب الجدولة اليومية، ومن الأحياء التي نصل إليها غالباً
12388,post,شركة تركيب شبكات ري أوتوماتيكية بالدمام,https://www.rukn-eltatawer.com/sa/automatic-irrigation-dammam/,automatic-irrigation-dammam,1819,0,23,30,2,56,0,2026-09-06,2026-09-10,39224e2b1fe6f1c2|n=12,boilerplate_overuse,عبارات قالبية متكررة: تجهيزاً مرتباً قبل انتقال أو موسم ذروة | لا نضع رقماً ثابتاً لا يمثّل عقارك | نوضّح ما سيدخل في النطاق وما لن يدخل | حسب الجدولة اليومية، ومن الأحياء التي نصل إليها غالباً
12644,post,شركة تركيب شبك طارد للحمام بالدمام,https://www.rukn-eltatawer.com/sa/pigeon-net-installation-dammam/,pigeon-net-installation-dammam,1833,0,23,30,2,56,0,2026-09-06,2026-09-10,a43fc46dd2129712|n=12,boilerplate_overuse,عبارات قالبية متكررة: تجهيزاً مرتباً قبل انتقال أو موسم ذروة | لا نضع رقماً ثابتاً لا يمثّل عقارك | نوضّح ما سيدخل في النطاق وما لن يدخل | حسب الجدولة اليومية، ومن الأحياء التي نصل إليها غالباً
12228,post,شركة تركيب شبابيك بالدمام,https://www.rukn-eltatawer.com/sa/windows-installation-dammam/,windows-installation-dammam,1714,0,23,30,2,56,0,2026-09-06,2026-09-10,e5c2834f31d99286|n=12,boilerplate_overuse,عبارات قالبية متكررة: تجهيزاً مرتباً قبل انتقال أو موسم ذروة | لا نضع رقماً ثابتاً لا يمثّل عقارك | نوضّح ما سيدخل في النطاق وما لن يدخل | حسب الجدولة اليومية، ومن الأحياء التي نصل إليها غالباً
12108,post,شركة تركيب سيراميك وبورسلين بالدمام,https://www.rukn-eltatawer.com/sa/ceramic-porcelain-dammam/,ceramic-porcelain-dammam,1760,0,23,30,2,56,0,2026-09-06,2026-09-09,5f4efc3c0c018907|n=12,boilerplate_overuse,عبارات قالبية متكررة: تجهيزاً مرتباً قبل انتقال أو موسم ذروة | لا نضع رقماً ثابتاً لا يمثّل عقارك | نوضّح ما سيدخل في النطاق وما لن يدخل | حسب الجدولة اليومية، ومن الأحياء التي نصل إليها غالباً
12180,post,شركة تركيب سجاد أرضيات بالدمام,https://www.rukn-eltatawer.com/sa/floor-carpeting-dammam/,floor-carpeting-dammam,1757,0,23,30,2,56,0,2026-09-06,2026-09-10,88df3d57aa1c2b28|n=12,boilerplate_overuse,عبارات قالبية متكررة: تجهيزاً مرتباً قبل انتقال أو موسم ذروة | لا نضع رقماً ثابتاً لا يمثّل عقارك | نوضّح ما سيدخل في النطاق وما لن يدخل | حسب الجدولة اليومية، ومن الأحياء التي نصل إليها غالباً
12204,post,شركة تركيب زجاج وألوميتال بالدمام,https://www.rukn-eltatawer.com/sa/glass-alumetal-dammam/,glass-alumetal-dammam,1766,0,23,30,2,56,0,2026-09-06,2026-09-10,41dc442d94ca5f20|n=12,boilerplate_overuse,عبارات قالبية متكررة: تجهيزاً مرتباً قبل انتقال أو موسم ذروة | لا نضع رقماً ثابتاً لا يمثّل عقارك | نوضّح ما سيدخل في النطاق وما لن يدخل | حسب الجدولة اليومية، ومن الأحياء التي نصل إليها غالباً
12140,post,شركة تركيب رخام وجرانيت بالدمام,https://www.rukn-eltatawer.com/sa/marble-granite-dammam/,marble-granite-dammam,1769,0,23,32,2,58,0,2026-09-06,2026-09-10,a473d7373bd2b0d5|n=12,boilerplate_overuse,عبارات قالبية متكررة: تجهيزاً مرتباً قبل انتقال أو موسم ذروة | لا نضع رقماً ثابتاً لا يمثّل عقارك | نوضّح ما سيدخل في النطاق وما لن يدخل | حسب الجدولة اليومية، ومن الأحياء التي نصل إليها غالباً
12132,post,شركة تركيب حجر طبيعي وصناعي بالدمام,https://www.rukn-eltatawer.com/sa/stone-dammam/,stone-dammam,1842,0,23,32,2,58,0,2026-09-06,2026-09-10,f463bdbcd77fdceb|n=12,boilerplate_overuse,عبارات قالبية متكررة: تجهيزاً مرتباً قبل انتقال أو موسم ذروة | لا نضع رقماً ثابتاً لا يمثّل عقارك | نوضّح ما سيدخل في النطاق وما لن يدخل | حسب الجدولة اليومية، ومن الأحياء التي نصل إليها غالباً
12159,post,شركة تركيب جبس بورد بأبها,https://www.rukn-eltatawer.com/sa/gypsum-board-abha/,gypsum-board-abha,1800,0,23,33,2,59,0,2026-09-06,2026-09-10,fa04c66bf6a1618b|n=12,boilerplate_overuse,عبارات قالبية متكررة: تجهيزاً مرتباً قبل انتقال أو موسم ذروة | لا نضع رقماً ثابتاً لا يمثّل عقارك | نوضّح ما سيدخل في النطاق وما لن يدخل | حسب الجدولة اليومية، ومن الأحياء التي نصل إليها غالباً
12100,post,شركة تركيب بلاستر بالدمام,https://www.rukn-eltatawer.com/sa/plastering-dammam/,plastering-dammam,1721,0,23,32,2,58,0,2026-09-06,2026-09-10,b82645876bad24b4|n=12,boilerplate_overuse,عبارات قالبية متكررة: تجهيزاً مرتباً قبل انتقال أو موسم ذروة | لا نضع رقماً ثابتاً لا يمثّل عقارك | نوضّح ما سيدخل في النطاق وما لن يدخل | حسب الجدولة اليومية، ومن الأحياء التي نصل إليها غالباً
12420,post,شركة تركيب برجولات بالدمام,https://www.rukn-eltatawer.com/sa/pergola-installation-dammam/,pergola-installation-dammam,1708,0,23,30,2,56,0,2026-09-06,2026-09-10,0887288bdcb0abf1|n=12,boilerplate_overuse,عبارات قالبية متكررة: تجهيزاً مرتباً قبل انتقال أو موسم ذروة | لا نضع رقماً ثابتاً لا يمثّل عقارك | نوضّح ما سيدخل في النطاق وما لن يدخل | حسب الجدولة اليومية، ومن الأحياء التي نصل إليها غالباً
12119,post,شركة تركيب باركيه وأرضيات خشب بأبها,https://www.rukn-eltatawer.com/sa/parquet-abha/,parquet-abha,1799,0,23,30,2,56,0,2026-09-06,2026-09-10,cb02557c9d58f4f2|n=12,boilerplate_overuse,عبارات قالبية متكررة: تجهيزاً مرتباً قبل انتقال أو موسم ذروة | لا نضع رقماً ثابتاً لا يمثّل عقارك | نوضّح ما سيدخل في النطاق وما لن يدخل | حسب الجدولة اليومية، ومن الأحياء التي نصل إليها غالباً
12076,post,شركة تركيب انترلوك بالدمام,https://www.rukn-eltatawer.com/sa/interlock-dammam/,interlock-dammam,1711,0,23,30,2,56,0,2026-09-06,2026-09-10,0d45754b79f8c0db|n=12,boilerplate_overuse,عبارات قالبية متكررة: تجهيزاً مرتباً قبل انتقال أو موسم ذروة | لا نضع رقماً ثابتاً لا يمثّل عقارك | نوضّح ما سيدخل في النطاق وما لن يدخل | حسب الجدولة اليومية، ومن الأحياء التي نصل إليها غالباً
12516,post,شركة تركيب أنظمة طاقة شمسية بالدمام,https://www.rukn-eltatawer.com/sa/solar-systems-installation-dammam/,solar-systems-installation-dammam,1851,0,23,31,2,57,0,2026-09-06,2026-09-10,510862266777b3cb|n=12,boilerplate_overuse,عبارات قالبية متكررة: تجهيزاً مرتباً قبل انتقال أو موسم ذروة | لا نضع رقماً ثابتاً لا يمثّل عقارك | نوضّح ما سيدخل في النطاق وما لن يدخل | حسب الجدولة اليومية، ومن الأحياء التي نصل إليها غالباً
12188,post,شركة تركيب أسقف مستعارة بالدمام,https://www.rukn-eltatawer.com/sa/suspended-ceiling-dammam/,suspended-ceiling-dammam,1803,0,23,31,2,57,0,2026-09-06,2026-09-10,3957b5923a3cb621|n=12,boilerplate_overuse,عبارات قالبية متكررة: تجهيزاً مرتباً قبل انتقال أو موسم ذروة | لا نضع رقماً ثابتاً لا يمثّل عقارك | نوضّح ما سيدخل في النطاق وما لن يدخل | حسب الجدولة اليومية، ومن الأحياء التي نصل إليها غالباً
12167,post,شركة تركيب أسقف جبسية / فورسيلنج بأبها,https://www.rukn-eltatawer.com/sa/false-ceiling-abha/,false-ceiling-abha,1835,0,23,31,2,57,0,2026-09-06,2026-09-10,aa34b837eea2d037|n=12,boilerplate_overuse,عبارات قالبية متكررة: تجهيزاً مرتباً قبل انتقال أو موسم ذروة | لا نضع رقماً ثابتاً لا يمثّل عقارك | نوضّح ما سيدخل في النطاق وما لن يدخل | حسب الجدولة اليومية، ومن الأحياء التي نصل إليها غالباً
12124,post,شركة تركيب أرضيات فينيل بالدمام,https://www.rukn-eltatawer.com/sa/vinyl-flooring-dammam/,vinyl-flooring-dammam,1753,0,23,32,2,58,0,2026-09-06,2026-09-10,d5f521e1289b63e3|n=12,boilerplate_overuse,عبارات قالبية متكررة: تجهيزاً مرتباً قبل انتقال أو موسم ذروة | لا نضع رقماً ثابتاً لا يمثّل عقارك | نوضّح ما سيدخل في النطاق وما لن يدخل | حسب الجدولة اليومية، ومن الأحياء التي نصل إليها غالباً
13036,post,شركة تركيب أدوات صحية بالدمام,https://www.rukn-eltatawer.com/sa/sanitary-fixtures-installation-dammam/,sanitary-fixtures-installation-dammam,1816,0,23,33,2,59,0,2026-09-06,2026-09-10,f8d0c8af805482d8|n=12,boilerplate_overuse,عبارات قالبية متكررة: تجهيزاً مرتباً قبل انتقال أو موسم ذروة | لا نضع رقماً ثابتاً لا يمثّل عقارك | نوضّح ما سيدخل في النطاق وما لن يدخل | حسب الجدولة اليومية، ومن الأحياء التي نصل إليها غالباً
12660,post,شركة تركيب أجهزة صوتية لطرد الطيور بالدمام,https://www.rukn-eltatawer.com/sa/bird-sound-device-dammam/,bird-sound-device-dammam,1893,0,23,30,2,56,0,2026-09-06,2026-09-10,23b809b4db102419|n=12,boilerplate_overuse,عبارات قالبية متكررة: تجهيزاً مرتباً قبل انتقال أو موسم ذروة | لا نضع رقماً ثابتاً لا يمثّل عقارك | نوضّح ما سيدخل في النطاق وما لن يدخل | حسب الجدولة اليومية، ومن الأحياء التي نصل إليها غالباً
12220,post,شركة تركيب أبواب بالدمام,https://www.rukn-eltatawer.com/sa/doors-installation-dammam/,doors-installation-dammam,1701,0,23,30,2,56,0,2026-09-06,2026-09-10,fdf0603d213bdc76|n=12,boilerplate_overuse,عبارات قالبية متكررة: تجهيزاً مرتباً قبل انتقال أو موسم ذروة | لا نضع رقماً ثابتاً لا يمثّل عقارك | نوضّح ما سيدخل في النطاق وما لن يدخل | حسب الجدولة اليومية، ومن الأحياء التي نصل إليها غالباً
12508,post,شركة تخزين أثاث بالدمام,https://www.rukn-eltatawer.com/sa/furniture-storage-dammam/,furniture-storage-dammam,1728,0,23,31,2,57,0,2026-09-06,2026-09-09,afde07a6bfa5c2af|n=12,boilerplate_overuse,عبارات قالبية متكررة: تجهيزاً مرتباً قبل انتقال أو موسم ذروة | لا نضع رقماً ثابتاً لا يمثّل عقارك | نوضّح ما سيدخل في النطاق وما لن يدخل | حسب الجدولة اليومية، ومن الأحياء التي نصل إليها غالباً
11395,post,شركة تبطين وصيانة خزانات مياه بالدمام,https://www.rukn-eltatawer.com/sa/tank-lining-maintenance-dammam/,tank-lining-maintenance-dammam,1893,0,23,33,2,59,0,2026-09-06,2026-09-10,dc535e693699392e|n=12,boilerplate_overuse,عبارات قالبية متكررة: تجهيزاً مرتباً قبل انتقال أو موسم ذروة | لا نضع رقماً ثابتاً لا يمثّل عقارك | نوضّح ما سيدخل في النطاق وما لن يدخل | حسب الجدولة اليومية، ومن الأحياء التي نصل إليها غالباً
12260,post,شركة بناء ملاحق بالدمام,https://www.rukn-eltatawer.com/sa/annex-building-dammam/,annex-building-dammam,1708,0,23,30,2,56,0,2026-09-06,2026-09-10,76aa1e2c752ad445|n=12,boilerplate_overuse,عبارات قالبية متكررة: تجهيزاً مرتباً قبل انتقال أو موسم ذروة | لا نضع رقماً ثابتاً لا يمثّل عقارك | نوضّح ما سيدخل في النطاق وما لن يدخل | حسب الجدولة اليومية، ومن الأحياء التي نصل إليها غالباً
12284,post,شركة بناء مطابخ خارجية بالدمام,https://www.rukn-eltatawer.com/sa/outdoor-kitchens-dammam/,outdoor-kitchens-dammam,1782,0,23,33,2,59,0,2026-09-06,2026-09-10,b42c55ab167feabc|n=12,boilerplate_overuse,عبارات قالبية متكررة: تجهيزاً مرتباً قبل انتقال أو موسم ذروة | لا نضع رقماً ثابتاً لا يمثّل عقارك | نوضّح ما سيدخل في النطاق وما لن يدخل | حسب الجدولة اليومية، ومن الأحياء التي نصل إليها غالباً
12292,post,شركة بناء مجالس خارجية بالدمام,https://www.rukn-eltatawer.com/sa/outdoor-majlis-dammam/,outdoor-majlis-dammam,1759,0,23,32,2,58,0,2026-09-06,2026-09-10,cbc3b2433a60c728|n=12,boilerplate_overuse,عبارات قالبية متكررة: تجهيزاً مرتباً قبل انتقال أو موسم ذروة | لا نضع رقماً ثابتاً لا يمثّل عقارك | نوضّح ما سيدخل في النطاق وما لن يدخل | حسب الجدولة اليومية، ومن الأحياء التي نصل إليها غالباً
12276,post,شركة بناء حمامات خارجية بالدمام,https://www.rukn-eltatawer.com/sa/outdoor-bathrooms-dammam/,outdoor-bathrooms-dammam,1789,0,23,30,2,56,0,2026-09-06,2026-09-10,753665909704ac7b|n=12,boilerplate_overuse,عبارات قالبية متكررة: تجهيزاً مرتباً قبل انتقال أو موسم ذروة | لا نضع رقماً ثابتاً لا يمثّل عقارك | نوضّح ما سيدخل في النطاق وما لن يدخل | حسب الجدولة اليومية، ومن الأحياء التي نصل إليها غالباً
12268,post,شركة بناء استراحات بالدمام,https://www.rukn-eltatawer.com/sa/majlis-building-dammam/,majlis-building-dammam,1713,0,23,30,2,56,0,2026-09-06,2026-09-10,59f2257ba2eb1a8d|n=12,boilerplate_overuse,عبارات قالبية متكررة: تجهيزاً مرتباً قبل انتقال أو موسم ذروة | لا نضع رقماً ثابتاً لا يمثّل عقارك | نوضّح ما سيدخل في النطاق وما لن يدخل | حسب الجدولة اليومية، ومن الأحياء التي نصل إليها غالباً
12300,post,شركة بناء أسوار طابوق بالدمام,https://www.rukn-eltatawer.com/sa/block-fences-dammam/,block-fences-dammam,1766,0,23,30,2,56,0,2026-09-06,2026-09-10,aa34b837eea2d037|n=12,boilerplate_overuse,عبارات قالبية متكررة: تجهيزاً مرتباً قبل انتقال أو موسم ذروة | لا نضع رقماً ثابتاً لا يمثّل عقارك | نوضّح ما سيدخل في النطاق وما لن يدخل | حسب الجدولة اليومية، ومن الأحياء التي نصل إليها غالباً
12436,post,شركة إنشاء ممرات حجرية بالدمام,https://www.rukn-eltatawer.com/sa/stone-pathway-dammam/,stone-pathway-dammam,1768,0,23,32,2,58,0,2026-09-06,2026-09-10,04145549da01d869|n=12,boilerplate_overuse,عبارات قالبية متكررة: تجهيزاً مرتباً قبل انتقال أو موسم ذروة | لا نضع رقماً ثابتاً لا يمثّل عقارك | نوضّح ما سيدخل في النطاق وما لن يدخل | حسب الجدولة اليومية، ومن الأحياء التي نصل إليها غالباً
12052,post,شركة إصلاح تشققات الأسقف والجدران بالدمام,https://www.rukn-eltatawer.com/sa/crack-repair-dammam/,crack-repair-dammam,1847,0,23,32,2,58,0,2026-09-06,2026-09-10,04145549da01d869|n=12,boilerplate_overuse,عبارات قالبية متكررة: تجهيزاً مرتباً قبل انتقال أو موسم ذروة | لا نضع رقماً ثابتاً لا يمثّل عقارك | نوضّح ما سيدخل في النطاق وما لن يدخل | حسب الجدولة اليومية، ومن الأحياء التي نصل إليها غالباً
12924,post,شركة إزالة دهان قديم وتحضير أسطح بالدمام,https://www.rukn-eltatawer.com/sa/paint-removal-surface-prep-dammam/,paint-removal-surface-prep-dammam,1956,0,23,33,2,59,0,2026-09-06,2026-09-10,e6acc3d1903bf43e|n=12,boilerplate_overuse,عبارات قالبية متكررة: تجهيزاً مرتباً قبل انتقال أو موسم ذروة | لا نضع رقماً ثابتاً لا يمثّل عقارك | نوضّح ما سيدخل في النطاق وما لن يدخل | حسب الجدولة اليومية، ومن الأحياء التي نصل إليها غالباً
12715,post,حداد أبواب ونوافذ بالمدينة المنورة,https://www.rukn-eltatawer.com/sa/blacksmith-doors-windows-medina/,blacksmith-doors-windows-medina,1848,0,23,32,2,58,0,2026-09-06,2026-09-10,c9115645f71cd550|n=12,boilerplate_overuse,عبارات قالبية متكررة: تجهيزاً مرتباً قبل انتقال أو موسم ذروة | لا نضع رقماً ثابتاً لا يمثّل عقارك | نوضّح ما سيدخل في النطاق وما لن يدخل | حسب الجدولة اليومية، ومن الأحياء التي نصل إليها غالباً
12706,post,نجار أثاث بمكة المكرمة,https://www.rukn-eltatawer.com/sa/carpenter-mecca/,carpenter-mecca,1789,0,23,32,2,58,0,2026-09-06,2026-09-10,bf3cd5079bd68180|n=12,boilerplate_overuse,عبارات قالبية متكررة: تجهيزاً مرتباً قبل انتقال أو موسم ذروة | لا نضع رقماً ثابتاً لا يمثّل عقارك | نوضّح ما سيدخل في النطاق وما لن يدخل | حسب الجدولة اليومية، ومن الأحياء التي نصل إليها غالباً
12767,post,فني تركيب كاميرات مراقبة بأبها,https://www.rukn-eltatawer.com/sa/cctv-tech-abha/,cctv-tech-abha,1793,0,23,32,2,58,0,2026-09-06,2026-09-10,3b1a9c1101d05893|n=12,boilerplate_overuse,عبارات قالبية متكررة: تجهيزاً مرتباً قبل انتقال أو موسم ذروة | لا نضع رقماً ثابتاً لا يمثّل عقارك | نوضّح ما سيدخل في النطاق وما لن يدخل | حسب الجدولة اليومية، ومن الأحياء التي نصل إليها غالباً
12738,post,فني تركيب دش بمكة المكرمة,https://www.rukn-eltatawer.com/sa/sat-dish-tech-mecca/,sat-dish-tech-mecca,1779,0,23,32,2,58,0,2026-09-06,2026-09-10,04145549da01d869|n=12,boilerplate_overuse,عبارات قالبية متكررة: تجهيزاً مرتباً قبل انتقال أو موسم ذروة | لا نضع رقماً ثابتاً لا يمثّل عقارك | نوضّح ما سيدخل في النطاق وما لن يدخل | حسب الجدولة اليومية، ومن الأحياء التي نصل إليها غالباً
12746,post,فني تركيب أقمار صناعية بمكة المكرمة,https://www.rukn-eltatawer.com/sa/satellite-tech-mecca/,satellite-tech-mecca,1829,0,23,30,2,56,0,2026-09-06,2026-09-10,86189aa8071fd909|n=12,boilerplate_overuse,عبارات قالبية متكررة: تجهيزاً مرتباً قبل انتقال أو موسم ذروة | لا نضع رقماً ثابتاً لا يمثّل عقارك | نوضّح ما سيدخل في النطاق وما لن يدخل | حسب الجدولة اليومية، ومن الأحياء التي نصل إليها غالباً
12770,post,فني أنظمة صوت منزلية بمكة المكرمة,https://www.rukn-eltatawer.com/sa/home-audio-tech-mecca/,home-audio-tech-mecca,1852,0,23,32,2,58,0,2026-09-06,2026-09-10,cf05f29a51dacbb3|n=12,boilerplate_overuse,عبارات قالبية متكررة: تجهيزاً مرتباً قبل انتقال أو موسم ذروة | لا نضع رقماً ثابتاً لا يمثّل عقارك | نوضّح ما سيدخل في النطاق وما لن يدخل | حسب الجدولة اليومية، ومن الأحياء التي نصل إليها غالباً
12722,post,عامل دهانات بمكة المكرمة,https://www.rukn-eltatawer.com/sa/painter-mecca/,painter-mecca,1800,0,23,31,2,57,0,2026-09-06,2026-09-10,751578f0f15aea64|n=12,boilerplate_overuse,عبارات قالبية متكررة: تجهيزاً مرتباً قبل انتقال أو موسم ذروة | لا نضع رقماً ثابتاً لا يمثّل عقارك | نوضّح ما سيدخل في النطاق وما لن يدخل | حسب الجدولة اليومية، ومن الأحياء التي نصل إليها غالباً
13115,post,شركة نقل وتركيب مكيفات بالمدينة المنورة,https://www.rukn-eltatawer.com/sa/ac-relocation-installation-medina/,ac-relocation-installation-medina,1920,0,23,33,2,59,0,2026-09-06,2026-09-10,02ca78a99598a675|n=12,boilerplate_overuse,عبارات قالبية متكررة: تجهيزاً مرتباً قبل انتقال أو موسم ذروة | لا نضع رقماً ثابتاً لا يمثّل عقارك | نوضّح ما سيدخل في النطاق وما لن يدخل | حسب الجدولة اليومية، ومن الأحياء التي نصل إليها غالباً
12483,post,شركة نقل بيانو بالمدينة المنورة,https://www.rukn-eltatawer.com/sa/piano-moving-medina/,piano-moving-medina,1792,0,23,30,2,56,0,2026-09-06,2026-09-10,465ccc5d71654c13|n=12,boilerplate_overuse,عبارات قالبية متكررة: تجهيزاً مرتباً قبل انتقال أو موسم ذروة | لا نضع رقماً ثابتاً لا يمثّل عقارك | نوضّح ما سيدخل في النطاق وما لن يدخل | حسب الجدولة اليومية، ومن الأحياء التي نصل إليها غالباً
12579,post,شركة مكافحة بق الفراش بالمدينة المنورة,https://www.rukn-eltatawer.com/sa/bed-bug-control-medina/,bed-bug-control-medina,1884,0,23,30,2,56,0,2026-09-06,2026-09-10,aa34b837eea2d037|n=12,boilerplate_overuse,عبارات قالبية متكررة: تجهيزاً مرتباً قبل انتقال أو موسم ذروة | لا نضع رقماً ثابتاً لا يمثّل عقارك | نوضّح ما سيدخل في النطاق وما لن يدخل | حسب الجدولة اليومية، ومن الأحياء التي نصل إليها غالباً
12619,post,شركة مكافحة الوزغ (البرص) بالمدينة المنورة,https://www.rukn-eltatawer.com/sa/lizard-control-medina/,lizard-control-medina,1895,0,23,32,2,58,0,2026-09-06,2026-09-10,7e701613b122ab0d|n=12,boilerplate_overuse,عبارات قالبية متكررة: تجهيزاً مرتباً قبل انتقال أو موسم ذروة | لا نضع رقماً ثابتاً لا يمثّل عقارك | نوضّح ما سيدخل في النطاق وما لن يدخل | حسب الجدولة اليومية، ومن الأحياء التي نصل إليها غالباً
12587,post,شركة مكافحة الفئران والقوارض بالمدينة المنورة,https://www.rukn-eltatawer.com/sa/rodent-control-medina/,rodent-control-medina,1909,0,23,33,2,59,0,2026-09-06,2026-09-10,208febbd93cf8c8a|n=12,boilerplate_overuse,عبارات قالبية متكررة: تجهيزاً مرتباً قبل انتقال أو موسم ذروة | لا نضع رقماً ثابتاً لا يمثّل عقارك | نوضّح ما سيدخل في النطاق وما لن يدخل | حسب الجدولة اليومية، ومن الأحياء التي نصل إليها غالباً
12603,post,شركة مكافحة العقارب بالمدينة المنورة,https://www.rukn-eltatawer.com/sa/scorpion-control-medina/,scorpion-control-medina,1799,0,23,32,2,58,0,2026-09-06,2026-09-10,708ea6b87c3d8598|n=12,boilerplate_overuse,عبارات قالبية متكررة: تجهيزاً مرتباً قبل انتقال أو موسم ذروة | لا نضع رقماً ثابتاً لا يمثّل عقارك | نوضّح ما سيدخل في النطاق وما لن يدخل | حسب الجدولة اليومية، ومن الأحياء التي نصل إليها غالباً
12627,post,شركة مكافحة الطيور بالمدينة المنورة,https://www.rukn-eltatawer.com/sa/bird-control-medina/,bird-control-medina,1798,0,23,30,2,56,0,2026-09-06,2026-09-10,aa34b837eea2d037|n=12,boilerplate_overuse,عبارات قالبية متكررة: تجهيزاً مرتباً قبل انتقال أو موسم ذروة | لا نضع رقماً ثابتاً لا يمثّل عقارك | نوضّح ما سيدخل في النطاق وما لن يدخل | حسب الجدولة اليومية، ومن الأحياء التي نصل إليها غالباً
12547,post,شركة مكافحة الحشرات الطائرة بالمدينة المنورة,https://www.rukn-eltatawer.com/sa/flying-pest-control-medina/,flying-pest-control-medina,1842,0,23,30,2,56,0,2026-09-06,2026-09-10,b481d4aba64c12c2|n=12,boilerplate_overuse,عبارات قالبية متكررة: تجهيزاً مرتباً قبل انتقال أو موسم ذروة | لا نضع رقماً ثابتاً لا يمثّل عقارك | نوضّح ما سيدخل في النطاق وما لن يدخل | حسب الجدولة اليومية، ومن الأحياء التي نصل إليها غالباً
12539,post,شركة مكافحة الحشرات الزاحفة بالمدينة المنورة,https://www.rukn-eltatawer.com/sa/crawling-pest-control-medina/,crawling-pest-control-medina,1910,0,23,33,2,59,0,2026-09-06,2026-09-10,90dadc5900e811d0|n=12,boilerplate_overuse,عبارات قالبية متكررة: تجهيزاً مرتباً قبل انتقال أو موسم ذروة | لا نضع رقماً ثابتاً لا يمثّل عقارك | نوضّح ما سيدخل في النطاق وما لن يدخل | حسب الجدولة اليومية، ومن الأحياء التي نصل إليها غالباً
12635,post,شركة مكافحة البعوض والذباب بالمدينة المنورة,https://www.rukn-eltatawer.com/sa/mosquito-fly-control-medina/,mosquito-fly-control-medina,1848,0,23,32,2,58,0,2026-09-06,2026-09-10,17518eb921d5f937|n=12,boilerplate_overuse,عبارات قالبية متكررة: تجهيزاً مرتباً قبل انتقال أو موسم ذروة | لا نضع رقماً ثابتاً لا يمثّل عقارك | نوضّح ما سيدخل في النطاق وما لن يدخل | حسب الجدولة اليومية، ومن الأحياء التي نصل إليها غالباً
12611,post,شركة مكافحة البراغيث بالمدينة المنورة,https://www.rukn-eltatawer.com/sa/flea-control-medina/,flea-control-medina,1821,0,23,32,2,58,0,2026-09-06,2026-09-10,441aef9d030828f7|n=12,boilerplate_overuse,عبارات قالبية متكررة: تجهيزاً مرتباً قبل انتقال أو موسم ذروة | لا نضع رقماً ثابتاً لا يمثّل عقارك | نوضّح ما سيدخل في النطاق وما لن يدخل | حسب الجدولة اليومية، ومن الأحياء التي نصل إليها غالباً
12595,post,شركة مكافحة الأفاعي بالمدينة المنورة,https://www.rukn-eltatawer.com/sa/snake-control-medina/,snake-control-medina,1778,0,23,30,2,56,0,2026-09-06,2026-09-10,4396e9114867b62d|n=12,boilerplate_overuse,عبارات قالبية متكررة: تجهيزاً مرتباً قبل انتقال أو موسم ذروة | لا نضع رقماً ثابتاً لا يمثّل عقارك | نوضّح ما سيدخل في النطاق وما لن يدخل | حسب الجدولة اليومية، ومن الأحياء التي نصل إليها غالباً
12779,post,شركة مكاتب الشحن بالمدينة المنورة,https://www.rukn-eltatawer.com/sa/shipping-offices-medina/,shipping-offices-medina,1798,0,23,30,2,56,0,2026-09-06,2026-09-10,4b83026b906a4985|n=12,boilerplate_overuse,عبارات قالبية متكررة: تجهيزاً مرتباً قبل انتقال أو موسم ذروة | لا نضع رقماً ثابتاً لا يمثّل عقارك | نوضّح ما سيدخل في النطاق وما لن يدخل | حسب الجدولة اليومية، ومن الأحياء التي نصل إليها غالباً
11383,post,شركة معالجة الرطوبة والعفن بالمدينة المنورة,https://www.rukn-eltatawer.com/sa/humidity-treatment-medina/,humidity-treatment-medina,1877,0,23,31,2,57,0,2026-09-06,2026-09-10,53ab13175d1f895d|n=12,boilerplate_overuse,عبارات قالبية متكررة: تجهيزاً مرتباً قبل انتقال أو موسم ذروة | لا نضع رقماً ثابتاً لا يمثّل عقارك | نوضّح ما سيدخل في النطاق وما لن يدخل | حسب الجدولة اليومية، ومن الأحياء التي نصل إليها غالباً
13139,post,شركة كشف أعطال تبريد بالمدينة المنورة,https://www.rukn-eltatawer.com/sa/cooling-fault-detection-medina/,cooling-fault-detection-medina,1900,0,23,33,2,59,0,2026-09-06,2026-09-10,04145549da01d869|n=12,boilerplate_overuse,عبارات قالبية متكررة: تجهيزاً مرتباً قبل انتقال أو موسم ذروة | لا نضع رقماً ثابتاً لا يمثّل عقارك | نوضّح ما سيدخل في النطاق وما لن يدخل | حسب الجدولة اليومية، ومن الأحياء التي نصل إليها غالباً
12043,post,شركة فحص فلل ومباني قبل الشراء بالمدينة المنورة,https://www.rukn-eltatawer.com/sa/villa-inspection-medina/,villa-inspection-medina,2027,0,23,33,2,59,0,2026-09-06,2026-09-10,43041135041824f5|n=12,boilerplate_overuse,عبارات قالبية متكررة: تجهيزاً مرتباً قبل انتقال أو موسم ذروة | لا نضع رقماً ثابتاً لا يمثّل عقارك | نوضّح ما سيدخل في النطاق وما لن يدخل | حسب الجدولة اليومية، ومن الأحياء التي نصل إليها غالباً
11379,post,شركة عزل مطابخ بالمدينة المنورة,https://www.rukn-eltatawer.com/sa/kitchen-insulation-medina/,kitchen-insulation-medina,1826,0,23,33,2,59,0,2026-09-06,2026-09-10,2f69231db57e9436|n=12,boilerplate_overuse,عبارات قالبية متكررة: تجهيزاً مرتباً قبل انتقال أو موسم ذروة | لا نضع رقماً ثابتاً لا يمثّل عقارك | نوضّح ما سيدخل في النطاق وما لن يدخل | حسب الجدولة اليومية، ومن الأحياء التي نصل إليها غالباً
11381,post,شركة عزل مائي بالمدينة المنورة,https://www.rukn-eltatawer.com/sa/waterproofing-medina/,waterproofing-medina,1875,0,23,31,2,57,0,2026-09-06,2026-09-10,66d6352a694f2c28|n=12,boilerplate_overuse,عبارات قالبية متكررة: تجهيزاً مرتباً قبل انتقال أو موسم ذروة | لا نضع رقماً ثابتاً لا يمثّل عقارك | نوضّح ما سيدخل في النطاق وما لن يدخل | حسب الجدولة اليومية، ومن الأحياء التي نصل إليها غالباً
11382,post,شركة عزل صوتي بالمدينة المنورة,https://www.rukn-eltatawer.com/sa/soundproofing-medina/,soundproofing-medina,1841,0,23,33,2,59,0,2026-09-06,2026-09-10,a5ac1e695d4e77b0|n=12,boilerplate_overuse,عبارات قالبية متكررة: تجهيزاً مرتباً قبل انتقال أو موسم ذروة | لا نضع رقماً ثابتاً لا يمثّل عقارك | نوضّح ما سيدخل في النطاق وما لن يدخل | حسب الجدولة اليومية، ومن الأحياء التي نصل إليها غالباً
11378,post,شركة عزل حمامات بالمدينة المنورة,https://www.rukn-eltatawer.com/sa/bathroom-insulation-medina/,bathroom-insulation-medina,1829,0,23,31,2,57,0,2026-09-06,2026-09-10,dae3c682b3c87275|n=12,boilerplate_overuse,عبارات قالبية متكررة: تجهيزاً مرتباً قبل انتقال أو موسم ذروة | لا نضع رقماً ثابتاً لا يمثّل عقارك | نوضّح ما سيدخل في النطاق وما لن يدخل | حسب الجدولة اليومية، ومن الأحياء التي نصل إليها غالباً
11380,post,شركة عزل حراري بالمدينة المنورة,https://www.rukn-eltatawer.com/sa/thermal-insulation-medina/,thermal-insulation-medina,1848,0,23,32,2,58,0,2026-09-06,2026-09-09,52a794f453ceb88b|n=12,boilerplate_overuse,عبارات قالبية متكررة: تجهيزاً مرتباً قبل انتقال أو موسم ذروة | لا نضع رقماً ثابتاً لا يمثّل عقارك | نوضّح ما سيدخل في النطاق وما لن يدخل | حسب الجدولة اليومية، ومن الأحياء التي نصل إليها غالباً
12955,post,شركة صيانة ودهان بعد التسريبات بالمدينة المنورة,https://www.rukn-eltatawer.com/sa/post-leak-repaint-maintenance-medina/,post-leak-repaint-maintenance-medina,2119,0,23,34,2,60,0,2026-09-06,2026-09-10,fc8312b1d64b7ffb|n=12,boilerplate_overuse,عبارات قالبية متكررة: تجهيزاً مرتباً قبل انتقال أو موسم ذروة | لا نضع رقماً ثابتاً لا يمثّل عقارك | نوضّح ما سيدخل في النطاق وما لن يدخل | حسب الجدولة اليومية، ومن الأحياء التي نصل إليها غالباً
11224,post,شركة صيانة نشافات بالمدينة المنورة,https://www.rukn-eltatawer.com/sa/dryer-maintenance-medina/,dryer-maintenance-medina,1847,0,23,32,2,58,0,2026-09-06,2026-09-10,c66bc5e219ec496a|n=12,boilerplate_overuse,عبارات قالبية متكررة: تجهيزاً مرتباً قبل انتقال أو موسم ذروة | لا نضع رقماً ثابتاً لا يمثّل عقارك | نوضّح ما سيدخل في النطاق وما لن يدخل | حسب الجدولة اليومية، ومن الأحياء التي نصل إليها غالباً
11225,post,شركة صيانة ميكروويف بالمدينة المنورة,https://www.rukn-eltatawer.com/sa/microwave-maintenance-medina/,microwave-maintenance-medina,1834,0,23,32,2,58,0,2026-09-06,2026-09-10,d4dd116cc8f1787c|n=12,boilerplate_overuse,عبارات قالبية متكررة: تجهيزاً مرتباً قبل انتقال أو موسم ذروة | لا نضع رقماً ثابتاً لا يمثّل عقارك | نوضّح ما سيدخل في النطاق وما لن يدخل | حسب الجدولة اليومية، ومن الأحياء التي نصل إليها غالباً
11216,post,شركة صيانة مصاعد بالمدينة المنورة,https://www.rukn-eltatawer.com/sa/elevator-maintenance-medina/,elevator-maintenance-medina,1811,0,23,32,2,58,0,2026-09-06,2026-09-10,89fde85772ce7446|n=12,boilerplate_overuse,عبارات قالبية متكررة: تجهيزاً مرتباً قبل انتقال أو موسم ذروة | لا نضع رقماً ثابتاً لا يمثّل عقارك | نوضّح ما سيدخل في النطاق وما لن يدخل | حسب الجدولة اليومية، ومن الأحياء التي نصل إليها غالباً
11227,post,شركة صيانة مبردات مياه بالمدينة المنورة,https://www.rukn-eltatawer.com/sa/water-cooler-maintenance-medina/,water-cooler-maintenance-medina,1910,0,23,32,2,58,0,2026-09-06,2026-09-10,0213c9b32e109e54|n=12,boilerplate_overuse,عبارات قالبية متكررة: تجهيزاً مرتباً قبل انتقال أو موسم ذروة | لا نضع رقماً ثابتاً لا يمثّل عقارك | نوضّح ما سيدخل في النطاق وما لن يدخل | حسب الجدولة اليومية، ومن الأحياء التي نصل إليها غالباً
11210,post,شركة صيانة مباني بالمدينة المنورة,https://www.rukn-eltatawer.com/sa/building-maintenance-medina/,building-maintenance-medina,1812,0,23,31,2,57,0,2026-09-06,2026-09-10,d1c9e6d539e67e14|n=12,boilerplate_overuse,عبارات قالبية متكررة: تجهيزاً مرتباً قبل انتقال أو موسم ذروة | لا نضع رقماً ثابتاً لا يمثّل عقارك | نوضّح ما سيدخل في النطاق وما لن يدخل | حسب الجدولة اليومية، ومن الأحياء التي نصل إليها غالباً
11223,post,شركة صيانة غسالات بالمدينة المنورة,https://www.rukn-eltatawer.com/sa/washer-maintenance-medina/,washer-maintenance-medina,1836,0,23,32,2,58,0,2026-09-06,2026-09-10,a31424ea5d01d725|n=12,boilerplate_overuse,عبارات قالبية متكررة: تجهيزاً مرتباً قبل انتقال أو موسم ذروة | لا نضع رقماً ثابتاً لا يمثّل عقارك | نوضّح ما سيدخل في النطاق وما لن يدخل | حسب الجدولة اليومية، ومن الأحياء التي نصل إليها غالباً
11209,post,شركة صيانة عامة بالمدينة المنورة,https://www.rukn-eltatawer.com/sa/general-maintenance-medina/,general-maintenance-medina,1811,0,23,31,2,57,0,2026-09-06,2026-09-10,767ded2a8862f60f|n=12,boilerplate_overuse,عبارات قالبية متكررة: تجهيزاً مرتباً قبل انتقال أو موسم ذروة | لا نضع رقماً ثابتاً لا يمثّل عقارك | نوضّح ما سيدخل في النطاق وما لن يدخل | حسب الجدولة اليومية، ومن الأحياء التي نصل إليها غالباً
13147,post,شركة صيانة ثلاجات وتبريد تجاري بالمدينة المنورة,https://www.rukn-eltatawer.com/sa/commercial-refrigeration-maintenance-medina/,commercial-refrigeration-maintenance-medina,1967,0,23,33,2,59,0,2026-09-06,2026-09-10,6c0c110b960b6403|n=12,boilerplate_overuse,عبارات قالبية متكررة: تجهيزاً مرتباً قبل انتقال أو موسم ذروة | لا نضع رقماً ثابتاً لا يمثّل عقارك | نوضّح ما سيدخل في النطاق وما لن يدخل | حسب الجدولة اليومية، ومن الأحياء التي نصل إليها غالباً
11222,post,شركة صيانة ثلاجات بالمدينة المنورة,https://www.rukn-eltatawer.com/sa/fridge-maintenance-medina/,fridge-maintenance-medina,1841,0,23,32,2,58,0,2026-09-06,2026-09-10,4d935faf290c3992|n=12,boilerplate_overuse,عبارات قالبية متكررة: تجهيزاً مرتباً قبل انتقال أو موسم ذروة | لا نضع رقماً ثابتاً لا يمثّل عقارك | نوضّح ما سيدخل في النطاق وما لن يدخل | حسب الجدولة اليومية، ومن الأحياء التي نصل إليها غالباً
11220,post,شركة صيانة بوتاجازات بالمدينة المنورة,https://www.rukn-eltatawer.com/sa/stove-maintenance-medina/,stove-maintenance-medina,1846,0,23,32,2,58,0,2026-09-06,2026-09-10,97ca1588ed16dc25|n=12,boilerplate_overuse,عبارات قالبية متكررة: تجهيزاً مرتباً قبل انتقال أو موسم ذروة | لا نضع رقماً ثابتاً لا يمثّل عقارك | نوضّح ما سيدخل في النطاق وما لن يدخل | حسب الجدولة اليومية، ومن الأحياء التي نصل إليها غالباً
11219,post,شركة صيانة أفران بالمدينة المنورة,https://www.rukn-eltatawer.com/sa/oven-maintenance-medina/,oven-maintenance-medina,1819,0,23,30,2,56,0,2026-09-06,2026-09-10,30b52dd3e36790af|n=12,boilerplate_overuse,عبارات قالبية متكررة: تجهيزاً مرتباً قبل انتقال أو موسم ذروة | لا نضع رقماً ثابتاً لا يمثّل عقارك | نوضّح ما سيدخل في النطاق وما لن يدخل | حسب الجدولة اليومية، ومن الأحياء التي نصل إليها غالباً
11218,post,شركة صيانة أبواب أوتوماتيكية بالمدينة المنورة,https://www.rukn-eltatawer.com/sa/automatic-doors-maintenance-medina/,automatic-doors-maintenance-medina,1879,0,23,32,2,58,0,2026-09-06,2026-09-10,3eaa78c4ff9caa29|n=12,boilerplate_overuse,عبارات قالبية متكررة: تجهيزاً مرتباً قبل انتقال أو موسم ذروة | لا نضع رقماً ثابتاً لا يمثّل عقارك | نوضّح ما سيدخل في النطاق وما لن يدخل | حسب الجدولة اليومية، ومن الأحياء التي نصل إليها غالباً
12059,post,شركة شفط بيارات بالمدينة المنورة,https://www.rukn-eltatawer.com/sa/septic-tank-emptying-medina/,septic-tank-emptying-medina,1820,0,23,31,2,57,0,2026-09-06,2026-09-10,9793da2f262f832f|n=12,boilerplate_overuse,عبارات قالبية متكررة: تجهيزاً مرتباً قبل انتقال أو موسم ذروة | لا نضع رقماً ثابتاً لا يمثّل عقارك | نوضّح ما سيدخل في النطاق وما لن يدخل | حسب الجدولة اليومية، ومن الأحياء التي نصل إليها غالباً
12811,post,شركة شحن طرود سريعة بالمدينة المنورة,https://www.rukn-eltatawer.com/sa/express-parcel-shipping-medina/,express-parcel-shipping-medina,1857,0,23,30,2,56,0,2026-09-06,2026-09-10,d5688e145c0b549b|n=12,boilerplate_overuse,عبارات قالبية متكررة: تجهيزاً مرتباً قبل انتقال أو موسم ذروة | لا نضع رقماً ثابتاً لا يمثّل عقارك | نوضّح ما سيدخل في النطاق وما لن يدخل | حسب الجدولة اليومية، ومن الأحياء التي نصل إليها غالباً
12803,post,شركة شحن سيارات بالمدينة المنورة,https://www.rukn-eltatawer.com/sa/car-shipping-medina/,car-shipping-medina,1811,0,23,30,2,56,0,2026-09-06,2026-09-10,4902b151551d7235|n=12,boilerplate_overuse|intent_mismatch,عبارات قالبية متكررة: تجهيزاً مرتباً قبل انتقال أو موسم ذروة | لا نضع رقماً ثابتاً لا يمثّل عقارك | نوضّح ما سيدخل في النطاق وما لن يدخل | حسب الجدولة اليومية، ومن الأحياء التي نصل إليها غالباً || عنوان شحن سيارات بينما النص يعامل الخدمة كخدمة منزل/عقار || شحن سيارات يستخدم صياغة انتقال المنازل
12843,post,شركة شحن دولي جوي بالمدينة المنورة,https://www.rukn-eltatawer.com/sa/air-freight-medina/,air-freight-medina,1877,0,23,32,2,58,0,2026-09-06,2026-09-10,04145549da01d869|n=12,boilerplate_overuse,عبارات قالبية متكررة: تجهيزاً مرتباً قبل انتقال أو موسم ذروة | لا نضع رقماً ثابتاً لا يمثّل عقارك | نوضّح ما سيدخل في النطاق وما لن يدخل | حسب الجدولة اليومية، ومن الأحياء التي نصل إليها غالباً
12827,post,شركة شحن دولي بري بالمدينة المنورة,https://www.rukn-eltatawer.com/sa/land-freight-medina/,land-freight-medina,1860,0,23,30,2,56,0,2026-09-06,2026-09-10,4e18177ba3d6b8da|n=12,boilerplate_overuse,عبارات قالبية متكررة: تجهيزاً مرتباً قبل انتقال أو موسم ذروة | لا نضع رقماً ثابتاً لا يمثّل عقارك | نوضّح ما سيدخل في النطاق وما لن يدخل | حسب الجدولة اليومية، ومن الأحياء التي نصل إليها غالباً
12835,post,شركة شحن دولي بحري بالمدينة المنورة,https://www.rukn-eltatawer.com/sa/sea-freight-medina/,sea-freight-medina,1885,0,23,32,2,58,0,2026-09-06,2026-09-10,1fd71ff9569c6bd9|n=12,boilerplate_overuse,عبارات قالبية متكررة: تجهيزاً مرتباً قبل انتقال أو موسم ذروة | لا نضع رقماً ثابتاً لا يمثّل عقارك | نوضّح ما سيدخل في النطاق وما لن يدخل | حسب الجدولة اليومية، ومن الأحياء التي نصل إليها غالباً
12819,post,شركة شحن داخلي داخل بالمدينة المنورة,https://www.rukn-eltatawer.com/sa/domestic-shipping-medina/,domestic-shipping-medina,1814,0,23,32,2,58,0,2026-09-06,2026-09-10,0c9e1bf12ed72921|n=12,boilerplate_overuse|intent_mismatch,عبارات قالبية متكررة: تجهيزاً مرتباً قبل انتقال أو موسم ذروة | لا نضع رقماً ثابتاً لا يمثّل عقارك | نوضّح ما سيدخل في النطاق وما لن يدخل | حسب الجدولة اليومية، ومن الأحياء التي نصل إليها غالباً || عنوان شحن بينما الأسئلة تفترض شقق وفلل
12787,post,شركة شحن بضائع بالمدينة المنورة,https://www.rukn-eltatawer.com/sa/cargo-shipping-medina/,cargo-shipping-medina,1825,0,23,32,2,58,0,2026-09-06,2026-09-10,23ce20bf9315c704|n=12,boilerplate_overuse,عبارات قالبية متكررة: تجهيزاً مرتباً قبل انتقال أو موسم ذروة | لا نضع رقماً ثابتاً لا يمثّل عقارك | نوضّح ما سيدخل في النطاق وما لن يدخل | حسب الجدولة اليومية، ومن الأحياء التي نصل إليها غالباً
12795,post,شركة شحن أثاث بالمدينة المنورة,https://www.rukn-eltatawer.com/sa/furniture-shipping-medina/,furniture-shipping-medina,1828,0,23,32,2,58,0,2026-09-06,2026-09-10,06a72c363b8e4f91|n=12,boilerplate_overuse|intent_mismatch,عبارات قالبية متكررة: تجهيزاً مرتباً قبل انتقال أو موسم ذروة | لا نضع رقماً ثابتاً لا يمثّل عقارك | نوضّح ما سيدخل في النطاق وما لن يدخل | حسب الجدولة اليومية، ومن الأحياء التي نصل إليها غالباً || عنوان شحن بينما الأسئلة تفترض شقق وفلل
12363,post,شركة زرع نخيل وأشجار بالمدينة المنورة,https://www.rukn-eltatawer.com/sa/palm-tree-planting-medina/,palm-tree-planting-medina,1862,0,23,30,2,56,0,2026-09-06,2026-09-10,aafe83ca3db18875|n=12,boilerplate_overuse,عبارات قالبية متكررة: تجهيزاً مرتباً قبل انتقال أو موسم ذروة | لا نضع رقماً ثابتاً لا يمثّل عقارك | نوضّح ما سيدخل في النطاق وما لن يدخل | حسب الجدولة اليومية، ومن الأحياء التي نصل إليها غالباً
12886,post,شركة ديكورات جبس بورد بالطائف,https://www.rukn-eltatawer.com/sa/gypsum-board-decor-taif/,gypsum-board-decor-taif,1787,0,23,31,2,57,0,2026-09-06,2026-09-10,0657b8218162181f|n=12,boilerplate_overuse,عبارات قالبية متكررة: تجهيزاً مرتباً قبل انتقال أو موسم ذروة | لا نضع رقماً ثابتاً لا يمثّل عقارك | نوضّح ما سيدخل في النطاق وما لن يدخل | حسب الجدولة اليومية، ومن الأحياء التي نصل إليها غالباً
12942,post,شركة دهانات ديكورية وتأثيرات جدارية بالطائف,https://www.rukn-eltatawer.com/sa/decorative-wall-effects-taif/,decorative-wall-effects-taif,1901,0,23,33,2,59,0,2026-09-06,2026-09-10,5f4c9707f882fde0|n=12,boilerplate_overuse,عبارات قالبية متكررة: تجهيزاً مرتباً قبل انتقال أو موسم ذروة | لا نضع رقماً ثابتاً لا يمثّل عقارك | نوضّح ما سيدخل في النطاق وما لن يدخل | حسب الجدولة اليومية، ومن الأحياء التي نصل إليها غالباً
12307,post,شركة دهانات داخلية بالمدينة المنورة,https://www.rukn-eltatawer.com/sa/interior-painting-medina/,interior-painting-medina,1845,0,23,33,2,59,0,2026-09-06,2026-09-10,8b13919cbee49416|n=12,boilerplate_overuse,عبارات قالبية متكررة: تجهيزاً مرتباً قبل انتقال أو موسم ذروة | لا نضع رقماً ثابتاً لا يمثّل عقارك | نوضّح ما سيدخل في النطاق وما لن يدخل | حسب الجدولة اليومية، ومن الأحياء التي نصل إليها غالباً
12315,post,شركة دهانات خارجية بالمدينة المنورة,https://www.rukn-eltatawer.com/sa/exterior-painting-medina/,exterior-painting-medina,1837,0,23,33,2,59,0,2026-09-06,2026-09-10,0bffd1a8b2fff611|n=12,boilerplate_overuse,عبارات قالبية متكررة: تجهيزاً مرتباً قبل انتقال أو موسم ذروة | لا نضع رقماً ثابتاً لا يمثّل عقارك | نوضّح ما سيدخل في النطاق وما لن يدخل | حسب الجدولة اليومية، ومن الأحياء التي نصل إليها غالباً
12867,post,شركة دهان واجهات خارجية بالمدينة المنورة,https://www.rukn-eltatawer.com/sa/exterior-facade-painting-medina/,exterior-facade-painting-medina,1906,0,23,33,2,59,0,2026-09-06,2026-09-10,c11983a8ad610f4e|n=12,boilerplate_overuse,عبارات قالبية متكررة: تجهيزاً مرتباً قبل انتقال أو موسم ذروة | لا نضع رقماً ثابتاً لا يمثّل عقارك | نوضّح ما سيدخل في النطاق وما لن يدخل | حسب الجدولة اليومية، ومن الأحياء التي نصل إليها غالباً
12915,post,شركة دهان مكاتب وشركات بالمدينة المنورة,https://www.rukn-eltatawer.com/sa/office-painting-medina/,office-painting-medina,1923,0,23,33,2,59,0,2026-09-06,2026-09-10,1819f41fd912bf08|n=12,boilerplate_overuse,عبارات قالبية متكررة: تجهيزاً مرتباً قبل انتقال أو موسم ذروة | لا نضع رقماً ثابتاً لا يمثّل عقارك | نوضّح ما سيدخل في النطاق وما لن يدخل | حسب الجدولة اليومية، ومن الأحياء التي نصل إليها غالباً
12859,post,شركة دهان فلل بالمدينة المنورة,https://www.rukn-eltatawer.com/sa/villa-painting-medina/,villa-painting-medina,1843,0,23,33,2,59,0,2026-09-06,2026-09-10,956a4798ef62d3ff|n=12,boilerplate_overuse,عبارات قالبية متكررة: تجهيزاً مرتباً قبل انتقال أو موسم ذروة | لا نضع رقماً ثابتاً لا يمثّل عقارك | نوضّح ما سيدخل في النطاق وما لن يدخل | حسب الجدولة اليومية، ومن الأحياء التي نصل إليها غالباً
12851,post,شركة دهان شقق بالمدينة المنورة,https://www.rukn-eltatawer.com/sa/apartment-painting-medina/,apartment-painting-medina,1824,0,23,31,2,57,0,2026-09-06,2026-09-10,50717751448d8bae|n=12,boilerplate_overuse,عبارات قالبية متكررة: تجهيزاً مرتباً قبل انتقال أو موسم ذروة | لا نضع رقماً ثابتاً لا يمثّل عقارك | نوضّح ما سيدخل في النطاق وما لن يدخل | حسب الجدولة اليومية، ومن الأحياء التي نصل إليها غالباً
12891,post,شركة دهان بويات عالية الجودة بالمدينة المنورة,https://www.rukn-eltatawer.com/sa/premium-paint-finishing-medina/,premium-paint-finishing-medina,1969,0,23,33,2,59,0,2026-09-06,2026-09-10,892e8ee1a821d28e|n=12,boilerplate_overuse,عبارات قالبية متكررة: تجهيزاً مرتباً قبل انتقال أو موسم ذروة | لا نضع رقماً ثابتاً لا يمثّل عقارك | نوضّح ما سيدخل في النطاق وما لن يدخل | حسب الجدولة اليومية، ومن الأحياء التي نصل إليها غالباً
12947,post,شركة دهان أبواب وشبابيك خشبية بالمدينة المنورة,https://www.rukn-eltatawer.com/sa/wood-doors-windows-painting-medina/,wood-doors-windows-painting-medina,1966,0,23,33,2,59,0,2026-09-06,2026-09-10,c303a81cc944b352|n=12,boilerplate_overuse,عبارات قالبية متكررة: تجهيزاً مرتباً قبل انتقال أو موسم ذروة | لا نضع رقماً ثابتاً لا يمثّل عقارك | نوضّح ما سيدخل في النطاق وما لن يدخل | حسب الجدولة اليومية، ومن الأحياء التي نصل إليها غالباً
10958,post,شركة تنظيف وصيانة دكتات المكيفات بالمدينة المنورة,https://www.rukn-eltatawer.com/sa/duct-cleaning-medina/,duct-cleaning-medina,1940,0,23,31,2,57,0,2026-09-06,2026-09-10,b910ae6bcca4a9bd|n=12,boilerplate_overuse|intent_mismatch,عبارات قالبية متكررة: تجهيزاً مرتباً قبل انتقال أو موسم ذروة | لا نضع رقماً ثابتاً لا يمثّل عقارك | نوضّح ما سيدخل في النطاق وما لن يدخل | حسب الجدولة اليومية، ومن الأحياء التي نصل إليها غالباً || عنوان عن تكييف بينما النص/الأسئلة تتحدث عن تنظيف منازل أو رخام وخشب
10954,post,شركة تنظيف واجهات زجاجية بالمدينة المنورة,https://www.rukn-eltatawer.com/sa/glass-facade-cleaning-medina/,glass-facade-cleaning-medina,1881,0,23,32,2,58,0,2026-09-06,2026-09-10,ab66943c28ff63ba|n=12,boilerplate_overuse,عبارات قالبية متكررة: تجهيزاً مرتباً قبل انتقال أو موسم ذروة | لا نضع رقماً ثابتاً لا يمثّل عقارك | نوضّح ما سيدخل في النطاق وما لن يدخل | حسب الجدولة اليومية، ومن الأحياء التي نصل إليها غالباً
10955,post,شركة تنظيف واجهات حجرية بالمدينة المنورة,https://www.rukn-eltatawer.com/sa/stone-facade-cleaning-medina/,stone-facade-cleaning-medina,1874,0,23,32,2,58,0,2026-09-06,2026-09-10,3f991fe6277e3826|n=12,boilerplate_overuse,عبارات قالبية متكررة: تجهيزاً مرتباً قبل انتقال أو موسم ذروة | لا نضع رقماً ثابتاً لا يمثّل عقارك | نوضّح ما سيدخل في النطاق وما لن يدخل | حسب الجدولة اليومية، ومن الأحياء التي نصل إليها غالباً
10949,post,شركة تنظيف موكيت بالمدينة المنورة,https://www.rukn-eltatawer.com/sa/moquette-cleaning-medina/,moquette-cleaning-medina,1847,0,23,33,2,59,0,2026-09-06,2026-09-10,e418caa1778d9ac2|n=12,boilerplate_overuse,عبارات قالبية متكررة: تجهيزاً مرتباً قبل انتقال أو موسم ذروة | لا نضع رقماً ثابتاً لا يمثّل عقارك | نوضّح ما سيدخل في النطاق وما لن يدخل | حسب الجدولة اليومية، ومن الأحياء التي نصل إليها غالباً
10938,post,شركة تنظيف مكاتب بالمدينة المنورة,https://www.rukn-eltatawer.com/sa/office-cleaning-medina/,office-cleaning-medina,1816,0,23,31,2,57,0,2026-09-06,2026-09-10,20fd6d99d62d5b75|n=12,boilerplate_overuse,عبارات قالبية متكررة: تجهيزاً مرتباً قبل انتقال أو موسم ذروة | لا نضع رقماً ثابتاً لا يمثّل عقارك | نوضّح ما سيدخل في النطاق وما لن يدخل | حسب الجدولة اليومية، ومن الأحياء التي نصل إليها غالباً
10944,post,شركة تنظيف مطابخ بالمدينة المنورة,https://www.rukn-eltatawer.com/sa/kitchen-cleaning-medina/,kitchen-cleaning-medina,1826,0,23,31,2,57,0,2026-09-06,2026-09-10,b75aa5e793f73815|n=12,boilerplate_overuse,عبارات قالبية متكررة: تجهيزاً مرتباً قبل انتقال أو موسم ذروة | لا نضع رقماً ثابتاً لا يمثّل عقارك | نوضّح ما سيدخل في النطاق وما لن يدخل | حسب الجدولة اليومية، ومن الأحياء التي نصل إليها غالباً
10941,post,شركة تنظيف مستشفيات وعيادات بالمدينة المنورة,https://www.rukn-eltatawer.com/sa/hospital-clinic-cleaning-medina/,hospital-clinic-cleaning-medina,1892,0,23,33,2,59,0,2026-09-06,2026-09-10,04145549da01d869|n=12,boilerplate_overuse,عبارات قالبية متكررة: تجهيزاً مرتباً قبل انتقال أو موسم ذروة | لا نضع رقماً ثابتاً لا يمثّل عقارك | نوضّح ما سيدخل في النطاق وما لن يدخل | حسب الجدولة اليومية، ومن الأحياء التي نصل إليها غالباً
10940,post,شركة تنظيف مدارس وحضانات بالمدينة المنورة,https://www.rukn-eltatawer.com/sa/school-nursery-cleaning-medina/,school-nursery-cleaning-medina,1874,0,23,31,2,57,0,2026-09-06,2026-09-10,aa34b837eea2d037|n=12,boilerplate_overuse,عبارات قالبية متكررة: تجهيزاً مرتباً قبل انتقال أو موسم ذروة | لا نضع رقماً ثابتاً لا يمثّل عقارك | نوضّح ما سيدخل في النطاق وما لن يدخل | حسب الجدولة اليومية، ومن الأحياء التي نصل إليها غالباً
10942,post,شركة تنظيف محلات تجارية ومولات بالمدينة المنورة,https://www.rukn-eltatawer.com/sa/mall-cleaning-medina/,mall-cleaning-medina,1958,0,23,33,2,59,0,2026-09-06,2026-09-10,697dfcfe0e5ed84f|n=12,boilerplate_overuse,عبارات قالبية متكررة: تجهيزاً مرتباً قبل انتقال أو موسم ذروة | لا نضع رقماً ثابتاً لا يمثّل عقارك | نوضّح ما سيدخل في النطاق وما لن يدخل | حسب الجدولة اليومية، ومن الأحياء التي نصل إليها غالباً
10939,post,شركة تنظيف مجالس بالمدينة المنورة,https://www.rukn-eltatawer.com/sa/majlis-cleaning-medina/,majlis-cleaning-medina,1780,0,23,30,2,56,0,2026-09-06,2026-09-10,a417d17bcee3a6f1|n=12,boilerplate_overuse,عبارات قالبية متكررة: تجهيزاً مرتباً قبل انتقال أو موسم ذروة | لا نضع رقماً ثابتاً لا يمثّل عقارك | نوضّح ما سيدخل في النطاق وما لن يدخل | حسب الجدولة اليومية، ومن الأحياء التي نصل إليها غالباً
10956,post,شركة تنظيف كراجات ومواقف سيارات بالمدينة المنورة,https://www.rukn-eltatawer.com/sa/garage-cleaning-medina/,garage-cleaning-medina,1961,0,23,31,2,57,0,2026-09-06,2026-09-10,10f398f6d9910123|n=12,boilerplate_overuse,عبارات قالبية متكررة: تجهيزاً مرتباً قبل انتقال أو موسم ذروة | لا نضع رقماً ثابتاً لا يمثّل عقارك | نوضّح ما سيدخل في النطاق وما لن يدخل | حسب الجدولة اليومية، ومن الأحياء التي نصل إليها غالباً
10937,post,شركة تنظيف قصور بالمدينة المنورة,https://www.rukn-eltatawer.com/sa/palace-cleaning-medina/,palace-cleaning-medina,1815,0,23,31,2,57,0,2026-09-06,2026-09-10,aa34b837eea2d037|n=12,boilerplate_overuse,عبارات قالبية متكررة: تجهيزاً مرتباً قبل انتقال أو موسم ذروة | لا نضع رقماً ثابتاً لا يمثّل عقارك | نوضّح ما سيدخل في النطاق وما لن يدخل | حسب الجدولة اليومية، ومن الأحياء التي نصل إليها غالباً
10951,post,شركة تنظيف ستائر بالمدينة المنورة,https://www.rukn-eltatawer.com/sa/curtain-cleaning-medina/,curtain-cleaning-medina,1820,0,23,31,2,57,0,2026-09-06,2026-09-10,5e840820c92ec0c4|n=12,boilerplate_overuse,عبارات قالبية متكررة: تجهيزاً مرتباً قبل انتقال أو موسم ذروة | لا نضع رقماً ثابتاً لا يمثّل عقارك | نوضّح ما سيدخل في النطاق وما لن يدخل | حسب الجدولة اليومية، ومن الأحياء التي نصل إليها غالباً
10946,post,شركة تنظيف خزانات مياه بالمدينة المنورة,https://www.rukn-eltatawer.com/sa/water-tank-cleaning-medina/,water-tank-cleaning-medina,1927,0,23,33,2,59,0,2026-09-06,2026-09-10,7e19026065e93f05|n=12,boilerplate_overuse,عبارات قالبية متكررة: تجهيزاً مرتباً قبل انتقال أو موسم ذروة | لا نضع رقماً ثابتاً لا يمثّل عقارك | نوضّح ما سيدخل في النطاق وما لن يدخل | حسب الجدولة اليومية، ومن الأحياء التي نصل إليها غالباً
10947,post,شركة تنظيف خزانات ديزل بالمدينة المنورة,https://www.rukn-eltatawer.com/sa/diesel-tank-cleaning-medina/,diesel-tank-cleaning-medina,1936,0,23,33,2,59,0,2026-09-06,2026-09-10,5f3fd5864a262b59|n=12,boilerplate_overuse,عبارات قالبية متكررة: تجهيزاً مرتباً قبل انتقال أو موسم ذروة | لا نضع رقماً ثابتاً لا يمثّل عقارك | نوضّح ما سيدخل في النطاق وما لن يدخل | حسب الجدولة اليومية، ومن الأحياء التي نصل إليها غالباً
10945,post,شركة تنظيف حمامات بالمدينة المنورة,https://www.rukn-eltatawer.com/sa/bathroom-cleaning-medina/,bathroom-cleaning-medina,1829,0,23,33,2,59,0,2026-09-06,2026-09-10,04145549da01d869|n=12,boilerplate_overuse,عبارات قالبية متكررة: تجهيزاً مرتباً قبل انتقال أو موسم ذروة | لا نضع رقماً ثابتاً لا يمثّل عقارك | نوضّح ما سيدخل في النطاق وما لن يدخل | حسب الجدولة اليومية، ومن الأحياء التي نصل إليها غالباً
10959,post,شركة تنظيف المداخن والشفاطات بالمدينة المنورة,https://www.rukn-eltatawer.com/sa/chimney-cleaning-medina/,chimney-cleaning-medina,1880,0,23,31,2,57,0,2026-09-06,2026-09-10,4ebd8656b4fb92c9|n=12,boilerplate_overuse,عبارات قالبية متكررة: تجهيزاً مرتباً قبل انتقال أو موسم ذروة | لا نضع رقماً ثابتاً لا يمثّل عقارك | نوضّح ما سيدخل في النطاق وما لن يدخل | حسب الجدولة اليومية، ومن الأحياء التي نصل إليها غالباً
12491,post,شركة تغليف أثاث احترافي بالمدينة المنورة,https://www.rukn-eltatawer.com/sa/furniture-packaging-medina/,furniture-packaging-medina,1868,0,23,31,2,57,0,2026-09-06,2026-09-10,cf98697483f49c56|n=12,boilerplate_overuse,عبارات قالبية متكررة: تجهيزاً مرتباً قبل انتقال أو موسم ذروة | لا نضع رقماً ثابتاً لا يمثّل عقارك | نوضّح ما سيدخل في النطاق وما لن يدخل | حسب الجدولة اليومية، ومن الأحياء التي نصل إليها غالباً
12326,post,شركة تصميم وتنفيذ ديكورات بالطائف,https://www.rukn-eltatawer.com/sa/decor-design-taif/,decor-design-taif,1802,0,23,32,2,58,0,2026-09-06,2026-09-10,e1eca3680f2be29d|n=12,boilerplate_overuse,عبارات قالبية متكررة: تجهيزاً مرتباً قبل انتقال أو موسم ذروة | لا نضع رقماً ثابتاً لا يمثّل عقارك | نوضّح ما سيدخل في النطاق وما لن يدخل | حسب الجدولة اليومية، ومن الأحياء التي نصل إليها غالباً
12907,post,شركة تشطيب ودهان فلل جديدة بالمدينة المنورة,https://www.rukn-eltatawer.com/sa/new-villa-finishing-painting-medina/,new-villa-finishing-painting-medina,1971,0,23,33,2,59,0,2026-09-06,2026-09-10,1e43e32c0e593199|n=12,boilerplate_overuse,عبارات قالبية متكررة: تجهيزاً مرتباً قبل انتقال أو موسم ذروة | لا نضع رقماً ثابتاً لا يمثّل عقارك | نوضّح ما سيدخل في النطاق وما لن يدخل | حسب الجدولة اليومية، ومن الأحياء التي نصل إليها غالباً
12027,post,شركة ترميم وصيانة مباني بالمدينة المنورة,https://www.rukn-eltatawer.com/sa/building-renovation-medina/,building-renovation-medina,1860,0,23,31,2,57,0,2026-09-06,2026-09-10,90ba847b4dec1f09|n=12,boilerplate_overuse,عبارات قالبية متكررة: تجهيزاً مرتباً قبل انتقال أو موسم ذروة | لا نضع رقماً ثابتاً لا يمثّل عقارك | نوضّح ما سيدخل في النطاق وما لن يدخل | حسب الجدولة اليومية، ومن الأحياء التي نصل إليها غالباً
12035,post,شركة ترميم منازل قديمة بالمدينة المنورة,https://www.rukn-eltatawer.com/sa/old-house-renovation-medina/,old-house-renovation-medina,1897,0,23,33,2,59,0,2026-09-06,2026-09-10,d31db98a67e8f3b8|n=12,boilerplate_overuse,عبارات قالبية متكررة: تجهيزاً مرتباً قبل انتقال أو موسم ذروة | لا نضع رقماً ثابتاً لا يمثّل عقارك | نوضّح ما سيدخل في النطاق وما لن يدخل | حسب الجدولة اليومية، ومن الأحياء التي نصل إليها غالباً
12019,post,شركة ترميم مطابخ بالمدينة المنورة,https://www.rukn-eltatawer.com/sa/kitchen-renovation-medina/,kitchen-renovation-medina,1812,0,23,33,2,59,0,2026-09-06,2026-09-10,83b7612b77d8ff01|n=12,boilerplate_overuse,عبارات قالبية متكررة: تجهيزاً مرتباً قبل انتقال أو موسم ذروة | لا نضع رقماً ثابتاً لا يمثّل عقارك | نوضّح ما سيدخل في النطاق وما لن يدخل | حسب الجدولة اليومية، ومن الأحياء التي نصل إليها غالباً
12011,post,شركة ترميم حمامات بالمدينة المنورة,https://www.rukn-eltatawer.com/sa/bathroom-renovation-medina/,bathroom-renovation-medina,1815,0,23,33,2,59,0,2026-09-06,2026-09-10,bf0e48c87b46e992|n=12,boilerplate_overuse,عبارات قالبية متكررة: تجهيزاً مرتباً قبل انتقال أو موسم ذروة | لا نضع رقماً ثابتاً لا يمثّل عقارك | نوضّح ما سيدخل في النطاق وما لن يدخل | حسب الجدولة اليومية، ومن الأحياء التي نصل إليها غالباً
12499,post,شركة تركيب وفك الأثاث بالمدينة المنورة,https://www.rukn-eltatawer.com/sa/furniture-assembly-medina/,furniture-assembly-medina,1904,0,23,33,2,59,0,2026-09-06,2026-09-10,4048df09b01cc852|n=12,boilerplate_overuse,عبارات قالبية متكررة: تجهيزاً مرتباً قبل انتقال أو موسم ذروة | لا نضع رقماً ثابتاً لا يمثّل عقارك | نوضّح ما سيدخل في النطاق وما لن يدخل | حسب الجدولة اليومية، ومن الأحياء التي نصل إليها غالباً
11231,post,شركة تركيب وصيانة محطات تحلية المياه بالمدينة المنورة,https://www.rukn-eltatawer.com/sa/ro-plants-medina/,ro-plants-medina,2033,0,23,33,2,59,0,2026-09-06,2026-09-10,44def47f3b3b3064|n=12,boilerplate_overuse,عبارات قالبية متكررة: تجهيزاً مرتباً قبل انتقال أو موسم ذروة | لا نضع رقماً ثابتاً لا يمثّل عقارك | نوضّح ما سيدخل في النطاق وما لن يدخل | حسب الجدولة اليومية، ومن الأحياء التي نصل إليها غالباً
11232,post,شركة تركيب وصيانة فلاتر مياه بالمدينة المنورة,https://www.rukn-eltatawer.com/sa/water-filters-medina/,water-filters-medina,1969,0,23,33,2,59,0,2026-09-06,2026-09-10,0e9e42521831b2a3|n=12,boilerplate_overuse,عبارات قالبية متكررة: تجهيزاً مرتباً قبل انتقال أو موسم ذروة | لا نضع رقماً ثابتاً لا يمثّل عقارك | نوضّح ما سيدخل في النطاق وما لن يدخل | حسب الجدولة اليومية، ومن الأحياء التي نصل إليها غالباً
11229,post,شركة تركيب وصيانة شفاطات مطابخ بالمدينة المنورة,https://www.rukn-eltatawer.com/sa/kitchen-hoods-medina/,kitchen-hoods-medina,1932,0,23,31,2,57,0,2026-09-06,2026-09-10,edae3187ebbead5a|n=12,boilerplate_overuse,عبارات قالبية متكررة: تجهيزاً مرتباً قبل انتقال أو موسم ذروة | لا نضع رقماً ثابتاً لا يمثّل عقارك | نوضّح ما سيدخل في النطاق وما لن يدخل | حسب الجدولة اليومية، ومن الأحياء التي نصل إليها غالباً
11234,post,شركة تركيب وصيانة أنظمة تنقية الهواء بالمدينة المنورة,https://www.rukn-eltatawer.com/sa/air-purification-medina/,air-purification-medina,2018,0,23,33,2,59,0,2026-09-06,2026-09-10,c7eebe1d1997655f|n=12,boilerplate_overuse,عبارات قالبية متكررة: تجهيزاً مرتباً قبل انتقال أو موسم ذروة | لا نضع رقماً ثابتاً لا يمثّل عقارك | نوضّح ما سيدخل في النطاق وما لن يدخل | حسب الجدولة اليومية، ومن الأحياء التي نصل إليها غالباً
11233,post,شركة تركيب وصيانة أجهزة تبريد مياه الخزانات بالمدينة المنورة,https://www.rukn-eltatawer.com/sa/tank-water-chiller-medina/,tank-water-chiller-medina,2115,0,23,31,2,57,0,2026-09-06,2026-09-10,da6485b6ab7312ed|n=12,boilerplate_overuse,عبارات قالبية متكررة: تجهيزاً مرتباً قبل انتقال أو موسم ذروة | لا نضع رقماً ثابتاً لا يمثّل عقارك | نوضّح ما سيدخل في النطاق وما لن يدخل | حسب الجدولة اليومية، ومن الأحياء التي نصل إليها غالباً
12875,post,شركة تركيب ورق حائط بالمدينة المنورة,https://www.rukn-eltatawer.com/sa/wallpaper-installation-medina/,wallpaper-installation-medina,1857,0,23,31,2,57,0,2026-09-06,2026-09-10,0a0a2342d1b1b3f0|n=12,boilerplate_overuse,عبارات قالبية متكررة: تجهيزاً مرتباً قبل انتقال أو موسم ذروة | لا نضع رقماً ثابتاً لا يمثّل عقارك | نوضّح ما سيدخل في النطاق وما لن يدخل | حسب الجدولة اليومية، ومن الأحياء التي نصل إليها غالباً
12171,post,شركة تركيب ورق جدران بالمدينة المنورة,https://www.rukn-eltatawer.com/sa/wallpaper-medina/,wallpaper-medina,1877,0,23,33,2,59,0,2026-09-06,2026-09-10,66cae3ab20412007|n=12,boilerplate_overuse,عبارات قالبية متكررة: تجهيزاً مرتباً قبل انتقال أو موسم ذروة | لا نضع رقماً ثابتاً لا يمثّل عقارك | نوضّح ما سيدخل في النطاق وما لن يدخل | حسب الجدولة اليومية، ومن الأحياء التي نصل إليها غالباً
12451,post,شركة تركيب نوافير جدارية بالمدينة المنورة,https://www.rukn-eltatawer.com/sa/wall-fountain-medina/,wall-fountain-medina,1863,0,23,31,2,57,0,2026-09-06,2026-09-09,9c336cb20e7fe987|n=12,boilerplate_overuse,عبارات قالبية متكررة: تجهيزاً مرتباً قبل انتقال أو موسم ذروة | لا نضع رقماً ثابتاً لا يمثّل عقارك | نوضّح ما سيدخل في النطاق وما لن يدخل | حسب الجدولة اليومية، ومن الأحياء التي نصل إليها غالباً
12235,post,شركة تركيب مظلات وسواتر بالمدينة المنورة,https://www.rukn-eltatawer.com/sa/shades-sails-medina/,shades-sails-medina,1882,0,23,32,2,58,0,2026-09-06,2026-09-10,838d95fb66a17136|n=12,boilerplate_overuse,عبارات قالبية متكررة: تجهيزاً مرتباً قبل انتقال أو موسم ذروة | لا نضع رقماً ثابتاً لا يمثّل عقارك | نوضّح ما سيدخل في النطاق وما لن يدخل | حسب الجدولة اليومية، ومن الأحياء التي نصل إليها غالباً
12211,post,شركة تركيب مطابخ بالمدينة المنورة,https://www.rukn-eltatawer.com/sa/kitchen-installation-medina/,kitchen-installation-medina,1805,0,23,31,2,57,0,2026-09-06,2026-09-10,2ee329c8e4450661|n=12,boilerplate_overuse,عبارات قالبية متكررة: تجهيزاً مرتباً قبل انتقال أو موسم ذروة | لا نضع رقماً ثابتاً لا يمثّل عقارك | نوضّح ما سيدخل في النطاق وما لن يدخل | حسب الجدولة اليومية، ومن الأحياء التي نصل إليها غالباً
12651,post,شركة تركيب مسامير طاردة للحمام بالمدينة المنورة,https://www.rukn-eltatawer.com/sa/pigeon-spikes-installation-medina/,pigeon-spikes-installation-medina,1936,0,23,32,2,58,0,2026-09-06,2026-09-10,6151c60dcd0b89cf|n=12,boilerplate_overuse,عبارات قالبية متكررة: تجهيزاً مرتباً قبل انتقال أو موسم ذروة | لا نضع رقماً ثابتاً لا يمثّل عقارك | نوضّح ما سيدخل في النطاق وما لن يدخل | حسب الجدولة اليومية، ومن الأحياء التي نصل إليها غالباً
12083,post,شركة تركيب كربستون بالمدينة المنورة,https://www.rukn-eltatawer.com/sa/kerbstone-medina/,kerbstone-medina,1788,0,23,30,2,56,0,2026-09-06,2026-09-09,367432456236c156|n=12,boilerplate_overuse,عبارات قالبية متكررة: تجهيزاً مرتباً قبل انتقال أو موسم ذروة | لا نضع رقماً ثابتاً لا يمثّل عقارك | نوضّح ما سيدخل في النطاق وما لن يدخل | حسب الجدولة اليومية، ومن الأحياء التي نصل إليها غالباً
12147,post,شركة تركيب فوم للجدران بالمدينة المنورة,https://www.rukn-eltatawer.com/sa/wall-foam-medina/,wall-foam-medina,1930,0,23,31,2,57,0,2026-09-06,2026-09-10,52fb6da090fcffb1|n=12,boilerplate_overuse,عبارات قالبية متكررة: تجهيزاً مرتباً قبل انتقال أو موسم ذروة | لا نضع رقماً ثابتاً لا يمثّل عقارك | نوضّح ما سيدخل في النطاق وما لن يدخل | حسب الجدولة اليومية، ومن الأحياء التي نصل إليها غالباً
12195,post,شركة تركيب فواصل زجاجية وألومنيوم بالمدينة المنورة,https://www.rukn-eltatawer.com/sa/glass-aluminium-partitions-medina/,glass-aluminium-partitions-medina,1950,0,23,32,2,58,0,2026-09-06,2026-09-10,5da80bcc3b319761|n=12,boilerplate_overuse,عبارات قالبية متكررة: تجهيزاً مرتباً قبل انتقال أو موسم ذروة | لا نضع رقماً ثابتاً لا يمثّل عقارك | نوضّح ما سيدخل في النطاق وما لن يدخل | حسب الجدولة اليومية، ومن الأحياء التي نصل إليها غالباً
12427,post,شركة تركيب عرائش خشبية بالمدينة المنورة,https://www.rukn-eltatawer.com/sa/wooden-arbor-installation-medina/,wooden-arbor-installation-medina,1869,0,23,32,2,58,0,2026-09-06,2026-09-10,64642cb91a62a7e5|n=12,boilerplate_overuse,عبارات قالبية متكررة: تجهيزاً مرتباً قبل انتقال أو موسم ذروة | لا نضع رقماً ثابتاً لا يمثّل عقارك | نوضّح ما سيدخل في النطاق وما لن يدخل | حسب الجدولة اليومية، ومن الأحياء التي نصل إليها غالباً
12091,post,شركة تركيب طابوق بالمدينة المنورة,https://www.rukn-eltatawer.com/sa/brickwork-medina/,brickwork-medina,1810,0,23,32,2,58,0,2026-09-06,2026-09-10,04145549da01d869|n=12,boilerplate_overuse,عبارات قالبية متكررة: تجهيزاً مرتباً قبل انتقال أو موسم ذروة | لا نضع رقماً ثابتاً لا يمثّل عقارك | نوضّح ما سيدخل في النطاق وما لن يدخل | حسب الجدولة اليومية، ومن الأحياء التي نصل إليها غالباً
12443,post,شركة تركيب شلالات اصطناعية بالمدينة المنورة,https://www.rukn-eltatawer.com/sa/artificial-waterfall-medina/,artificial-waterfall-medina,1860,0,23,31,2,57,0,2026-09-06,2026-09-10,179f1e576f2f2840|n=12,boilerplate_overuse,عبارات قالبية متكررة: تجهيزاً مرتباً قبل انتقال أو موسم ذروة | لا نضع رقماً ثابتاً لا يمثّل عقارك | نوضّح ما سيدخل في النطاق وما لن يدخل | حسب الجدولة اليومية، ومن الأحياء التي نصل إليها غالباً
12379,post,شركة تركيب شبكات ري حديثة بالمدينة المنورة,https://www.rukn-eltatawer.com/sa/modern-irrigation-medina/,modern-irrigation-medina,1908,0,23,30,2,56,0,2026-09-06,2026-09-10,8dac92296f550ec9|n=12,boilerplate_overuse,عبارات قالبية متكررة: تجهيزاً مرتباً قبل انتقال أو موسم ذروة | لا نضع رقماً ثابتاً لا يمثّل عقارك | نوضّح ما سيدخل في النطاق وما لن يدخل | حسب الجدولة اليومية، ومن الأحياء التي نصل إليها غالباً
12387,post,شركة تركيب شبكات ري أوتوماتيكية بالمدينة المنورة,https://www.rukn-eltatawer.com/sa/automatic-irrigation-medina/,automatic-irrigation-medina,1922,0,23,32,2,58,0,2026-09-06,2026-09-10,27cf3f6c7dcdea47|n=12,boilerplate_overuse,عبارات قالبية متكررة: تجهيزاً مرتباً قبل انتقال أو موسم ذروة | لا نضع رقماً ثابتاً لا يمثّل عقارك | نوضّح ما سيدخل في النطاق وما لن يدخل | حسب الجدولة اليومية، ومن الأحياء التي نصل إليها غالباً
12643,post,شركة تركيب شبك طارد للحمام بالمدينة المنورة,https://www.rukn-eltatawer.com/sa/pigeon-net-installation-medina/,pigeon-net-installation-medina,1922,0,23,30,2,56,0,2026-09-06,2026-09-10,6399a03d9ca7a8f5|n=12,boilerplate_overuse,عبارات قالبية متكررة: تجهيزاً مرتباً قبل انتقال أو موسم ذروة | لا نضع رقماً ثابتاً لا يمثّل عقارك | نوضّح ما سيدخل في النطاق وما لن يدخل | حسب الجدولة اليومية، ومن الأحياء التي نصل إليها غالباً
12227,post,شركة تركيب شبابيك بالمدينة المنورة,https://www.rukn-eltatawer.com/sa/windows-installation-medina/,windows-installation-medina,1809,0,23,32,2,58,0,2026-09-06,2026-09-10,0fe4e3f3e0390528|n=12,boilerplate_overuse,عبارات قالبية متكررة: تجهيزاً مرتباً قبل انتقال أو موسم ذروة | لا نضع رقماً ثابتاً لا يمثّل عقارك | نوضّح ما سيدخل في النطاق وما لن يدخل | حسب الجدولة اليومية، ومن الأحياء التي نصل إليها غالباً
12107,post,شركة تركيب سيراميك وبورسلين بالمدينة المنورة,https://www.rukn-eltatawer.com/sa/ceramic-porcelain-medina/,ceramic-porcelain-medina,1849,0,23,30,2,56,0,2026-09-06,2026-09-10,8364b9641d099678|n=12,boilerplate_overuse,عبارات قالبية متكررة: تجهيزاً مرتباً قبل انتقال أو موسم ذروة | لا نضع رقماً ثابتاً لا يمثّل عقارك | نوضّح ما سيدخل في النطاق وما لن يدخل | حسب الجدولة اليومية، ومن الأحياء التي نصل إليها غالباً
12179,post,شركة تركيب سجاد أرضيات بالمدينة المنورة,https://www.rukn-eltatawer.com/sa/floor-carpeting-medina/,floor-carpeting-medina,1833,0,23,30,2,56,0,2026-09-06,2026-09-10,e6be26a45c995e7b|n=12,boilerplate_overuse,عبارات قالبية متكررة: تجهيزاً مرتباً قبل انتقال أو موسم ذروة | لا نضع رقماً ثابتاً لا يمثّل عقارك | نوضّح ما سيدخل في النطاق وما لن يدخل | حسب الجدولة اليومية، ومن الأحياء التي نصل إليها غالباً
12203,post,شركة تركيب زجاج وألوميتال بالمدينة المنورة,https://www.rukn-eltatawer.com/sa/glass-alumetal-medina/,glass-alumetal-medina,1884,0,23,32,2,58,0,2026-09-06,2026-09-10,a8c9fb101feaee4a|n=12,boilerplate_overuse,عبارات قالبية متكررة: تجهيزاً مرتباً قبل انتقال أو موسم ذروة | لا نضع رقماً ثابتاً لا يمثّل عقارك | نوضّح ما سيدخل في النطاق وما لن يدخل | حسب الجدولة اليومية، ومن الأحياء التي نصل إليها غالباً
12139,post,شركة تركيب رخام وجرانيت بالمدينة المنورة,https://www.rukn-eltatawer.com/sa/marble-granite-medina/,marble-granite-medina,1837,0,23,30,2,56,0,2026-09-06,2026-09-10,1c2d0dc86154b4b8|n=12,boilerplate_overuse,عبارات قالبية متكررة: تجهيزاً مرتباً قبل انتقال أو موسم ذروة | لا نضع رقماً ثابتاً لا يمثّل عقارك | نوضّح ما سيدخل في النطاق وما لن يدخل | حسب الجدولة اليومية، ومن الأحياء التي نصل إليها غالباً
12131,post,شركة تركيب حجر طبيعي وصناعي بالمدينة المنورة,https://www.rukn-eltatawer.com/sa/stone-medina/,stone-medina,1897,0,23,30,2,56,0,2026-09-06,2026-09-10,f4d5ae7b4dcbb67c|n=12,boilerplate_overuse,عبارات قالبية متكررة: تجهيزاً مرتباً قبل انتقال أو موسم ذروة | لا نضع رقماً ثابتاً لا يمثّل عقارك | نوضّح ما سيدخل في النطاق وما لن يدخل | حسب الجدولة اليومية، ومن الأحياء التي نصل إليها غالباً
12158,post,شركة تركيب جبس بورد بالطائف,https://www.rukn-eltatawer.com/sa/gypsum-board-taif/,gypsum-board-taif,1787,0,23,31,2,57,0,2026-09-06,2026-09-10,da95bf011e900ab9|n=12,boilerplate_overuse,عبارات قالبية متكررة: تجهيزاً مرتباً قبل انتقال أو موسم ذروة | لا نضع رقماً ثابتاً لا يمثّل عقارك | نوضّح ما سيدخل في النطاق وما لن يدخل | حسب الجدولة اليومية، ومن الأحياء التي نصل إليها غالباً
12099,post,شركة تركيب بلاستر بالمدينة المنورة,https://www.rukn-eltatawer.com/sa/plastering-medina/,plastering-medina,1809,0,23,32,2,58,0,2026-09-06,2026-09-10,a9fd02cc959ed194|n=12,boilerplate_overuse,عبارات قالبية متكررة: تجهيزاً مرتباً قبل انتقال أو موسم ذروة | لا نضع رقماً ثابتاً لا يمثّل عقارك | نوضّح ما سيدخل في النطاق وما لن يدخل | حسب الجدولة اليومية، ومن الأحياء التي نصل إليها غالباً
12419,post,شركة تركيب برجولات بالمدينة المنورة,https://www.rukn-eltatawer.com/sa/pergola-installation-medina/,pergola-installation-medina,1796,0,23,30,2,56,0,2026-09-06,2026-09-10,0887288bdcb0abf1|n=12,boilerplate_overuse,عبارات قالبية متكررة: تجهيزاً مرتباً قبل انتقال أو موسم ذروة | لا نضع رقماً ثابتاً لا يمثّل عقارك | نوضّح ما سيدخل في النطاق وما لن يدخل | حسب الجدولة اليومية، ومن الأحياء التي نصل إليها غالباً
12118,post,شركة تركيب باركيه وأرضيات خشب بالطائف,https://www.rukn-eltatawer.com/sa/parquet-taif/,parquet-taif,1819,0,23,32,2,58,0,2026-09-06,2026-09-09,04145549da01d869|n=12,boilerplate_overuse,عبارات قالبية متكررة: تجهيزاً مرتباً قبل انتقال أو موسم ذروة | لا نضع رقماً ثابتاً لا يمثّل عقارك | نوضّح ما سيدخل في النطاق وما لن يدخل | حسب الجدولة اليومية، ومن الأحياء التي نصل إليها غالباً
12075,post,شركة تركيب انترلوك بالمدينة المنورة,https://www.rukn-eltatawer.com/sa/interlock-medina/,interlock-medina,1806,0,23,32,2,58,0,2026-09-06,2026-09-10,743a280837da40cd|n=12,boilerplate_overuse,عبارات قالبية متكررة: تجهيزاً مرتباً قبل انتقال أو موسم ذروة | لا نضع رقماً ثابتاً لا يمثّل عقارك | نوضّح ما سيدخل في النطاق وما لن يدخل | حسب الجدولة اليومية، ومن الأحياء التي نصل إليها غالباً
12515,post,شركة تركيب أنظمة طاقة شمسية بالمدينة المنورة,https://www.rukn-eltatawer.com/sa/solar-systems-installation-medina/,solar-systems-installation-medina,1924,0,23,31,2,57,0,2026-09-06,2026-09-10,f90cce6c9184b11c|n=12,boilerplate_overuse,عبارات قالبية متكررة: تجهيزاً مرتباً قبل انتقال أو موسم ذروة | لا نضع رقماً ثابتاً لا يمثّل عقارك | نوضّح ما سيدخل في النطاق وما لن يدخل | حسب الجدولة اليومية، ومن الأحياء التي نصل إليها غالباً
12187,post,شركة تركيب أسقف مستعارة بالمدينة المنورة,https://www.rukn-eltatawer.com/sa/suspended-ceiling-medina/,suspended-ceiling-medina,1888,0,23,31,2,57,0,2026-09-06,2026-09-10,37cbe150d887e72f|n=12,boilerplate_overuse,عبارات قالبية متكررة: تجهيزاً مرتباً قبل انتقال أو موسم ذروة | لا نضع رقماً ثابتاً لا يمثّل عقارك | نوضّح ما سيدخل في النطاق وما لن يدخل | حسب الجدولة اليومية، ومن الأحياء التي نصل إليها غالباً
12166,post,شركة تركيب أسقف جبسية / فورسيلنج بالطائف,https://www.rukn-eltatawer.com/sa/false-ceiling-taif/,false-ceiling-taif,1871,0,23,33,2,59,0,2026-09-06,2026-09-10,22249bda2026fdf7|n=12,boilerplate_overuse,عبارات قالبية متكررة: تجهيزاً مرتباً قبل انتقال أو موسم ذروة | لا نضع رقماً ثابتاً لا يمثّل عقارك | نوضّح ما سيدخل في النطاق وما لن يدخل | حسب الجدولة اليومية، ومن الأحياء التي نصل إليها غالباً
12123,post,شركة تركيب أرضيات فينيل بالمدينة المنورة,https://www.rukn-eltatawer.com/sa/vinyl-flooring-medina/,vinyl-flooring-medina,1845,0,23,30,2,56,0,2026-09-06,2026-09-09,db84b5f7db0b96e9|n=12,boilerplate_overuse,عبارات قالبية متكررة: تجهيزاً مرتباً قبل انتقال أو موسم ذروة | لا نضع رقماً ثابتاً لا يمثّل عقارك | نوضّح ما سيدخل في النطاق وما لن يدخل | حسب الجدولة اليومية، ومن الأحياء التي نصل إليها غالباً
13035,post,شركة تركيب أدوات صحية بالمدينة المنورة,https://www.rukn-eltatawer.com/sa/sanitary-fixtures-installation-medina/,sanitary-fixtures-installation-medina,1882,0,23,33,2,59,0,2026-09-06,2026-09-10,01a9e1e97e17caaa|n=12,boilerplate_overuse,عبارات قالبية متكررة: تجهيزاً مرتباً قبل انتقال أو موسم ذروة | لا نضع رقماً ثابتاً لا يمثّل عقارك | نوضّح ما سيدخل في النطاق وما لن يدخل | حسب الجدولة اليومية، ومن الأحياء التي نصل إليها غالباً
12659,post,شركة تركيب أجهزة صوتية لطرد الطيور بالمدينة المنورة,https://www.rukn-eltatawer.com/sa/bird-sound-device-medina/,bird-sound-device-medina,2023,0,23,32,2,58,0,2026-09-06,2026-09-10,8be6d15b9062a300|n=12,boilerplate_overuse,عبارات قالبية متكررة: تجهيزاً مرتباً قبل انتقال أو موسم ذروة | لا نضع رقماً ثابتاً لا يمثّل عقارك | نوضّح ما سيدخل في النطاق وما لن يدخل | حسب الجدولة اليومية، ومن الأحياء التي نصل إليها غالباً
12219,post,شركة تركيب أبواب بالمدينة المنورة,https://www.rukn-eltatawer.com/sa/doors-installation-medina/,doors-installation-medina,1796,0,23,30,2,56,0,2026-09-06,2026-09-10,00befb80fb35d692|n=12,boilerplate_overuse,عبارات قالبية متكررة: تجهيزاً مرتباً قبل انتقال أو موسم ذروة | لا نضع رقماً ثابتاً لا يمثّل عقارك | نوضّح ما سيدخل في النطاق وما لن يدخل | حسب الجدولة اليومية، ومن الأحياء التي نصل إليها غالباً
12507,post,شركة تخزين أثاث بالمدينة المنورة,https://www.rukn-eltatawer.com/sa/furniture-storage-medina/,furniture-storage-medina,1819,0,23,31,2,57,0,2026-09-06,2026-09-10,12fd11e2634fcb3e|n=12,boilerplate_overuse,عبارات قالبية متكررة: تجهيزاً مرتباً قبل انتقال أو موسم ذروة | لا نضع رقماً ثابتاً لا يمثّل عقارك | نوضّح ما سيدخل في النطاق وما لن يدخل | حسب الجدولة اليومية، ومن الأحياء التي نصل إليها غالباً
11384,post,شركة تبطين وصيانة خزانات مياه بالمدينة المنورة,https://www.rukn-eltatawer.com/sa/tank-lining-maintenance-medina/,tank-lining-maintenance-medina,1983,0,23,33,2,59,0,2026-09-06,2026-09-10,4d59067140a15eb1|n=12,boilerplate_overuse,عبارات قالبية متكررة: تجهيزاً مرتباً قبل انتقال أو موسم ذروة | لا نضع رقماً ثابتاً لا يمثّل عقارك | نوضّح ما سيدخل في النطاق وما لن يدخل | حسب الجدولة اليومية، ومن الأحياء التي نصل إليها غالباً
12259,post,شركة بناء ملاحق بالمدينة المنورة,https://www.rukn-eltatawer.com/sa/annex-building-medina/,annex-building-medina,1803,0,23,30,2,56,0,2026-09-06,2026-09-10,0139973286218ee3|n=12,boilerplate_overuse,عبارات قالبية متكررة: تجهيزاً مرتباً قبل انتقال أو موسم ذروة | لا نضع رقماً ثابتاً لا يمثّل عقارك | نوضّح ما سيدخل في النطاق وما لن يدخل | حسب الجدولة اليومية، ومن الأحياء التي نصل إليها غالباً
12283,post,شركة بناء مطابخ خارجية بالمدينة المنورة,https://www.rukn-eltatawer.com/sa/outdoor-kitchens-medina/,outdoor-kitchens-medina,1870,0,23,33,2,59,0,2026-09-06,2026-09-10,d67819149eef8732|n=12,boilerplate_overuse,عبارات قالبية متكررة: تجهيزاً مرتباً قبل انتقال أو موسم ذروة | لا نضع رقماً ثابتاً لا يمثّل عقارك | نوضّح ما سيدخل في النطاق وما لن يدخل | حسب الجدولة اليومية، ومن الأحياء التي نصل إليها غالباً
12291,post,شركة بناء مجالس خارجية بالمدينة المنورة,https://www.rukn-eltatawer.com/sa/outdoor-majlis-medina/,outdoor-majlis-medina,1851,0,23,32,2,58,0,2026-09-06,2026-09-10,298d04400a4a52cb|n=12,boilerplate_overuse,عبارات قالبية متكررة: تجهيزاً مرتباً قبل انتقال أو موسم ذروة | لا نضع رقماً ثابتاً لا يمثّل عقارك | نوضّح ما سيدخل في النطاق وما لن يدخل | حسب الجدولة اليومية، ومن الأحياء التي نصل إليها غالباً
12275,post,شركة بناء حمامات خارجية بالمدينة المنورة,https://www.rukn-eltatawer.com/sa/outdoor-bathrooms-medina/,outdoor-bathrooms-medina,1895,0,23,32,2,58,0,2026-09-06,2026-09-10,9467dc9084657d3d|n=12,boilerplate_overuse,عبارات قالبية متكررة: تجهيزاً مرتباً قبل انتقال أو موسم ذروة | لا نضع رقماً ثابتاً لا يمثّل عقارك | نوضّح ما سيدخل في النطاق وما لن يدخل | حسب الجدولة اليومية، ومن الأحياء التي نصل إليها غالباً
12267,post,شركة بناء استراحات بالمدينة المنورة,https://www.rukn-eltatawer.com/sa/majlis-building-medina/,majlis-building-medina,1828,0,23,32,2,58,0,2026-09-06,2026-09-10,3a478792b18f4898|n=12,boilerplate_overuse,عبارات قالبية متكررة: تجهيزاً مرتباً قبل انتقال أو موسم ذروة | لا نضع رقماً ثابتاً لا يمثّل عقارك | نوضّح ما سيدخل في النطاق وما لن يدخل | حسب الجدولة اليومية، ومن الأحياء التي نصل إليها غالباً
12299,post,شركة بناء أسوار طابوق بالمدينة المنورة,https://www.rukn-eltatawer.com/sa/block-fences-medina/,block-fences-medina,1883,0,23,32,2,58,0,2026-09-06,2026-09-10,5e0d3824d416c03d|n=12,boilerplate_overuse,عبارات قالبية متكررة: تجهيزاً مرتباً قبل انتقال أو موسم ذروة | لا نضع رقماً ثابتاً لا يمثّل عقارك | نوضّح ما سيدخل في النطاق وما لن يدخل | حسب الجدولة اليومية، ومن الأحياء التي نصل إليها غالباً
12435,post,شركة إنشاء ممرات حجرية بالمدينة المنورة,https://www.rukn-eltatawer.com/sa/stone-pathway-medina/,stone-pathway-medina,1838,0,23,30,2,56,0,2026-09-06,2026-09-10,bcbd7e782cb15e81|n=12,boilerplate_overuse,عبارات قالبية متكررة: تجهيزاً مرتباً قبل انتقال أو موسم ذروة | لا نضع رقماً ثابتاً لا يمثّل عقارك | نوضّح ما سيدخل في النطاق وما لن يدخل | حسب الجدولة اليومية، ومن الأحياء التي نصل إليها غالباً
12051,post,شركة إصلاح تشققات الأسقف والجدران بالمدينة المنورة,https://www.rukn-eltatawer.com/sa/crack-repair-medina/,crack-repair-medina,1954,0,23,32,2,58,0,2026-09-06,2026-09-10,e44773c47e7ad866|n=12,boilerplate_overuse,عبارات قالبية متكررة: تجهيزاً مرتباً قبل انتقال أو موسم ذروة | لا نضع رقماً ثابتاً لا يمثّل عقارك | نوضّح ما سيدخل في النطاق وما لن يدخل | حسب الجدولة اليومية، ومن الأحياء التي نصل إليها غالباً
12923,post,شركة إزالة دهان قديم وتحضير أسطح بالمدينة المنورة,https://www.rukn-eltatawer.com/sa/paint-removal-surface-prep-medina/,paint-removal-surface-prep-medina,2019,0,23,33,2,59,0,2026-09-06,2026-09-10,665e8a7bfddea06d|n=12,boilerplate_overuse,عبارات قالبية متكررة: تجهيزاً مرتباً قبل انتقال أو موسم ذروة | لا نضع رقماً ثابتاً لا يمثّل عقارك | نوضّح ما سيدخل في النطاق وما لن يدخل | حسب الجدولة اليومية، ومن الأحياء التي نصل إليها غالباً
12714,post,حداد أبواب ونوافذ بمكة المكرمة,https://www.rukn-eltatawer.com/sa/blacksmith-doors-windows-mecca/,blacksmith-doors-windows-mecca,1816,0,23,30,2,56,0,2026-09-06,2026-09-10,d346a4b8cd9ce7e2|n=12,boilerplate_overuse,عبارات قالبية متكررة: تجهيزاً مرتباً قبل انتقال أو موسم ذروة | لا نضع رقماً ثابتاً لا يمثّل عقارك | نوضّح ما سيدخل في النطاق وما لن يدخل | حسب الجدولة اليومية، ومن الأحياء التي نصل إليها غالباً
12705,post,نجار أثاث بجدة,https://www.rukn-eltatawer.com/sa/carpenter-jeddah/,carpenter-jeddah,1704,0,23,30,2,56,0,2026-09-06,2026-09-09,06b5c7dd9728b540|n=12,boilerplate_overuse,عبارات قالبية متكررة: تجهيزاً مرتباً قبل انتقال أو موسم ذروة | لا نضع رقماً ثابتاً لا يمثّل عقارك | نوضّح ما سيدخل في النطاق وما لن يدخل | حسب الجدولة اليومية، ومن الأحياء التي نصل إليها غالباً
12733,post,فني جبس بورد بالخبر,https://www.rukn-eltatawer.com/sa/gypsum-tech-khobar/,gypsum-tech-khobar,1737,0,23,33,2,59,0,2026-09-06,2026-09-10,ed88445b31cd53fa|n=12,boilerplate_overuse,عبارات قالبية متكررة: تجهيزاً مرتباً قبل انتقال أو موسم ذروة | لا نضع رقماً ثابتاً لا يمثّل عقارك | نوضّح ما سيدخل في النطاق وما لن يدخل | حسب الجدولة اليومية، ومن الأحياء التي نصل إليها غالباً
12766,post,فني تركيب كاميرات مراقبة بالطائف,https://www.rukn-eltatawer.com/sa/cctv-tech-taif/,cctv-tech-taif,1784,0,23,32,2,58,0,2026-09-06,2026-09-10,1a8cddb99f8ea585|n=12,boilerplate_overuse,عبارات قالبية متكررة: تجهيزاً مرتباً قبل انتقال أو موسم ذروة | لا نضع رقماً ثابتاً لا يمثّل عقارك | نوضّح ما سيدخل في النطاق وما لن يدخل | حسب الجدولة اليومية، ومن الأحياء التي نصل إليها غالباً
12737,post,فني تركيب دش بجدة,https://www.rukn-eltatawer.com/sa/sat-dish-tech-jeddah/,sat-dish-tech-jeddah,1688,0,23,30,2,56,0,2026-09-06,2026-09-10,72bef80589bed4a1|n=12,boilerplate_overuse,عبارات قالبية متكررة: تجهيزاً مرتباً قبل انتقال أو موسم ذروة | لا نضع رقماً ثابتاً لا يمثّل عقارك | نوضّح ما سيدخل في النطاق وما لن يدخل | حسب الجدولة اليومية، ومن الأحياء التي نصل إليها غالباً
12745,post,فني تركيب أقمار صناعية بجدة,https://www.rukn-eltatawer.com/sa/satellite-tech-jeddah/,satellite-tech-jeddah,1753,0,23,30,2,56,0,2026-09-06,2026-09-10,aa34b837eea2d037|n=12,boilerplate_overuse,عبارات قالبية متكررة: تجهيزاً مرتباً قبل انتقال أو موسم ذروة | لا نضع رقماً ثابتاً لا يمثّل عقارك | نوضّح ما سيدخل في النطاق وما لن يدخل | حسب الجدولة اليومية، ومن الأحياء التي نصل إليها غالباً
12769,post,فني أنظمة صوت منزلية بجدة,https://www.rukn-eltatawer.com/sa/home-audio-tech-jeddah/,home-audio-tech-jeddah,1771,0,23,32,2,58,0,2026-09-06,2026-09-10,9c6435213a8fad03|n=12,boilerplate_overuse,عبارات قالبية متكررة: تجهيزاً مرتباً قبل انتقال أو موسم ذروة | لا نضع رقماً ثابتاً لا يمثّل عقارك | نوضّح ما سيدخل في النطاق وما لن يدخل | حسب الجدولة اليومية، ومن الأحياء التي نصل إليها غالباً
12721,post,عامل دهانات بجدة,https://www.rukn-eltatawer.com/sa/painter-jeddah/,painter-jeddah,1753,0,23,33,2,59,0,2026-09-06,2026-09-10,04145549da01d869|n=12,boilerplate_overuse,عبارات قالبية متكررة: تجهيزاً مرتباً قبل انتقال أو موسم ذروة | لا نضع رقماً ثابتاً لا يمثّل عقارك | نوضّح ما سيدخل في النطاق وما لن يدخل | حسب الجدولة اليومية، ومن الأحياء التي نصل إليها غالباً
13114,post,شركة نقل وتركيب مكيفات بمكة المكرمة,https://www.rukn-eltatawer.com/sa/ac-relocation-installation-mecca/,ac-relocation-installation-mecca,1885,0,23,33,2,59,0,2026-09-06,2026-09-10,17c6897884c975bc|n=12,boilerplate_overuse,عبارات قالبية متكررة: تجهيزاً مرتباً قبل انتقال أو موسم ذروة | لا نضع رقماً ثابتاً لا يمثّل عقارك | نوضّح ما سيدخل في النطاق وما لن يدخل | حسب الجدولة اليومية، ومن الأحياء التي نصل إليها غالباً
12482,post,شركة نقل بيانو بمكة المكرمة,https://www.rukn-eltatawer.com/sa/piano-moving-mecca/,piano-moving-mecca,1776,0,23,30,2,56,0,2026-09-06,2026-09-09,465ccc5d71654c13|n=12,boilerplate_overuse,عبارات قالبية متكررة: تجهيزاً مرتباً قبل انتقال أو موسم ذروة | لا نضع رقماً ثابتاً لا يمثّل عقارك | نوضّح ما سيدخل في النطاق وما لن يدخل | حسب الجدولة اليومية، ومن الأحياء التي نصل إليها غالباً
12578,post,شركة مكافحة بق الفراش بمكة المكرمة,https://www.rukn-eltatawer.com/sa/bed-bug-control-mecca/,bed-bug-control-mecca,1888,0,23,32,2,58,0,2026-09-06,2026-09-10,39d19bade74cf692|n=12,boilerplate_overuse,عبارات قالبية متكررة: تجهيزاً مرتباً قبل انتقال أو موسم ذروة | لا نضع رقماً ثابتاً لا يمثّل عقارك | نوضّح ما سيدخل في النطاق وما لن يدخل | حسب الجدولة اليومية، ومن الأحياء التي نصل إليها غالباً
12618,post,شركة مكافحة الوزغ (البرص) بمكة المكرمة,https://www.rukn-eltatawer.com/sa/lizard-control-mecca/,lizard-control-mecca,1891,0,23,32,2,58,0,2026-09-06,2026-09-10,b736da9467c1cdf9|n=12,boilerplate_overuse,عبارات قالبية متكررة: تجهيزاً مرتباً قبل انتقال أو موسم ذروة | لا نضع رقماً ثابتاً لا يمثّل عقارك | نوضّح ما سيدخل في النطاق وما لن يدخل | حسب الجدولة اليومية، ومن الأحياء التي نصل إليها غالباً
12586,post,شركة مكافحة الفئران والقوارض بمكة المكرمة,https://www.rukn-eltatawer.com/sa/rodent-control-mecca/,rodent-control-mecca,1889,0,23,33,2,59,0,2026-09-06,2026-09-10,66bfc5e1fa1c4a76|n=12,boilerplate_overuse,عبارات قالبية متكررة: تجهيزاً مرتباً قبل انتقال أو موسم ذروة | لا نضع رقماً ثابتاً لا يمثّل عقارك | نوضّح ما سيدخل في النطاق وما لن يدخل | حسب الجدولة اليومية، ومن الأحياء التي نصل إليها غالباً
12602,post,شركة مكافحة العقارب بمكة المكرمة,https://www.rukn-eltatawer.com/sa/scorpion-control-mecca/,scorpion-control-mecca,1787,0,23,32,2,58,0,2026-09-06,2026-09-10,fbc6bedb06bbafcb|n=12,boilerplate_overuse,عبارات قالبية متكررة: تجهيزاً مرتباً قبل انتقال أو موسم ذروة | لا نضع رقماً ثابتاً لا يمثّل عقارك | نوضّح ما سيدخل في النطاق وما لن يدخل | حسب الجدولة اليومية، ومن الأحياء التي نصل إليها غالباً
12626,post,شركة مكافحة الطيور بمكة المكرمة,https://www.rukn-eltatawer.com/sa/bird-control-mecca/,bird-control-mecca,1798,0,23,32,2,58,0,2026-09-06,2026-09-10,fde8e844dfe18f28|n=12,boilerplate_overuse,عبارات قالبية متكررة: تجهيزاً مرتباً قبل انتقال أو موسم ذروة | لا نضع رقماً ثابتاً لا يمثّل عقارك | نوضّح ما سيدخل في النطاق وما لن يدخل | حسب الجدولة اليومية، ومن الأحياء التي نصل إليها غالباً
12546,post,شركة مكافحة الحشرات الطائرة بمكة المكرمة,https://www.rukn-eltatawer.com/sa/flying-pest-control-mecca/,flying-pest-control-mecca,1816,0,23,30,2,56,0,2026-09-06,2026-09-10,629a078ef67b5f63|n=12,boilerplate_overuse,عبارات قالبية متكررة: تجهيزاً مرتباً قبل انتقال أو موسم ذروة | لا نضع رقماً ثابتاً لا يمثّل عقارك | نوضّح ما سيدخل في النطاق وما لن يدخل | حسب الجدولة اليومية، ومن الأحياء التي نصل إليها غالباً
12538,post,شركة مكافحة الحشرات الزاحفة بمكة المكرمة,https://www.rukn-eltatawer.com/sa/crawling-pest-control-mecca/,crawling-pest-control-mecca,1866,0,23,31,2,57,0,2026-09-06,2026-09-10,36419259c591fc84|n=12,boilerplate_overuse,عبارات قالبية متكررة: تجهيزاً مرتباً قبل انتقال أو موسم ذروة | لا نضع رقماً ثابتاً لا يمثّل عقارك | نوضّح ما سيدخل في النطاق وما لن يدخل | حسب الجدولة اليومية، ومن الأحياء التي نصل إليها غالباً
12634,post,شركة مكافحة البعوض والذباب بمكة المكرمة,https://www.rukn-eltatawer.com/sa/mosquito-fly-control-mecca/,mosquito-fly-control-mecca,1814,0,23,30,2,56,0,2026-09-06,2026-09-10,aa34b837eea2d037|n=12,boilerplate_overuse,عبارات قالبية متكررة: تجهيزاً مرتباً قبل انتقال أو موسم ذروة | لا نضع رقماً ثابتاً لا يمثّل عقارك | نوضّح ما سيدخل في النطاق وما لن يدخل | حسب الجدولة اليومية، ومن الأحياء التي نصل إليها غالباً
12610,post,شركة مكافحة البراغيث بمكة المكرمة,https://www.rukn-eltatawer.com/sa/flea-control-mecca/,flea-control-mecca,1778,0,23,30,2,56,0,2026-09-06,2026-09-10,33458f987b73fa97|n=12,boilerplate_overuse,عبارات قالبية متكررة: تجهيزاً مرتباً قبل انتقال أو موسم ذروة | لا نضع رقماً ثابتاً لا يمثّل عقارك | نوضّح ما سيدخل في النطاق وما لن يدخل | حسب الجدولة اليومية، ومن الأحياء التي نصل إليها غالباً
12594,post,شركة مكافحة الأفاعي بمكة المكرمة,https://www.rukn-eltatawer.com/sa/snake-control-mecca/,snake-control-mecca,1768,0,23,30,2,56,0,2026-09-06,2026-09-10,cc45816d3b4f36c0|n=12,boilerplate_overuse,عبارات قالبية متكررة: تجهيزاً مرتباً قبل انتقال أو موسم ذروة | لا نضع رقماً ثابتاً لا يمثّل عقارك | نوضّح ما سيدخل في النطاق وما لن يدخل | حسب الجدولة اليومية، ومن الأحياء التي نصل إليها غالباً
12778,post,شركة مكاتب الشحن بمكة المكرمة,https://www.rukn-eltatawer.com/sa/shipping-offices-mecca/,shipping-offices-mecca,1793,0,23,32,2,58,0,2026-09-06,2026-09-10,72423bb12ff8cb7e|n=12,boilerplate_overuse,عبارات قالبية متكررة: تجهيزاً مرتباً قبل انتقال أو موسم ذروة | لا نضع رقماً ثابتاً لا يمثّل عقارك | نوضّح ما سيدخل في النطاق وما لن يدخل | حسب الجدولة اليومية، ومن الأحياء التي نصل إليها غالباً
11371,post,شركة معالجة الرطوبة والعفن بمكة المكرمة,https://www.rukn-eltatawer.com/sa/humidity-treatment-mecca/,humidity-treatment-mecca,1857,0,23,33,2,59,0,2026-09-06,2026-09-10,04145549da01d869|n=12,boilerplate_overuse,عبارات قالبية متكررة: تجهيزاً مرتباً قبل انتقال أو موسم ذروة | لا نضع رقماً ثابتاً لا يمثّل عقارك | نوضّح ما سيدخل في النطاق وما لن يدخل | حسب الجدولة اليومية، ومن الأحياء التي نصل إليها غالباً
13138,post,شركة كشف أعطال تبريد بمكة المكرمة,https://www.rukn-eltatawer.com/sa/cooling-fault-detection-mecca/,cooling-fault-detection-mecca,1883,0,23,31,2,57,0,2026-09-06,2026-09-10,8d1dd7bd27463b2f|n=12,boilerplate_overuse,عبارات قالبية متكررة: تجهيزاً مرتباً قبل انتقال أو موسم ذروة | لا نضع رقماً ثابتاً لا يمثّل عقارك | نوضّح ما سيدخل في النطاق وما لن يدخل | حسب الجدولة اليومية، ومن الأحياء التي نصل إليها غالباً
12042,post,شركة فحص فلل ومباني قبل الشراء بمكة المكرمة,https://www.rukn-eltatawer.com/sa/villa-inspection-mecca/,villa-inspection-mecca,1972,0,23,31,2,57,0,2026-09-06,2026-09-10,a3d2aae29a1b1232|n=12,boilerplate_overuse,عبارات قالبية متكررة: تجهيزاً مرتباً قبل انتقال أو موسم ذروة | لا نضع رقماً ثابتاً لا يمثّل عقارك | نوضّح ما سيدخل في النطاق وما لن يدخل | حسب الجدولة اليومية، ومن الأحياء التي نصل إليها غالباً
12898,post,شركة عزل ودهان أسطح بمكة المكرمة,https://www.rukn-eltatawer.com/sa/roof-insulation-painting-mecca/,roof-insulation-painting-mecca,1876,0,23,33,2,59,0,2026-09-06,2026-09-10,f12acd4ec368ea49|n=12,boilerplate_overuse,عبارات قالبية متكررة: تجهيزاً مرتباً قبل انتقال أو موسم ذروة | لا نضع رقماً ثابتاً لا يمثّل عقارك | نوضّح ما سيدخل في النطاق وما لن يدخل | حسب الجدولة اليومية، ومن الأحياء التي نصل إليها غالباً
11367,post,شركة عزل مطابخ بمكة المكرمة,https://www.rukn-eltatawer.com/sa/kitchen-insulation-mecca/,kitchen-insulation-mecca,1814,0,23,33,2,59,0,2026-09-06,2026-09-10,48fa10a3350b04d8|n=12,boilerplate_overuse,عبارات قالبية متكررة: تجهيزاً مرتباً قبل انتقال أو موسم ذروة | لا نضع رقماً ثابتاً لا يمثّل عقارك | نوضّح ما سيدخل في النطاق وما لن يدخل | حسب الجدولة اليومية، ومن الأحياء التي نصل إليها غالباً
11369,post,شركة عزل مائي بمكة المكرمة,https://www.rukn-eltatawer.com/sa/waterproofing-mecca/,waterproofing-mecca,1885,0,23,33,2,59,0,2026-09-06,2026-09-10,1048bc166cf9495a|n=12,boilerplate_overuse,عبارات قالبية متكررة: تجهيزاً مرتباً قبل انتقال أو موسم ذروة | لا نضع رقماً ثابتاً لا يمثّل عقارك | نوضّح ما سيدخل في النطاق وما لن يدخل | حسب الجدولة اليومية، ومن الأحياء التي نصل إليها غالباً
11370,post,شركة عزل صوتي بمكة المكرمة,https://www.rukn-eltatawer.com/sa/soundproofing-mecca/,soundproofing-mecca,1823,0,23,33,2,59,0,2026-09-06,2026-09-10,f6b2abbcaec150f9|n=12,boilerplate_overuse,عبارات قالبية متكررة: تجهيزاً مرتباً قبل انتقال أو موسم ذروة | لا نضع رقماً ثابتاً لا يمثّل عقارك | نوضّح ما سيدخل في النطاق وما لن يدخل | حسب الجدولة اليومية، ومن الأحياء التي نصل إليها غالباً
11366,post,شركة عزل حمامات بمكة المكرمة,https://www.rukn-eltatawer.com/sa/bathroom-insulation-mecca/,bathroom-insulation-mecca,1814,0,23,33,2,59,0,2026-09-06,2026-09-10,7b6e659aebfd1a49|n=12,boilerplate_overuse,عبارات قالبية متكررة: تجهيزاً مرتباً قبل انتقال أو موسم ذروة | لا نضع رقماً ثابتاً لا يمثّل عقارك | نوضّح ما سيدخل في النطاق وما لن يدخل | حسب الجدولة اليومية، ومن الأحياء التي نصل إليها غالباً
11368,post,شركة عزل حراري بمكة المكرمة,https://www.rukn-eltatawer.com/sa/thermal-insulation-mecca/,thermal-insulation-mecca,1831,0,23,32,2,58,0,2026-09-06,2026-09-10,f9e801281bb45d0f|n=12,boilerplate_overuse,عبارات قالبية متكررة: تجهيزاً مرتباً قبل انتقال أو موسم ذروة | لا نضع رقماً ثابتاً لا يمثّل عقارك | نوضّح ما سيدخل في النطاق وما لن يدخل | حسب الجدولة اليومية، ومن الأحياء التي نصل إليها غالباً
12954,post,شركة صيانة ودهان بعد التسريبات بمكة المكرمة,https://www.rukn-eltatawer.com/sa/post-leak-repaint-maintenance-mecca/,post-leak-repaint-maintenance-mecca,2105,0,23,34,2,60,0,2026-09-06,2026-09-09,f35d1d94c91122f3|n=12,boilerplate_overuse,عبارات قالبية متكررة: تجهيزاً مرتباً قبل انتقال أو موسم ذروة | لا نضع رقماً ثابتاً لا يمثّل عقارك | نوضّح ما سيدخل في النطاق وما لن يدخل | حسب الجدولة اليومية، ومن الأحياء التي نصل إليها غالباً
11198,post,شركة صيانة نشافات بمكة المكرمة,https://www.rukn-eltatawer.com/sa/dryer-maintenance-mecca/,dryer-maintenance-mecca,1824,0,23,32,2,58,0,2026-09-06,2026-09-10,63a9171a8e50571d|n=12,boilerplate_overuse,عبارات قالبية متكررة: تجهيزاً مرتباً قبل انتقال أو موسم ذروة | لا نضع رقماً ثابتاً لا يمثّل عقارك | نوضّح ما سيدخل في النطاق وما لن يدخل | حسب الجدولة اليومية، ومن الأحياء التي نصل إليها غالباً
11199,post,شركة صيانة ميكروويف بمكة المكرمة,https://www.rukn-eltatawer.com/sa/microwave-maintenance-mecca/,microwave-maintenance-mecca,1819,0,23,32,2,58,0,2026-09-06,2026-09-10,3c04d54d984226ce|n=12,boilerplate_overuse,عبارات قالبية متكررة: تجهيزاً مرتباً قبل انتقال أو موسم ذروة | لا نضع رقماً ثابتاً لا يمثّل عقارك | نوضّح ما سيدخل في النطاق وما لن يدخل | حسب الجدولة اليومية، ومن الأحياء التي نصل إليها غالباً
11190,post,شركة صيانة مصاعد بمكة المكرمة,https://www.rukn-eltatawer.com/sa/elevator-maintenance-mecca/,elevator-maintenance-mecca,1769,0,23,30,2,56,0,2026-09-06,2026-09-10,5f12341981793ff2|n=12,boilerplate_overuse,عبارات قالبية متكررة: تجهيزاً مرتباً قبل انتقال أو موسم ذروة | لا نضع رقماً ثابتاً لا يمثّل عقارك | نوضّح ما سيدخل في النطاق وما لن يدخل | حسب الجدولة اليومية، ومن الأحياء التي نصل إليها غالباً
11201,post,شركة صيانة مبردات مياه بمكة المكرمة,https://www.rukn-eltatawer.com/sa/water-cooler-maintenance-mecca/,water-cooler-maintenance-mecca,1870,0,23,30,2,56,0,2026-09-06,2026-09-10,24840a0047f8a6d5|n=12,boilerplate_overuse,عبارات قالبية متكررة: تجهيزاً مرتباً قبل انتقال أو موسم ذروة | لا نضع رقماً ثابتاً لا يمثّل عقارك | نوضّح ما سيدخل في النطاق وما لن يدخل | حسب الجدولة اليومية، ومن الأحياء التي نصل إليها غالباً
11184,post,شركة صيانة مباني بمكة المكرمة,https://www.rukn-eltatawer.com/sa/building-maintenance-mecca/,building-maintenance-mecca,1796,0,23,33,2,59,0,2026-09-06,2026-09-10,04145549da01d869|n=12,boilerplate_overuse,عبارات قالبية متكررة: تجهيزاً مرتباً قبل انتقال أو موسم ذروة | لا نضع رقماً ثابتاً لا يمثّل عقارك | نوضّح ما سيدخل في النطاق وما لن يدخل | حسب الجدولة اليومية، ومن الأحياء التي نصل إليها غالباً
11321,post,شركة صيانة كاميرات مراقبة بأبها,https://www.rukn-eltatawer.com/sa/cctv-maintenance-abha/,cctv-maintenance-abha,1792,0,23,32,2,58,0,2026-09-06,2026-09-10,da13f556f4e451b9|n=12,boilerplate_overuse,عبارات قالبية متكررة: تجهيزاً مرتباً قبل انتقال أو موسم ذروة | لا نضع رقماً ثابتاً لا يمثّل عقارك | نوضّح ما سيدخل في النطاق وما لن يدخل | حسب الجدولة اليومية، ومن الأحياء التي نصل إليها غالباً
11197,post,شركة صيانة غسالات بمكة المكرمة,https://www.rukn-eltatawer.com/sa/washer-maintenance-mecca/,washer-maintenance-mecca,1803,0,23,30,2,56,0,2026-09-06,2026-09-10,aa34b837eea2d037|n=12,boilerplate_overuse,عبارات قالبية متكررة: تجهيزاً مرتباً قبل انتقال أو موسم ذروة | لا نضع رقماً ثابتاً لا يمثّل عقارك | نوضّح ما سيدخل في النطاق وما لن يدخل | حسب الجدولة اليومية، ومن الأحياء التي نصل إليها غالباً
11183,post,شركة صيانة عامة بمكة المكرمة,https://www.rukn-eltatawer.com/sa/general-maintenance-mecca/,general-maintenance-mecca,1778,0,23,31,2,57,0,2026-09-06,2026-09-10,e10c61d5b46175e0|n=12,boilerplate_overuse,عبارات قالبية متكررة: تجهيزاً مرتباً قبل انتقال أو موسم ذروة | لا نضع رقماً ثابتاً لا يمثّل عقارك | نوضّح ما سيدخل في النطاق وما لن يدخل | حسب الجدولة اليومية، ومن الأحياء التي نصل إليها غالباً
13146,post,شركة صيانة ثلاجات وتبريد تجاري بمكة المكرمة,https://www.rukn-eltatawer.com/sa/commercial-refrigeration-maintenance-mecca/,commercial-refrigeration-maintenance-mecca,1927,0,23,31,2,57,0,2026-09-06,2026-09-10,de30b0e5c8889656|n=12,boilerplate_overuse,عبارات قالبية متكررة: تجهيزاً مرتباً قبل انتقال أو موسم ذروة | لا نضع رقماً ثابتاً لا يمثّل عقارك | نوضّح ما سيدخل في النطاق وما لن يدخل | حسب الجدولة اليومية، ومن الأحياء التي نصل إليها غالباً
11196,post,شركة صيانة ثلاجات بمكة المكرمة,https://www.rukn-eltatawer.com/sa/fridge-maintenance-mecca/,fridge-maintenance-mecca,1829,0,23,32,2,58,0,2026-09-06,2026-09-10,dc77d1bb2a56c118|n=12,boilerplate_overuse,عبارات قالبية متكررة: تجهيزاً مرتباً قبل انتقال أو موسم ذروة | لا نضع رقماً ثابتاً لا يمثّل عقارك | نوضّح ما سيدخل في النطاق وما لن يدخل | حسب الجدولة اليومية، ومن الأحياء التي نصل إليها غالباً
11194,post,شركة صيانة بوتاجازات بمكة المكرمة,https://www.rukn-eltatawer.com/sa/stove-maintenance-mecca/,stove-maintenance-mecca,1831,0,23,32,2,58,0,2026-09-06,2026-09-10,8b9743486f1b172b|n=12,boilerplate_overuse,عبارات قالبية متكررة: تجهيزاً مرتباً قبل انتقال أو موسم ذروة | لا نضع رقماً ثابتاً لا يمثّل عقارك | نوضّح ما سيدخل في النطاق وما لن يدخل | حسب الجدولة اليومية، ومن الأحياء التي نصل إليها غالباً
11193,post,شركة صيانة أفران بمكة المكرمة,https://www.rukn-eltatawer.com/sa/oven-maintenance-mecca/,oven-maintenance-mecca,1794,0,23,30,2,56,0,2026-09-06,2026-09-10,99a17f1f3a8c39a1|n=12,boilerplate_overuse,عبارات قالبية متكررة: تجهيزاً مرتباً قبل انتقال أو موسم ذروة | لا نضع رقماً ثابتاً لا يمثّل عقارك | نوضّح ما سيدخل في النطاق وما لن يدخل | حسب الجدولة اليومية، ومن الأحياء التي نصل إليها غالباً
11192,post,شركة صيانة أبواب أوتوماتيكية بمكة المكرمة,https://www.rukn-eltatawer.com/sa/automatic-doors-maintenance-mecca/,automatic-doors-maintenance-mecca,1848,0,23,32,2,58,0,2026-09-06,2026-09-10,3f1922f5358da412|n=12,boilerplate_overuse,عبارات قالبية متكررة: تجهيزاً مرتباً قبل انتقال أو موسم ذروة | لا نضع رقماً ثابتاً لا يمثّل عقارك | نوضّح ما سيدخل في النطاق وما لن يدخل | حسب الجدولة اليومية، ومن الأحياء التي نصل إليها غالباً
12058,post,شركة شفط بيارات بمكة المكرمة,https://www.rukn-eltatawer.com/sa/septic-tank-emptying-mecca/,septic-tank-emptying-mecca,1805,0,23,33,2,59,0,2026-09-06,2026-09-10,c7e655c5032964c7|n=12,boilerplate_overuse,عبارات قالبية متكررة: تجهيزاً مرتباً قبل انتقال أو موسم ذروة | لا نضع رقماً ثابتاً لا يمثّل عقارك | نوضّح ما سيدخل في النطاق وما لن يدخل | حسب الجدولة اليومية، ومن الأحياء التي نصل إليها غالباً
12810,post,شركة شحن طرود سريعة بمكة المكرمة,https://www.rukn-eltatawer.com/sa/express-parcel-shipping-mecca/,express-parcel-shipping-mecca,1835,0,23,30,2,56,0,2026-09-06,2026-09-10,ecaf4f434df2d022|n=12,boilerplate_overuse,عبارات قالبية متكررة: تجهيزاً مرتباً قبل انتقال أو موسم ذروة | لا نضع رقماً ثابتاً لا يمثّل عقارك | نوضّح ما سيدخل في النطاق وما لن يدخل | حسب الجدولة اليومية، ومن الأحياء التي نصل إليها غالباً
12802,post,شركة شحن سيارات بمكة المكرمة,https://www.rukn-eltatawer.com/sa/car-shipping-mecca/,car-shipping-mecca,1777,0,23,30,2,56,0,2026-09-06,2026-09-10,e7f14e9818afd446|n=12,boilerplate_overuse|intent_mismatch,عبارات قالبية متكررة: تجهيزاً مرتباً قبل انتقال أو موسم ذروة | لا نضع رقماً ثابتاً لا يمثّل عقارك | نوضّح ما سيدخل في النطاق وما لن يدخل | حسب الجدولة اليومية، ومن الأحياء التي نصل إليها غالباً || عنوان شحن سيارات بينما النص يعامل الخدمة كخدمة منزل/عقار || شحن سيارات يستخدم صياغة انتقال المنازل
12842,post,شركة شحن دولي جوي بمكة المكرمة,https://www.rukn-eltatawer.com/sa/air-freight-mecca/,air-freight-mecca,1858,0,23,32,2,58,0,2026-09-06,2026-09-10,c6436cd5c0674c40|n=12,boilerplate_overuse,عبارات قالبية متكررة: تجهيزاً مرتباً قبل انتقال أو موسم ذروة | لا نضع رقماً ثابتاً لا يمثّل عقارك | نوضّح ما سيدخل في النطاق وما لن يدخل | حسب الجدولة اليومية، ومن الأحياء التي نصل إليها غالباً
12826,post,شركة شحن دولي بري بمكة المكرمة,https://www.rukn-eltatawer.com/sa/land-freight-mecca/,land-freight-mecca,1832,0,23,30,2,56,0,2026-09-06,2026-09-10,aa34b837eea2d037|n=12,boilerplate_overuse,عبارات قالبية متكررة: تجهيزاً مرتباً قبل انتقال أو موسم ذروة | لا نضع رقماً ثابتاً لا يمثّل عقارك | نوضّح ما سيدخل في النطاق وما لن يدخل | حسب الجدولة اليومية، ومن الأحياء التي نصل إليها غالباً
12834,post,شركة شحن دولي بحري بمكة المكرمة,https://www.rukn-eltatawer.com/sa/sea-freight-mecca/,sea-freight-mecca,1861,0,23,32,2,58,0,2026-09-06,2026-09-10,62ef2021f92e988f|n=12,boilerplate_overuse,عبارات قالبية متكررة: تجهيزاً مرتباً قبل انتقال أو موسم ذروة | لا نضع رقماً ثابتاً لا يمثّل عقارك | نوضّح ما سيدخل في النطاق وما لن يدخل | حسب الجدولة اليومية، ومن الأحياء التي نصل إليها غالباً
12818,post,شركة شحن داخلي داخل بمكة المكرمة,https://www.rukn-eltatawer.com/sa/domestic-shipping-mecca/,domestic-shipping-mecca,1794,0,23,32,2,58,0,2026-09-06,2026-09-10,835063f0db061652|n=12,boilerplate_overuse|intent_mismatch,عبارات قالبية متكررة: تجهيزاً مرتباً قبل انتقال أو موسم ذروة | لا نضع رقماً ثابتاً لا يمثّل عقارك | نوضّح ما سيدخل في النطاق وما لن يدخل | حسب الجدولة اليومية، ومن الأحياء التي نصل إليها غالباً || عنوان شحن بينما الأسئلة تفترض شقق وفلل
12786,post,شركة شحن بضائع بمكة المكرمة,https://www.rukn-eltatawer.com/sa/cargo-shipping-mecca/,cargo-shipping-mecca,1777,0,23,30,2,56,0,2026-09-06,2026-09-10,7f13bd405ddd47b0|n=12,boilerplate_overuse,عبارات قالبية متكررة: تجهيزاً مرتباً قبل انتقال أو موسم ذروة | لا نضع رقماً ثابتاً لا يمثّل عقارك | نوضّح ما سيدخل في النطاق وما لن يدخل | حسب الجدولة اليومية، ومن الأحياء التي نصل إليها غالباً
12362,post,شركة زرع نخيل وأشجار بمكة المكرمة,https://www.rukn-eltatawer.com/sa/palm-tree-planting-mecca/,palm-tree-planting-mecca,1844,0,23,32,2,58,0,2026-09-06,2026-09-10,50709d44ba815443|n=12,boilerplate_overuse,عبارات قالبية متكررة: تجهيزاً مرتباً قبل انتقال أو موسم ذروة | لا نضع رقماً ثابتاً لا يمثّل عقارك | نوضّح ما سيدخل في النطاق وما لن يدخل | حسب الجدولة اليومية، ومن الأحياء التي نصل إليها غالباً
12306,post,شركة دهانات داخلية بمكة المكرمة,https://www.rukn-eltatawer.com/sa/interior-painting-mecca/,interior-painting-mecca,1803,0,23,31,2,57,0,2026-09-06,2026-09-10,9bb9c2bbd95c6f44|n=12,boilerplate_overuse,عبارات قالبية متكررة: تجهيزاً مرتباً قبل انتقال أو موسم ذروة | لا نضع رقماً ثابتاً لا يمثّل عقارك | نوضّح ما سيدخل في النطاق وما لن يدخل | حسب الجدولة اليومية، ومن الأحياء التي نصل إليها غالباً
12314,post,شركة دهانات خارجية بمكة المكرمة,https://www.rukn-eltatawer.com/sa/exterior-painting-mecca/,exterior-painting-mecca,1810,0,23,31,2,57,0,2026-09-06,2026-09-10,8b786e2cadaee683|n=12,boilerplate_overuse,عبارات قالبية متكررة: تجهيزاً مرتباً قبل انتقال أو موسم ذروة | لا نضع رقماً ثابتاً لا يمثّل عقارك | نوضّح ما سيدخل في النطاق وما لن يدخل | حسب الجدولة اليومية، ومن الأحياء التي نصل إليها غالباً
12866,post,شركة دهان واجهات خارجية بمكة المكرمة,https://www.rukn-eltatawer.com/sa/exterior-facade-painting-mecca/,exterior-facade-painting-mecca,1878,0,23,33,2,59,0,2026-09-06,2026-09-10,c11983a8ad610f4e|n=12,boilerplate_overuse,عبارات قالبية متكررة: تجهيزاً مرتباً قبل انتقال أو موسم ذروة | لا نضع رقماً ثابتاً لا يمثّل عقارك | نوضّح ما سيدخل في النطاق وما لن يدخل | حسب الجدولة اليومية، ومن الأحياء التي نصل إليها غالباً
12914,post,شركة دهان مكاتب وشركات بمكة المكرمة,https://www.rukn-eltatawer.com/sa/office-painting-mecca/,office-painting-mecca,1866,0,23,31,2,57,0,2026-09-06,2026-09-10,f97514a2335bd52a|n=12,boilerplate_overuse,عبارات قالبية متكررة: تجهيزاً مرتباً قبل انتقال أو موسم ذروة | لا نضع رقماً ثابتاً لا يمثّل عقارك | نوضّح ما سيدخل في النطاق وما لن يدخل | حسب الجدولة اليومية، ومن الأحياء التي نصل إليها غالباً
12858,post,شركة دهان فلل بمكة المكرمة,https://www.rukn-eltatawer.com/sa/villa-painting-mecca/,villa-painting-mecca,1831,0,23,33,2,59,0,2026-09-06,2026-09-10,d823657329e80085|n=12,boilerplate_overuse,عبارات قالبية متكررة: تجهيزاً مرتباً قبل انتقال أو موسم ذروة | لا نضع رقماً ثابتاً لا يمثّل عقارك | نوضّح ما سيدخل في النطاق وما لن يدخل | حسب الجدولة اليومية، ومن الأحياء التي نصل إليها غالباً
12850,post,شركة دهان شقق بمكة المكرمة,https://www.rukn-eltatawer.com/sa/apartment-painting-mecca/,apartment-painting-mecca,1803,0,23,31,2,57,0,2026-09-06,2026-09-10,aa34b837eea2d037|n=12,boilerplate_overuse,عبارات قالبية متكررة: تجهيزاً مرتباً قبل انتقال أو موسم ذروة | لا نضع رقماً ثابتاً لا يمثّل عقارك | نوضّح ما سيدخل في النطاق وما لن يدخل | حسب الجدولة اليومية، ومن الأحياء التي نصل إليها غالباً
12890,post,شركة دهان بويات عالية الجودة بمكة المكرمة,https://www.rukn-eltatawer.com/sa/premium-paint-finishing-mecca/,premium-paint-finishing-mecca,1935,0,23,31,2,57,0,2026-09-06,2026-09-10,91770bb08f45cd79|n=12,boilerplate_overuse,عبارات قالبية متكررة: تجهيزاً مرتباً قبل انتقال أو موسم ذروة | لا نضع رقماً ثابتاً لا يمثّل عقارك | نوضّح ما سيدخل في النطاق وما لن يدخل | حسب الجدولة اليومية، ومن الأحياء التي نصل إليها غالباً
12946,post,شركة دهان أبواب وشبابيك خشبية بمكة المكرمة,https://www.rukn-eltatawer.com/sa/wood-doors-windows-painting-mecca/,wood-doors-windows-painting-mecca,1929,0,23,31,2,57,0,2026-09-06,2026-09-10,5d91e1cef9680517|n=12,boilerplate_overuse,عبارات قالبية متكررة: تجهيزاً مرتباً قبل انتقال أو موسم ذروة | لا نضع رقماً ثابتاً لا يمثّل عقارك | نوضّح ما سيدخل في النطاق وما لن يدخل | حسب الجدولة اليومية، ومن الأحياء التي نصل إليها غالباً
10932,post,شركة تنظيف وصيانة دكتات المكيفات بمكة المكرمة,https://www.rukn-eltatawer.com/sa/duct-cleaning-mecca/,duct-cleaning-mecca,1938,0,23,33,2,59,0,2026-09-06,2026-09-10,809b082f646e8798|n=12,boilerplate_overuse|intent_mismatch,عبارات قالبية متكررة: تجهيزاً مرتباً قبل انتقال أو موسم ذروة | لا نضع رقماً ثابتاً لا يمثّل عقارك | نوضّح ما سيدخل في النطاق وما لن يدخل | حسب الجدولة اليومية، ومن الأحياء التي نصل إليها غالباً || عنوان عن تكييف بينما النص/الأسئلة تتحدث عن تنظيف منازل أو رخام وخشب
10928,post,شركة تنظيف واجهات زجاجية بمكة المكرمة,https://www.rukn-eltatawer.com/sa/glass-facade-cleaning-mecca/,glass-facade-cleaning-mecca,1836,0,23,30,2,56,0,2026-09-06,2026-09-10,da76937482f19eff|n=12,boilerplate_overuse,عبارات قالبية متكررة: تجهيزاً مرتباً قبل انتقال أو موسم ذروة | لا نضع رقماً ثابتاً لا يمثّل عقارك | نوضّح ما سيدخل في النطاق وما لن يدخل | حسب الجدولة اليومية، ومن الأحياء التي نصل إليها غالباً
10929,post,شركة تنظيف واجهات حجرية بمكة المكرمة,https://www.rukn-eltatawer.com/sa/stone-facade-cleaning-mecca/,stone-facade-cleaning-mecca,1856,0,23,30,2,56,0,2026-09-06,2026-09-10,c1e0c4008dcad4d3|n=12,boilerplate_overuse,عبارات قالبية متكررة: تجهيزاً مرتباً قبل انتقال أو موسم ذروة | لا نضع رقماً ثابتاً لا يمثّل عقارك | نوضّح ما سيدخل في النطاق وما لن يدخل | حسب الجدولة اليومية، ومن الأحياء التي نصل إليها غالباً
10923,post,شركة تنظيف موكيت بمكة المكرمة,https://www.rukn-eltatawer.com/sa/moquette-cleaning-mecca/,moquette-cleaning-mecca,1810,0,23,31,2,57,0,2026-09-06,2026-09-10,89ec2bc080bb66c8|n=12,boilerplate_overuse,عبارات قالبية متكررة: تجهيزاً مرتباً قبل انتقال أو موسم ذروة | لا نضع رقماً ثابتاً لا يمثّل عقارك | نوضّح ما سيدخل في النطاق وما لن يدخل | حسب الجدولة اليومية، ومن الأحياء التي نصل إليها غالباً
10912,post,شركة تنظيف مكاتب بمكة المكرمة,https://www.rukn-eltatawer.com/sa/office-cleaning-mecca/,office-cleaning-mecca,1797,0,23,31,2,57,0,2026-09-06,2026-09-10,aa34b837eea2d037|n=12,boilerplate_overuse,عبارات قالبية متكررة: تجهيزاً مرتباً قبل انتقال أو موسم ذروة | لا نضع رقماً ثابتاً لا يمثّل عقارك | نوضّح ما سيدخل في النطاق وما لن يدخل | حسب الجدولة اليومية، ومن الأحياء التي نصل إليها غالباً
10918,post,شركة تنظيف مطابخ بمكة المكرمة,https://www.rukn-eltatawer.com/sa/kitchen-cleaning-mecca/,kitchen-cleaning-mecca,1794,0,23,31,2,57,0,2026-09-06,2026-09-10,aa34b837eea2d037|n=12,boilerplate_overuse,عبارات قالبية متكررة: تجهيزاً مرتباً قبل انتقال أو موسم ذروة | لا نضع رقماً ثابتاً لا يمثّل عقارك | نوضّح ما سيدخل في النطاق وما لن يدخل | حسب الجدولة اليومية، ومن الأحياء التي نصل إليها غالباً
10915,post,شركة تنظيف مستشفيات وعيادات بمكة المكرمة,https://www.rukn-eltatawer.com/sa/hospital-clinic-cleaning-mecca/,hospital-clinic-cleaning-mecca,1876,0,23,33,2,59,0,2026-09-06,2026-09-10,df59706218e777d2|n=12,boilerplate_overuse,عبارات قالبية متكررة: تجهيزاً مرتباً قبل انتقال أو موسم ذروة | لا نضع رقماً ثابتاً لا يمثّل عقارك | نوضّح ما سيدخل في النطاق وما لن يدخل | حسب الجدولة اليومية، ومن الأحياء التي نصل إليها غالباً
10926,post,شركة تنظيف مراتب بمكة المكرمة,https://www.rukn-eltatawer.com/sa/mattress-cleaning-mecca/,mattress-cleaning-mecca,1810,0,23,33,2,59,0,2026-09-06,2026-09-10,04145549da01d869|n=12,boilerplate_overuse,عبارات قالبية متكررة: تجهيزاً مرتباً قبل انتقال أو موسم ذروة | لا نضع رقماً ثابتاً لا يمثّل عقارك | نوضّح ما سيدخل في النطاق وما لن يدخل | حسب الجدولة اليومية، ومن الأحياء التي نصل إليها غالباً
10914,post,شركة تنظيف مدارس وحضانات بمكة المكرمة,https://www.rukn-eltatawer.com/sa/school-nursery-cleaning-mecca/,school-nursery-cleaning-mecca,1865,0,23,31,2,57,0,2026-09-06,2026-09-10,78e6b208f61c34ef|n=12,boilerplate_overuse,عبارات قالبية متكررة: تجهيزاً مرتباً قبل انتقال أو موسم ذروة | لا نضع رقماً ثابتاً لا يمثّل عقارك | نوضّح ما سيدخل في النطاق وما لن يدخل | حسب الجدولة اليومية، ومن الأحياء التي نصل إليها غالباً
10916,post,شركة تنظيف محلات تجارية ومولات بمكة المكرمة,https://www.rukn-eltatawer.com/sa/mall-cleaning-mecca/,mall-cleaning-mecca,1941,0,23,33,2,59,0,2026-09-06,2026-09-10,697dfcfe0e5ed84f|n=12,boilerplate_overuse,عبارات قالبية متكررة: تجهيزاً مرتباً قبل انتقال أو موسم ذروة | لا نضع رقماً ثابتاً لا يمثّل عقارك | نوضّح ما سيدخل في النطاق وما لن يدخل | حسب الجدولة اليومية، ومن الأحياء التي نصل إليها غالباً
10913,post,شركة تنظيف مجالس بمكة المكرمة,https://www.rukn-eltatawer.com/sa/majlis-cleaning-mecca/,majlis-cleaning-mecca,1749,0,23,30,2,56,0,2026-09-06,2026-09-10,517ddcdc4eabbb0e|n=12,boilerplate_overuse,عبارات قالبية متكررة: تجهيزاً مرتباً قبل انتقال أو موسم ذروة | لا نضع رقماً ثابتاً لا يمثّل عقارك | نوضّح ما سيدخل في النطاق وما لن يدخل | حسب الجدولة اليومية، ومن الأحياء التي نصل إليها غالباً
10930,post,شركة تنظيف كراجات ومواقف سيارات بمكة المكرمة,https://www.rukn-eltatawer.com/sa/garage-cleaning-mecca/,garage-cleaning-mecca,1955,0,23,33,2,59,0,2026-09-06,2026-09-10,25c53be57ce140b9|n=12,boilerplate_overuse,عبارات قالبية متكررة: تجهيزاً مرتباً قبل انتقال أو موسم ذروة | لا نضع رقماً ثابتاً لا يمثّل عقارك | نوضّح ما سيدخل في النطاق وما لن يدخل | حسب الجدولة اليومية، ومن الأحياء التي نصل إليها غالباً
10911,post,شركة تنظيف قصور بمكة المكرمة,https://www.rukn-eltatawer.com/sa/palace-cleaning-mecca/,palace-cleaning-mecca,1815,0,23,33,2,59,0,2026-09-06,2026-09-10,50c5892e180f8ecd|n=12,boilerplate_overuse,عبارات قالبية متكررة: تجهيزاً مرتباً قبل انتقال أو موسم ذروة | لا نضع رقماً ثابتاً لا يمثّل عقارك | نوضّح ما سيدخل في النطاق وما لن يدخل | حسب الجدولة اليومية، ومن الأحياء التي نصل إليها غالباً
10920,post,شركة تنظيف خزانات مياه بمكة المكرمة,https://www.rukn-eltatawer.com/sa/water-tank-cleaning-mecca/,water-tank-cleaning-mecca,1890,0,23,31,2,57,0,2026-09-06,2026-09-10,660c880767eaf602|n=12,boilerplate_overuse,عبارات قالبية متكررة: تجهيزاً مرتباً قبل انتقال أو موسم ذروة | لا نضع رقماً ثابتاً لا يمثّل عقارك | نوضّح ما سيدخل في النطاق وما لن يدخل | حسب الجدولة اليومية، ومن الأحياء التي نصل إليها غالباً
10921,post,شركة تنظيف خزانات ديزل بمكة المكرمة,https://www.rukn-eltatawer.com/sa/diesel-tank-cleaning-mecca/,diesel-tank-cleaning-mecca,1884,0,23,31,2,57,0,2026-09-06,2026-09-10,54c7dfbcaf547abe|n=12,boilerplate_overuse,عبارات قالبية متكررة: تجهيزاً مرتباً قبل انتقال أو موسم ذروة | لا نضع رقماً ثابتاً لا يمثّل عقارك | نوضّح ما سيدخل في النطاق وما لن يدخل | حسب الجدولة اليومية، ومن الأحياء التي نصل إليها غالباً
10919,post,شركة تنظيف حمامات بمكة المكرمة,https://www.rukn-eltatawer.com/sa/bathroom-cleaning-mecca/,bathroom-cleaning-mecca,1811,0,23,31,2,57,0,2026-09-06,2026-09-10,ad1bf611597c5131|n=12,boilerplate_overuse,عبارات قالبية متكررة: تجهيزاً مرتباً قبل انتقال أو موسم ذروة | لا نضع رقماً ثابتاً لا يمثّل عقارك | نوضّح ما سيدخل في النطاق وما لن يدخل | حسب الجدولة اليومية، ومن الأحياء التي نصل إليها غالباً
12490,post,شركة تغليف أثاث احترافي بمكة المكرمة,https://www.rukn-eltatawer.com/sa/furniture-packaging-mecca/,furniture-packaging-mecca,1866,0,23,33,2,59,0,2026-09-06,2026-09-09,f57fcf7df5f5867b|n=12,boilerplate_overuse,عبارات قالبية متكررة: تجهيزاً مرتباً قبل انتقال أو موسم ذروة | لا نضع رقماً ثابتاً لا يمثّل عقارك | نوضّح ما سيدخل في النطاق وما لن يدخل | حسب الجدولة اليومية، ومن الأحياء التي نصل إليها غالباً
12906,post,شركة تشطيب ودهان فلل جديدة بمكة المكرمة,https://www.rukn-eltatawer.com/sa/new-villa-finishing-painting-mecca/,new-villa-finishing-painting-mecca,1953,0,23,31,2,57,0,2026-09-06,2026-09-10,93a3bf6529c14f57|n=12,boilerplate_overuse,عبارات قالبية متكررة: تجهيزاً مرتباً قبل انتقال أو موسم ذروة | لا نضع رقماً ثابتاً لا يمثّل عقارك | نوضّح ما سيدخل في النطاق وما لن يدخل | حسب الجدولة اليومية، ومن الأحياء التي نصل إليها غالباً
12026,post,شركة ترميم وصيانة مباني بمكة المكرمة,https://www.rukn-eltatawer.com/sa/building-renovation-mecca/,building-renovation-mecca,1874,0,23,33,2,59,0,2026-09-06,2026-09-10,697cb8007f29c2f0|n=12,boilerplate_overuse,عبارات قالبية متكررة: تجهيزاً مرتباً قبل انتقال أو موسم ذروة | لا نضع رقماً ثابتاً لا يمثّل عقارك | نوضّح ما سيدخل في النطاق وما لن يدخل | حسب الجدولة اليومية، ومن الأحياء التي نصل إليها غالباً
12034,post,شركة ترميم منازل قديمة بمكة المكرمة,https://www.rukn-eltatawer.com/sa/old-house-renovation-mecca/,old-house-renovation-mecca,1879,0,23,33,2,59,0,2026-09-06,2026-09-10,270ea543f22c79a0|n=12,boilerplate_overuse,عبارات قالبية متكررة: تجهيزاً مرتباً قبل انتقال أو موسم ذروة | لا نضع رقماً ثابتاً لا يمثّل عقارك | نوضّح ما سيدخل في النطاق وما لن يدخل | حسب الجدولة اليومية، ومن الأحياء التي نصل إليها غالباً
12018,post,شركة ترميم مطابخ بمكة المكرمة,https://www.rukn-eltatawer.com/sa/kitchen-renovation-mecca/,kitchen-renovation-mecca,1776,0,23,31,2,57,0,2026-09-06,2026-09-10,68e5b1be4fc1adbc|n=12,boilerplate_overuse,عبارات قالبية متكررة: تجهيزاً مرتباً قبل انتقال أو موسم ذروة | لا نضع رقماً ثابتاً لا يمثّل عقارك | نوضّح ما سيدخل في النطاق وما لن يدخل | حسب الجدولة اليومية، ومن الأحياء التي نصل إليها غالباً
12010,post,شركة ترميم حمامات بمكة المكرمة,https://www.rukn-eltatawer.com/sa/bathroom-renovation-mecca/,bathroom-renovation-mecca,1796,0,23,33,2,59,0,2026-09-06,2026-09-10,288aabe83dd05b0f|n=12,boilerplate_overuse,عبارات قالبية متكررة: تجهيزاً مرتباً قبل انتقال أو موسم ذروة | لا نضع رقماً ثابتاً لا يمثّل عقارك | نوضّح ما سيدخل في النطاق وما لن يدخل | حسب الجدولة اليومية، ومن الأحياء التي نصل إليها غالباً
12498,post,شركة تركيب وفك الأثاث بمكة المكرمة,https://www.rukn-eltatawer.com/sa/furniture-assembly-mecca/,furniture-assembly-mecca,1892,0,23,33,2,59,0,2026-09-06,2026-09-09,e10b558c48818214|n=12,boilerplate_overuse,عبارات قالبية متكررة: تجهيزاً مرتباً قبل انتقال أو موسم ذروة | لا نضع رقماً ثابتاً لا يمثّل عقارك | نوضّح ما سيدخل في النطاق وما لن يدخل | حسب الجدولة اليومية، ومن الأحياء التي نصل إليها غالباً
11206,post,شركة تركيب وصيانة فلاتر مياه بمكة المكرمة,https://www.rukn-eltatawer.com/sa/water-filters-mecca/,water-filters-mecca,1918,0,23,31,2,57,0,2026-09-06,2026-09-10,8b9e91cb660fbd80|n=12,boilerplate_overuse,عبارات قالبية متكررة: تجهيزاً مرتباً قبل انتقال أو موسم ذروة | لا نضع رقماً ثابتاً لا يمثّل عقارك | نوضّح ما سيدخل في النطاق وما لن يدخل | حسب الجدولة اليومية، ومن الأحياء التي نصل إليها غالباً
11203,post,شركة تركيب وصيانة شفاطات مطابخ بمكة المكرمة,https://www.rukn-eltatawer.com/sa/kitchen-hoods-mecca/,kitchen-hoods-mecca,1916,0,23,31,2,57,0,2026-09-06,2026-09-10,083c1fe2326f1827|n=12,boilerplate_overuse,عبارات قالبية متكررة: تجهيزاً مرتباً قبل انتقال أو موسم ذروة | لا نضع رقماً ثابتاً لا يمثّل عقارك | نوضّح ما سيدخل في النطاق وما لن يدخل | حسب الجدولة اليومية، ومن الأحياء التي نصل إليها غالباً
11208,post,شركة تركيب وصيانة أنظمة تنقية الهواء بمكة المكرمة,https://www.rukn-eltatawer.com/sa/air-purification-mecca/,air-purification-mecca,1967,0,23,31,2,57,0,2026-09-06,2026-09-10,c86823299023f306|n=12,boilerplate_overuse,عبارات قالبية متكررة: تجهيزاً مرتباً قبل انتقال أو موسم ذروة | لا نضع رقماً ثابتاً لا يمثّل عقارك | نوضّح ما سيدخل في النطاق وما لن يدخل | حسب الجدولة اليومية، ومن الأحياء التي نصل إليها غالباً
11207,post,شركة تركيب وصيانة أجهزة تبريد مياه الخزانات بمكة المكرمة,https://www.rukn-eltatawer.com/sa/tank-water-chiller-mecca/,tank-water-chiller-mecca,2110,0,23,33,2,59,0,2026-09-06,2026-09-10,5656996419a81395|n=12,boilerplate_overuse,عبارات قالبية متكررة: تجهيزاً مرتباً قبل انتقال أو موسم ذروة | لا نضع رقماً ثابتاً لا يمثّل عقارك | نوضّح ما سيدخل في النطاق وما لن يدخل | حسب الجدولة اليومية، ومن الأحياء التي نصل إليها غالباً
12874,post,شركة تركيب ورق حائط بمكة المكرمة,https://www.rukn-eltatawer.com/sa/wallpaper-installation-mecca/,wallpaper-installation-mecca,1877,0,23,33,2,59,0,2026-09-06,2026-09-10,97182773721d4d78|n=12,boilerplate_overuse,عبارات قالبية متكررة: تجهيزاً مرتباً قبل انتقال أو موسم ذروة | لا نضع رقماً ثابتاً لا يمثّل عقارك | نوضّح ما سيدخل في النطاق وما لن يدخل | حسب الجدولة اليومية، ومن الأحياء التي نصل إليها غالباً
12170,post,شركة تركيب ورق جدران بمكة المكرمة,https://www.rukn-eltatawer.com/sa/wallpaper-mecca/,wallpaper-mecca,1882,0,23,33,2,59,0,2026-09-06,2026-09-10,00a641b2ca4e6385|n=12,boilerplate_overuse,عبارات قالبية متكررة: تجهيزاً مرتباً قبل انتقال أو موسم ذروة | لا نضع رقماً ثابتاً لا يمثّل عقارك | نوضّح ما سيدخل في النطاق وما لن يدخل | حسب الجدولة اليومية، ومن الأحياء التي نصل إليها غالباً
12450,post,شركة تركيب نوافير جدارية بمكة المكرمة,https://www.rukn-eltatawer.com/sa/wall-fountain-mecca/,wall-fountain-mecca,1871,0,23,33,2,59,0,2026-09-06,2026-09-10,29fdbcb3ab071946|n=12,boilerplate_overuse,عبارات قالبية متكررة: تجهيزاً مرتباً قبل انتقال أو موسم ذروة | لا نضع رقماً ثابتاً لا يمثّل عقارك | نوضّح ما سيدخل في النطاق وما لن يدخل | حسب الجدولة اليومية، ومن الأحياء التي نصل إليها غالباً
12234,post,شركة تركيب مظلات وسواتر بمكة المكرمة,https://www.rukn-eltatawer.com/sa/shades-sails-mecca/,shades-sails-mecca,1841,0,23,30,2,56,0,2026-09-06,2026-09-10,54d1f2cd080d25bd|n=12,boilerplate_overuse,عبارات قالبية متكررة: تجهيزاً مرتباً قبل انتقال أو موسم ذروة | لا نضع رقماً ثابتاً لا يمثّل عقارك | نوضّح ما سيدخل في النطاق وما لن يدخل | حسب الجدولة اليومية، ومن الأحياء التي نصل إليها غالباً
12210,post,شركة تركيب مطابخ بمكة المكرمة,https://www.rukn-eltatawer.com/sa/kitchen-installation-mecca/,kitchen-installation-mecca,1808,0,23,33,2,59,0,2026-09-06,2026-09-10,946a347e15621548|n=12,boilerplate_overuse,عبارات قالبية متكررة: تجهيزاً مرتباً قبل انتقال أو موسم ذروة | لا نضع رقماً ثابتاً لا يمثّل عقارك | نوضّح ما سيدخل في النطاق وما لن يدخل | حسب الجدولة اليومية، ومن الأحياء التي نصل إليها غالباً
12650,post,شركة تركيب مسامير طاردة للحمام بمكة المكرمة,https://www.rukn-eltatawer.com/sa/pigeon-spikes-installation-mecca/,pigeon-spikes-installation-mecca,1920,0,23,30,2,56,0,2026-09-06,2026-09-10,47f35754230f7032|n=12,boilerplate_overuse,عبارات قالبية متكررة: تجهيزاً مرتباً قبل انتقال أو موسم ذروة | لا نضع رقماً ثابتاً لا يمثّل عقارك | نوضّح ما سيدخل في النطاق وما لن يدخل | حسب الجدولة اليومية، ومن الأحياء التي نصل إليها غالباً
12082,post,شركة تركيب كربستون بمكة المكرمة,https://www.rukn-eltatawer.com/sa/kerbstone-mecca/,kerbstone-mecca,1798,0,23,32,2,58,0,2026-09-06,2026-09-10,aa4c82d798ca2ba0|n=12,boilerplate_overuse,عبارات قالبية متكررة: تجهيزاً مرتباً قبل انتقال أو موسم ذروة | لا نضع رقماً ثابتاً لا يمثّل عقارك | نوضّح ما سيدخل في النطاق وما لن يدخل | حسب الجدولة اليومية، ومن الأحياء التي نصل إليها غالباً
12146,post,شركة تركيب فوم للجدران بمكة المكرمة,https://www.rukn-eltatawer.com/sa/wall-foam-mecca/,wall-foam-mecca,1915,0,23,31,2,57,0,2026-09-06,2026-09-10,aa34b837eea2d037|n=12,boilerplate_overuse,عبارات قالبية متكررة: تجهيزاً مرتباً قبل انتقال أو موسم ذروة | لا نضع رقماً ثابتاً لا يمثّل عقارك | نوضّح ما سيدخل في النطاق وما لن يدخل | حسب الجدولة اليومية، ومن الأحياء التي نصل إليها غالباً
12194,post,شركة تركيب فواصل زجاجية وألومنيوم بمكة المكرمة,https://www.rukn-eltatawer.com/sa/glass-aluminium-partitions-mecca/,glass-aluminium-partitions-mecca,1911,0,23,30,2,56,0,2026-09-06,2026-09-10,138f9f67ebf90b75|n=12,boilerplate_overuse,عبارات قالبية متكررة: تجهيزاً مرتباً قبل انتقال أو موسم ذروة | لا نضع رقماً ثابتاً لا يمثّل عقارك | نوضّح ما سيدخل في النطاق وما لن يدخل | حسب الجدولة اليومية، ومن الأحياء التي نصل إليها غالباً
12426,post,شركة تركيب عرائش خشبية بمكة المكرمة,https://www.rukn-eltatawer.com/sa/wooden-arbor-installation-mecca/,wooden-arbor-installation-mecca,1841,0,23,30,2,56,0,2026-09-06,2026-09-10,98947eb0fd4805af|n=12,boilerplate_overuse,عبارات قالبية متكررة: تجهيزاً مرتباً قبل انتقال أو موسم ذروة | لا نضع رقماً ثابتاً لا يمثّل عقارك | نوضّح ما سيدخل في النطاق وما لن يدخل | حسب الجدولة اليومية، ومن الأحياء التي نصل إليها غالباً
12090,post,شركة تركيب طابوق بمكة المكرمة,https://www.rukn-eltatawer.com/sa/brickwork-mecca/,brickwork-mecca,1790,0,23,32,2,58,0,2026-09-06,2026-09-10,a539ce3ba9b56c9b|n=12,boilerplate_overuse,عبارات قالبية متكررة: تجهيزاً مرتباً قبل انتقال أو موسم ذروة | لا نضع رقماً ثابتاً لا يمثّل عقارك | نوضّح ما سيدخل في النطاق وما لن يدخل | حسب الجدولة اليومية، ومن الأحياء التي نصل إليها غالباً
12442,post,شركة تركيب شلالات اصطناعية بمكة المكرمة,https://www.rukn-eltatawer.com/sa/artificial-waterfall-mecca/,artificial-waterfall-mecca,1860,0,23,33,2,59,0,2026-09-06,2026-09-10,119958e6993d3a38|n=12,boilerplate_overuse,عبارات قالبية متكررة: تجهيزاً مرتباً قبل انتقال أو موسم ذروة | لا نضع رقماً ثابتاً لا يمثّل عقارك | نوضّح ما سيدخل في النطاق وما لن يدخل | حسب الجدولة اليومية، ومن الأحياء التي نصل إليها غالباً
12378,post,شركة تركيب شبكات ري حديثة بمكة المكرمة,https://www.rukn-eltatawer.com/sa/modern-irrigation-mecca/,modern-irrigation-mecca,1889,0,23,30,2,56,0,2026-09-06,2026-09-10,aa34b837eea2d037|n=12,boilerplate_overuse,عبارات قالبية متكررة: تجهيزاً مرتباً قبل انتقال أو موسم ذروة | لا نضع رقماً ثابتاً لا يمثّل عقارك | نوضّح ما سيدخل في النطاق وما لن يدخل | حسب الجدولة اليومية، ومن الأحياء التي نصل إليها غالباً
12386,post,شركة تركيب شبكات ري أوتوماتيكية بمكة المكرمة,https://www.rukn-eltatawer.com/sa/automatic-irrigation-mecca/,automatic-irrigation-mecca,1891,0,23,30,2,56,0,2026-09-06,2026-09-10,6f141a5fba1c80ea|n=12,boilerplate_overuse,عبارات قالبية متكررة: تجهيزاً مرتباً قبل انتقال أو موسم ذروة | لا نضع رقماً ثابتاً لا يمثّل عقارك | نوضّح ما سيدخل في النطاق وما لن يدخل | حسب الجدولة اليومية، ومن الأحياء التي نصل إليها غالباً
12642,post,شركة تركيب شبك طارد للحمام بمكة المكرمة,https://www.rukn-eltatawer.com/sa/pigeon-net-installation-mecca/,pigeon-net-installation-mecca,1897,0,23,30,2,56,0,2026-09-06,2026-09-10,6399a03d9ca7a8f5|n=12,boilerplate_overuse,عبارات قالبية متكررة: تجهيزاً مرتباً قبل انتقال أو موسم ذروة | لا نضع رقماً ثابتاً لا يمثّل عقارك | نوضّح ما سيدخل في النطاق وما لن يدخل | حسب الجدولة اليومية، ومن الأحياء التي نصل إليها غالباً
12226,post,شركة تركيب شبابيك بمكة المكرمة,https://www.rukn-eltatawer.com/sa/windows-installation-mecca/,windows-installation-mecca,1790,0,23,32,2,58,0,2026-09-06,2026-09-10,a01704068ab65932|n=12,boilerplate_overuse,عبارات قالبية متكررة: تجهيزاً مرتباً قبل انتقال أو موسم ذروة | لا نضع رقماً ثابتاً لا يمثّل عقارك | نوضّح ما سيدخل في النطاق وما لن يدخل | حسب الجدولة اليومية، ومن الأحياء التي نصل إليها غالباً
12106,post,شركة تركيب سيراميك وبورسلين بمكة المكرمة,https://www.rukn-eltatawer.com/sa/ceramic-porcelain-mecca/,ceramic-porcelain-mecca,1842,0,23,32,2,58,0,2026-09-06,2026-09-10,4b1c7e5ba45a04d1|n=12,boilerplate_overuse,عبارات قالبية متكررة: تجهيزاً مرتباً قبل انتقال أو موسم ذروة | لا نضع رقماً ثابتاً لا يمثّل عقارك | نوضّح ما سيدخل في النطاق وما لن يدخل | حسب الجدولة اليومية، ومن الأحياء التي نصل إليها غالباً
12178,post,شركة تركيب سجاد أرضيات بمكة المكرمة,https://www.rukn-eltatawer.com/sa/floor-carpeting-mecca/,floor-carpeting-mecca,1829,0,23,32,2,58,0,2026-09-06,2026-09-09,04145549da01d869|n=12,boilerplate_overuse,عبارات قالبية متكررة: تجهيزاً مرتباً قبل انتقال أو موسم ذروة | لا نضع رقماً ثابتاً لا يمثّل عقارك | نوضّح ما سيدخل في النطاق وما لن يدخل | حسب الجدولة اليومية، ومن الأحياء التي نصل إليها غالباً
12202,post,شركة تركيب زجاج وألوميتال بمكة المكرمة,https://www.rukn-eltatawer.com/sa/glass-alumetal-mecca/,glass-alumetal-mecca,1856,0,23,30,2,56,0,2026-09-06,2026-09-10,19fcf20bb0adf6f6|n=12,boilerplate_overuse,عبارات قالبية متكررة: تجهيزاً مرتباً قبل انتقال أو موسم ذروة | لا نضع رقماً ثابتاً لا يمثّل عقارك | نوضّح ما سيدخل في النطاق وما لن يدخل | حسب الجدولة اليومية، ومن الأحياء التي نصل إليها غالباً
12138,post,شركة تركيب رخام وجرانيت بمكة المكرمة,https://www.rukn-eltatawer.com/sa/marble-granite-mecca/,marble-granite-mecca,1856,0,23,32,2,58,0,2026-09-06,2026-09-09,d0812a4c0e3138cb|n=12,boilerplate_overuse,عبارات قالبية متكررة: تجهيزاً مرتباً قبل انتقال أو موسم ذروة | لا نضع رقماً ثابتاً لا يمثّل عقارك | نوضّح ما سيدخل في النطاق وما لن يدخل | حسب الجدولة اليومية، ومن الأحياء التي نصل إليها غالباً
12130,post,شركة تركيب حجر طبيعي وصناعي بمكة المكرمة,https://www.rukn-eltatawer.com/sa/stone-mecca/,stone-mecca,1899,0,23,32,2,58,0,2026-09-06,2026-09-10,04145549da01d869|n=12,boilerplate_overuse,عبارات قالبية متكررة: تجهيزاً مرتباً قبل انتقال أو موسم ذروة | لا نضع رقماً ثابتاً لا يمثّل عقارك | نوضّح ما سيدخل في النطاق وما لن يدخل | حسب الجدولة اليومية، ومن الأحياء التي نصل إليها غالباً
12098,post,شركة تركيب بلاستر بمكة المكرمة,https://www.rukn-eltatawer.com/sa/plastering-mecca/,plastering-mecca,1791,0,23,32,2,58,0,2026-09-06,2026-09-10,903ba90a9980abdf|n=12,boilerplate_overuse,عبارات قالبية متكررة: تجهيزاً مرتباً قبل انتقال أو موسم ذروة | لا نضع رقماً ثابتاً لا يمثّل عقارك | نوضّح ما سيدخل في النطاق وما لن يدخل | حسب الجدولة اليومية، ومن الأحياء التي نصل إليها غالباً
12418,post,شركة تركيب برجولات بمكة المكرمة,https://www.rukn-eltatawer.com/sa/pergola-installation-mecca/,pergola-installation-mecca,1772,0,23,30,2,56,0,2026-09-06,2026-09-10,be63f6007c10cdfc|n=12,boilerplate_overuse,عبارات قالبية متكررة: تجهيزاً مرتباً قبل انتقال أو موسم ذروة | لا نضع رقماً ثابتاً لا يمثّل عقارك | نوضّح ما سيدخل في النطاق وما لن يدخل | حسب الجدولة اليومية، ومن الأحياء التي نصل إليها غالباً
12074,post,شركة تركيب انترلوك بمكة المكرمة,https://www.rukn-eltatawer.com/sa/interlock-mecca/,interlock-mecca,1784,0,23,30,2,56,0,2026-09-06,2026-09-10,0d45754b79f8c0db|n=12,boilerplate_overuse,عبارات قالبية متكررة: تجهيزاً مرتباً قبل انتقال أو موسم ذروة | لا نضع رقماً ثابتاً لا يمثّل عقارك | نوضّح ما سيدخل في النطاق وما لن يدخل | حسب الجدولة اليومية، ومن الأحياء التي نصل إليها غالباً
12514,post,شركة تركيب أنظمة طاقة شمسية بمكة المكرمة,https://www.rukn-eltatawer.com/sa/solar-systems-installation-mecca/,solar-systems-installation-mecca,1921,0,23,33,2,59,0,2026-09-06,2026-09-10,de1f690db8bc016b|n=12,boilerplate_overuse,عبارات قالبية متكررة: تجهيزاً مرتباً قبل انتقال أو موسم ذروة | لا نضع رقماً ثابتاً لا يمثّل عقارك | نوضّح ما سيدخل في النطاق وما لن يدخل | حسب الجدولة اليومية، ومن الأحياء التي نصل إليها غالباً
12186,post,شركة تركيب أسقف مستعارة بمكة المكرمة,https://www.rukn-eltatawer.com/sa/suspended-ceiling-mecca/,suspended-ceiling-mecca,1875,0,23,33,2,59,0,2026-09-06,2026-09-10,fac1ab830c4f4d7a|n=12,boilerplate_overuse,عبارات قالبية متكررة: تجهيزاً مرتباً قبل انتقال أو موسم ذروة | لا نضع رقماً ثابتاً لا يمثّل عقارك | نوضّح ما سيدخل في النطاق وما لن يدخل | حسب الجدولة اليومية، ومن الأحياء التي نصل إليها غالباً
12122,post,شركة تركيب أرضيات فينيل بمكة المكرمة,https://www.rukn-eltatawer.com/sa/vinyl-flooring-mecca/,vinyl-flooring-mecca,1807,0,23,30,2,56,0,2026-09-06,2026-09-10,e05410806d6a9264|n=12,boilerplate_overuse,عبارات قالبية متكررة: تجهيزاً مرتباً قبل انتقال أو موسم ذروة | لا نضع رقماً ثابتاً لا يمثّل عقارك | نوضّح ما سيدخل في النطاق وما لن يدخل | حسب الجدولة اليومية، ومن الأحياء التي نصل إليها غالباً
13034,post,شركة تركيب أدوات صحية بمكة المكرمة,https://www.rukn-eltatawer.com/sa/sanitary-fixtures-installation-mecca/,sanitary-fixtures-installation-mecca,1845,0,23,31,2,57,0,2026-09-06,2026-09-10,aa34b837eea2d037|n=12,boilerplate_overuse,عبارات قالبية متكررة: تجهيزاً مرتباً قبل انتقال أو موسم ذروة | لا نضع رقماً ثابتاً لا يمثّل عقارك | نوضّح ما سيدخل في النطاق وما لن يدخل | حسب الجدولة اليومية، ومن الأحياء التي نصل إليها غالباً
12658,post,شركة تركيب أجهزة صوتية لطرد الطيور بمكة المكرمة,https://www.rukn-eltatawer.com/sa/bird-sound-device-mecca/,bird-sound-device-mecca,1963,0,23,30,2,56,0,2026-09-06,2026-09-10,716fe0d443715ba6|n=12,boilerplate_overuse,عبارات قالبية متكررة: تجهيزاً مرتباً قبل انتقال أو موسم ذروة | لا نضع رقماً ثابتاً لا يمثّل عقارك | نوضّح ما سيدخل في النطاق وما لن يدخل | حسب الجدولة اليومية، ومن الأحياء التي نصل إليها غالباً
12218,post,شركة تركيب أبواب بمكة المكرمة,https://www.rukn-eltatawer.com/sa/doors-installation-mecca/,doors-installation-mecca,1795,0,23,32,2,58,0,2026-09-06,2026-09-10,04145549da01d869|n=12,boilerplate_overuse,عبارات قالبية متكررة: تجهيزاً مرتباً قبل انتقال أو موسم ذروة | لا نضع رقماً ثابتاً لا يمثّل عقارك | نوضّح ما سيدخل في النطاق وما لن يدخل | حسب الجدولة اليومية، ومن الأحياء التي نصل إليها غالباً
12506,post,شركة تخزين أثاث بمكة المكرمة,https://www.rukn-eltatawer.com/sa/furniture-storage-mecca/,furniture-storage-mecca,1790,0,23,31,2,57,0,2026-09-06,2026-09-09,b7005b4ffdcef8b7|n=12,boilerplate_overuse,عبارات قالبية متكررة: تجهيزاً مرتباً قبل انتقال أو موسم ذروة | لا نضع رقماً ثابتاً لا يمثّل عقارك | نوضّح ما سيدخل في النطاق وما لن يدخل | حسب الجدولة اليومية، ومن الأحياء التي نصل إليها غالباً
11372,post,شركة تبطين وصيانة خزانات مياه بمكة المكرمة,https://www.rukn-eltatawer.com/sa/tank-lining-maintenance-mecca/,tank-lining-maintenance-mecca,1966,0,23,31,2,57,0,2026-09-06,2026-09-10,10ff786e827d21e8|n=12,boilerplate_overuse,عبارات قالبية متكررة: تجهيزاً مرتباً قبل انتقال أو موسم ذروة | لا نضع رقماً ثابتاً لا يمثّل عقارك | نوضّح ما سيدخل في النطاق وما لن يدخل | حسب الجدولة اليومية، ومن الأحياء التي نصل إليها غالباً
12258,post,شركة بناء ملاحق بمكة المكرمة,https://www.rukn-eltatawer.com/sa/annex-building-mecca/,annex-building-mecca,1791,0,23,30,2,56,0,2026-09-06,2026-09-10,c2652c9a9f98e001|n=12,boilerplate_overuse,عبارات قالبية متكررة: تجهيزاً مرتباً قبل انتقال أو موسم ذروة | لا نضع رقماً ثابتاً لا يمثّل عقارك | نوضّح ما سيدخل في النطاق وما لن يدخل | حسب الجدولة اليومية، ومن الأحياء التي نصل إليها غالباً
12282,post,شركة بناء مطابخ خارجية بمكة المكرمة,https://www.rukn-eltatawer.com/sa/outdoor-kitchens-mecca/,outdoor-kitchens-mecca,1858,0,23,31,2,57,0,2026-09-06,2026-09-10,57a0047fcecd6d1c|n=12,boilerplate_overuse,عبارات قالبية متكررة: تجهيزاً مرتباً قبل انتقال أو موسم ذروة | لا نضع رقماً ثابتاً لا يمثّل عقارك | نوضّح ما سيدخل في النطاق وما لن يدخل | حسب الجدولة اليومية، ومن الأحياء التي نصل إليها غالباً
12290,post,شركة بناء مجالس خارجية بمكة المكرمة,https://www.rukn-eltatawer.com/sa/outdoor-majlis-mecca/,outdoor-majlis-mecca,1827,0,23,32,2,58,0,2026-09-06,2026-09-10,094a92006b7e35da|n=12,boilerplate_overuse,عبارات قالبية متكررة: تجهيزاً مرتباً قبل انتقال أو موسم ذروة | لا نضع رقماً ثابتاً لا يمثّل عقارك | نوضّح ما سيدخل في النطاق وما لن يدخل | حسب الجدولة اليومية، ومن الأحياء التي نصل إليها غالباً
12274,post,شركة بناء حمامات خارجية بمكة المكرمة,https://www.rukn-eltatawer.com/sa/outdoor-bathrooms-mecca/,outdoor-bathrooms-mecca,1854,0,23,32,2,58,0,2026-09-06,2026-09-10,04145549da01d869|n=12,boilerplate_overuse,عبارات قالبية متكررة: تجهيزاً مرتباً قبل انتقال أو موسم ذروة | لا نضع رقماً ثابتاً لا يمثّل عقارك | نوضّح ما سيدخل في النطاق وما لن يدخل | حسب الجدولة اليومية، ومن الأحياء التي نصل إليها غالباً
12266,post,شركة بناء استراحات بمكة المكرمة,https://www.rukn-eltatawer.com/sa/majlis-building-mecca/,majlis-building-mecca,1787,0,23,30,2,56,0,2026-09-06,2026-09-10,59f2257ba2eb1a8d|n=12,boilerplate_overuse,عبارات قالبية متكررة: تجهيزاً مرتباً قبل انتقال أو موسم ذروة | لا نضع رقماً ثابتاً لا يمثّل عقارك | نوضّح ما سيدخل في النطاق وما لن يدخل | حسب الجدولة اليومية، ومن الأحياء التي نصل إليها غالباً
12298,post,شركة بناء أسوار طابوق بمكة المكرمة,https://www.rukn-eltatawer.com/sa/block-fences-mecca/,block-fences-mecca,1863,0,23,30,2,56,0,2026-09-06,2026-09-10,635f702ecc170d3a|n=12,boilerplate_overuse,عبارات قالبية متكررة: تجهيزاً مرتباً قبل انتقال أو موسم ذروة | لا نضع رقماً ثابتاً لا يمثّل عقارك | نوضّح ما سيدخل في النطاق وما لن يدخل | حسب الجدولة اليومية، ومن الأحياء التي نصل إليها غالباً
12434,post,شركة إنشاء ممرات حجرية بمكة المكرمة,https://www.rukn-eltatawer.com/sa/stone-pathway-mecca/,stone-pathway-mecca,1854,0,23,32,2,58,0,2026-09-06,2026-09-10,cddde6de4911b8d5|n=12,boilerplate_overuse,عبارات قالبية متكررة: تجهيزاً مرتباً قبل انتقال أو موسم ذروة | لا نضع رقماً ثابتاً لا يمثّل عقارك | نوضّح ما سيدخل في النطاق وما لن يدخل | حسب الجدولة اليومية، ومن الأحياء التي نصل إليها غالباً
12050,post,شركة إصلاح تشققات الأسقف والجدران بمكة المكرمة,https://www.rukn-eltatawer.com/sa/crack-repair-mecca/,crack-repair-mecca,1920,0,23,30,2,56,0,2026-09-06,2026-09-10,6e0413efc8e449ef|n=12,boilerplate_overuse,عبارات قالبية متكررة: تجهيزاً مرتباً قبل انتقال أو موسم ذروة | لا نضع رقماً ثابتاً لا يمثّل عقارك | نوضّح ما سيدخل في النطاق وما لن يدخل | حسب الجدولة اليومية، ومن الأحياء التي نصل إليها غالباً
12922,post,شركة إزالة دهان قديم وتحضير أسطح بمكة المكرمة,https://www.rukn-eltatawer.com/sa/paint-removal-surface-prep-mecca/,paint-removal-surface-prep-mecca,1990,0,23,31,2,57,0,2026-09-06,2026-09-10,ea459fee5a293a7c|n=12,boilerplate_overuse,عبارات قالبية متكررة: تجهيزاً مرتباً قبل انتقال أو موسم ذروة | لا نضع رقماً ثابتاً لا يمثّل عقارك | نوضّح ما سيدخل في النطاق وما لن يدخل | حسب الجدولة اليومية، ومن الأحياء التي نصل إليها غالباً
12713,post,حداد أبواب ونوافذ بجدة,https://www.rukn-eltatawer.com/sa/blacksmith-doors-windows-jeddah/,blacksmith-doors-windows-jeddah,1785,0,23,32,2,58,0,2026-09-06,2026-09-10,6c466ea3a28c6acb|n=12,boilerplate_overuse,عبارات قالبية متكررة: تجهيزاً مرتباً قبل انتقال أو موسم ذروة | لا نضع رقماً ثابتاً لا يمثّل عقارك | نوضّح ما سيدخل في النطاق وما لن يدخل | حسب الجدولة اليومية، ومن الأحياء التي نصل إليها غالباً
12732,post,فني جبس بورد بالدمام,https://www.rukn-eltatawer.com/sa/gypsum-tech-dammam/,gypsum-tech-dammam,1746,0,23,33,2,59,0,2026-09-06,2026-09-10,ed88445b31cd53fa|n=12,boilerplate_overuse,عبارات قالبية متكررة: تجهيزاً مرتباً قبل انتقال أو موسم ذروة | لا نضع رقماً ثابتاً لا يمثّل عقارك | نوضّح ما سيدخل في النطاق وما لن يدخل | حسب الجدولة اليومية، ومن الأحياء التي نصل إليها غالباً
13113,post,شركة نقل وتركيب مكيفات بجدة,https://www.rukn-eltatawer.com/sa/ac-relocation-installation-jeddah/,ac-relocation-installation-jeddah,1810,0,23,31,2,57,0,2026-09-06,2026-09-10,58cc199a35c65d76|n=12,boilerplate_overuse,عبارات قالبية متكررة: تجهيزاً مرتباً قبل انتقال أو موسم ذروة | لا نضع رقماً ثابتاً لا يمثّل عقارك | نوضّح ما سيدخل في النطاق وما لن يدخل | حسب الجدولة اليومية، ومن الأحياء التي نصل إليها غالباً
12481,post,شركة نقل بيانو بجدة,https://www.rukn-eltatawer.com/sa/piano-moving-jeddah/,piano-moving-jeddah,1703,0,23,30,2,56,0,2026-09-06,2026-09-10,465ccc5d71654c13|n=12,boilerplate_overuse,عبارات قالبية متكررة: تجهيزاً مرتباً قبل انتقال أو موسم ذروة | لا نضع رقماً ثابتاً لا يمثّل عقارك | نوضّح ما سيدخل في النطاق وما لن يدخل | حسب الجدولة اليومية، ومن الأحياء التي نصل إليها غالباً
12577,post,شركة مكافحة بق الفراش بجدة,https://www.rukn-eltatawer.com/sa/bed-bug-control-jeddah/,bed-bug-control-jeddah,2100,0,28,30,2,61,0,2026-09-06,2026-09-10,31d8ef7e0d6bbfdd|n=12,boilerplate_overuse,عبارات قالبية متكررة: تجهيزاً مرتباً قبل انتقال أو موسم ذروة | لا نضع رقماً ثابتاً لا يمثّل عقارك | نوضّح ما سيدخل في النطاق وما لن يدخل | حسب الجدولة اليومية، ومن الأحياء التي نصل إليها غالباً
12617,post,شركة مكافحة الوزغ (البرص) بجدة,https://www.rukn-eltatawer.com/sa/lizard-control-jeddah/,lizard-control-jeddah,1794,0,23,30,2,56,0,2026-09-06,2026-09-10,131cffb363f3ad6c|n=12,boilerplate_overuse,عبارات قالبية متكررة: تجهيزاً مرتباً قبل انتقال أو موسم ذروة | لا نضع رقماً ثابتاً لا يمثّل عقارك | نوضّح ما سيدخل في النطاق وما لن يدخل | حسب الجدولة اليومية، ومن الأحياء التي نصل إليها غالباً
12585,post,شركة مكافحة الفئران والقوارض بجدة,https://www.rukn-eltatawer.com/sa/rodent-control-jeddah/,rodent-control-jeddah,1820,0,23,33,2,59,0,2026-09-06,2026-09-10,66bfc5e1fa1c4a76|n=12,boilerplate_overuse,عبارات قالبية متكررة: تجهيزاً مرتباً قبل انتقال أو موسم ذروة | لا نضع رقماً ثابتاً لا يمثّل عقارك | نوضّح ما سيدخل في النطاق وما لن يدخل | حسب الجدولة اليومية، ومن الأحياء التي نصل إليها غالباً
12601,post,شركة مكافحة العقارب بجدة,https://www.rukn-eltatawer.com/sa/scorpion-control-jeddah/,scorpion-control-jeddah,1722,0,23,32,2,58,0,2026-09-06,2026-09-10,708ea6b87c3d8598|n=12,boilerplate_overuse,عبارات قالبية متكررة: تجهيزاً مرتباً قبل انتقال أو موسم ذروة | لا نضع رقماً ثابتاً لا يمثّل عقارك | نوضّح ما سيدخل في النطاق وما لن يدخل | حسب الجدولة اليومية، ومن الأحياء التي نصل إليها غالباً
12625,post,شركة مكافحة الطيور بجدة,https://www.rukn-eltatawer.com/sa/bird-control-jeddah/,bird-control-jeddah,1745,0,23,32,2,58,0,2026-09-06,2026-09-10,5b1be48869562e21|n=12,boilerplate_overuse,عبارات قالبية متكررة: تجهيزاً مرتباً قبل انتقال أو موسم ذروة | لا نضع رقماً ثابتاً لا يمثّل عقارك | نوضّح ما سيدخل في النطاق وما لن يدخل | حسب الجدولة اليومية، ومن الأحياء التي نصل إليها غالباً
12545,post,شركة مكافحة الحشرات الطائرة بجدة,https://www.rukn-eltatawer.com/sa/flying-pest-control-jeddah/,flying-pest-control-jeddah,1757,0,23,30,2,56,0,2026-09-06,2026-09-10,30d901f3b15c6755|n=12,boilerplate_overuse,عبارات قالبية متكررة: تجهيزاً مرتباً قبل انتقال أو موسم ذروة | لا نضع رقماً ثابتاً لا يمثّل عقارك | نوضّح ما سيدخل في النطاق وما لن يدخل | حسب الجدولة اليومية، ومن الأحياء التي نصل إليها غالباً
12537,post,شركة مكافحة الحشرات الزاحفة بجدة,https://www.rukn-eltatawer.com/sa/crawling-pest-control-jeddah/,crawling-pest-control-jeddah,1802,0,23,31,2,57,0,2026-09-06,2026-09-10,712f9a60679a96e8|n=12,boilerplate_overuse,عبارات قالبية متكررة: تجهيزاً مرتباً قبل انتقال أو موسم ذروة | لا نضع رقماً ثابتاً لا يمثّل عقارك | نوضّح ما سيدخل في النطاق وما لن يدخل | حسب الجدولة اليومية، ومن الأحياء التي نصل إليها غالباً
12633,post,شركة مكافحة البعوض والذباب بجدة,https://www.rukn-eltatawer.com/sa/mosquito-fly-control-jeddah/,mosquito-fly-control-jeddah,1789,0,23,32,2,58,0,2026-09-06,2026-09-10,a2fc644d75ecf71f|n=12,boilerplate_overuse,عبارات قالبية متكررة: تجهيزاً مرتباً قبل انتقال أو موسم ذروة | لا نضع رقماً ثابتاً لا يمثّل عقارك | نوضّح ما سيدخل في النطاق وما لن يدخل | حسب الجدولة اليومية، ومن الأحياء التي نصل إليها غالباً
12609,post,شركة مكافحة البراغيث بجدة,https://www.rukn-eltatawer.com/sa/flea-control-jeddah/,flea-control-jeddah,1704,0,23,30,2,56,0,2026-09-06,2026-09-10,0e8facc75a5df276|n=12,boilerplate_overuse,عبارات قالبية متكررة: تجهيزاً مرتباً قبل انتقال أو موسم ذروة | لا نضع رقماً ثابتاً لا يمثّل عقارك | نوضّح ما سيدخل في النطاق وما لن يدخل | حسب الجدولة اليومية، ومن الأحياء التي نصل إليها غالباً
12593,post,شركة مكافحة الأفاعي بجدة,https://www.rukn-eltatawer.com/sa/snake-control-jeddah/,snake-control-jeddah,1702,0,23,30,2,56,0,2026-09-06,2026-09-10,cc45816d3b4f36c0|n=12,boilerplate_overuse,عبارات قالبية متكررة: تجهيزاً مرتباً قبل انتقال أو موسم ذروة | لا نضع رقماً ثابتاً لا يمثّل عقارك | نوضّح ما سيدخل في النطاق وما لن يدخل | حسب الجدولة اليومية، ومن الأحياء التي نصل إليها غالباً
12777,post,شركة مكاتب الشحن بجدة,https://www.rukn-eltatawer.com/sa/shipping-offices-jeddah/,shipping-offices-jeddah,1721,0,23,30,2,56,0,2026-09-06,2026-09-10,6838e9d097db703d|n=12,boilerplate_overuse,عبارات قالبية متكررة: تجهيزاً مرتباً قبل انتقال أو موسم ذروة | لا نضع رقماً ثابتاً لا يمثّل عقارك | نوضّح ما سيدخل في النطاق وما لن يدخل | حسب الجدولة اليومية، ومن الأحياء التي نصل إليها غالباً
11359,post,شركة معالجة الرطوبة والعفن بجدة,https://www.rukn-eltatawer.com/sa/humidity-treatment-jeddah/,humidity-treatment-jeddah,1781,0,23,31,2,57,0,2026-09-06,2026-09-10,06f9b47f8d0e5f74|n=12,boilerplate_overuse,عبارات قالبية متكررة: تجهيزاً مرتباً قبل انتقال أو موسم ذروة | لا نضع رقماً ثابتاً لا يمثّل عقارك | نوضّح ما سيدخل في النطاق وما لن يدخل | حسب الجدولة اليومية، ومن الأحياء التي نصل إليها غالباً
13137,post,شركة كشف أعطال تبريد بجدة,https://www.rukn-eltatawer.com/sa/cooling-fault-detection-jeddah/,cooling-fault-detection-jeddah,1830,0,23,33,2,59,0,2026-09-06,2026-09-10,684e248a88ab8d87|n=12,boilerplate_overuse,عبارات قالبية متكررة: تجهيزاً مرتباً قبل انتقال أو موسم ذروة | لا نضع رقماً ثابتاً لا يمثّل عقارك | نوضّح ما سيدخل في النطاق وما لن يدخل | حسب الجدولة اليومية، ومن الأحياء التي نصل إليها غالباً
12359,post,شركة قص عشب طبيعي بأبها,https://www.rukn-eltatawer.com/sa/natural-grass-cutting-abha/,natural-grass-cutting-abha,1793,0,23,32,2,58,0,2026-09-06,2026-09-10,2ea3be4525797d0f|n=12,boilerplate_overuse,عبارات قالبية متكررة: تجهيزاً مرتباً قبل انتقال أو موسم ذروة | لا نضع رقماً ثابتاً لا يمثّل عقارك | نوضّح ما سيدخل في النطاق وما لن يدخل | حسب الجدولة اليومية، ومن الأحياء التي نصل إليها غالباً
12041,post,شركة فحص فلل ومباني قبل الشراء بجدة,https://www.rukn-eltatawer.com/sa/villa-inspection-jeddah/,villa-inspection-jeddah,1898,0,23,31,2,57,0,2026-09-06,2026-09-10,3cf22def4d02ba8d|n=12,boilerplate_overuse,عبارات قالبية متكررة: تجهيزاً مرتباً قبل انتقال أو موسم ذروة | لا نضع رقماً ثابتاً لا يمثّل عقارك | نوضّح ما سيدخل في النطاق وما لن يدخل | حسب الجدولة اليومية، ومن الأحياء التي نصل إليها غالباً
12897,post,شركة عزل ودهان أسطح بجدة,https://www.rukn-eltatawer.com/sa/roof-insulation-painting-jeddah/,roof-insulation-painting-jeddah,1798,0,23,31,2,57,0,2026-09-06,2026-09-10,aa34b837eea2d037|n=12,boilerplate_overuse,عبارات قالبية متكررة: تجهيزاً مرتباً قبل انتقال أو موسم ذروة | لا نضع رقماً ثابتاً لا يمثّل عقارك | نوضّح ما سيدخل في النطاق وما لن يدخل | حسب الجدولة اليومية، ومن الأحياء التي نصل إليها غالباً
11355,post,شركة عزل مطابخ بجدة,https://www.rukn-eltatawer.com/sa/kitchen-insulation-jeddah/,kitchen-insulation-jeddah,1722,0,23,31,2,57,0,2026-09-06,2026-09-09,4cc3f7e5bacd7f49|n=12,boilerplate_overuse,عبارات قالبية متكررة: تجهيزاً مرتباً قبل انتقال أو موسم ذروة | لا نضع رقماً ثابتاً لا يمثّل عقارك | نوضّح ما سيدخل في النطاق وما لن يدخل | حسب الجدولة اليومية، ومن الأحياء التي نصل إليها غالباً
11357,post,شركة عزل مائي بجدة,https://www.rukn-eltatawer.com/sa/waterproofing-jeddah/,waterproofing-jeddah,1788,0,23,31,2,57,0,2026-09-06,2026-09-10,4df8a7e6264763da|n=12,boilerplate_overuse,عبارات قالبية متكررة: تجهيزاً مرتباً قبل انتقال أو موسم ذروة | لا نضع رقماً ثابتاً لا يمثّل عقارك | نوضّح ما سيدخل في النطاق وما لن يدخل | حسب الجدولة اليومية، ومن الأحياء التي نصل إليها غالباً
11358,post,شركة عزل صوتي بجدة,https://www.rukn-eltatawer.com/sa/soundproofing-jeddah/,soundproofing-jeddah,1739,0,23,31,2,57,0,2026-09-06,2026-09-10,4fe7a106231ee8f1|n=12,boilerplate_overuse,عبارات قالبية متكررة: تجهيزاً مرتباً قبل انتقال أو موسم ذروة | لا نضع رقماً ثابتاً لا يمثّل عقارك | نوضّح ما سيدخل في النطاق وما لن يدخل | حسب الجدولة اليومية، ومن الأحياء التي نصل إليها غالباً
11356,post,شركة عزل حراري بجدة,https://www.rukn-eltatawer.com/sa/thermal-insulation-jeddah/,thermal-insulation-jeddah,1771,0,23,32,2,58,0,2026-09-06,2026-09-10,8069fd86920d901f|n=12,boilerplate_overuse,عبارات قالبية متكررة: تجهيزاً مرتباً قبل انتقال أو موسم ذروة | لا نضع رقماً ثابتاً لا يمثّل عقارك | نوضّح ما سيدخل في النطاق وما لن يدخل | حسب الجدولة اليومية، ومن الأحياء التي نصل إليها غالباً
11354,post,شركة عزل حمامات بجدة,https://www.rukn-eltatawer.com/sa/bathroom-insulation-jeddah/,bathroom-insulation-jeddah,1752,0,23,33,2,59,0,2026-09-06,2026-09-10,04145549da01d869|n=12,boilerplate_overuse,عبارات قالبية متكررة: تجهيزاً مرتباً قبل انتقال أو موسم ذروة | لا نضع رقماً ثابتاً لا يمثّل عقارك | نوضّح ما سيدخل في النطاق وما لن يدخل | حسب الجدولة اليومية، ومن الأحياء التي نصل إليها غالباً
12953,post,شركة صيانة ودهان بعد التسريبات بجدة,https://www.rukn-eltatawer.com/sa/post-leak-repaint-maintenance-jeddah/,post-leak-repaint-maintenance-jeddah,2000,0,23,32,2,58,0,2026-09-06,2026-09-10,c57daba1a30fd062|n=12,boilerplate_overuse,عبارات قالبية متكررة: تجهيزاً مرتباً قبل انتقال أو موسم ذروة | لا نضع رقماً ثابتاً لا يمثّل عقارك | نوضّح ما سيدخل في النطاق وما لن يدخل | حسب الجدولة اليومية، ومن الأحياء التي نصل إليها غالباً
11172,post,شركة صيانة نشافات بجدة,https://www.rukn-eltatawer.com/sa/dryer-maintenance-jeddah/,dryer-maintenance-jeddah,1730,0,23,30,2,56,0,2026-09-06,2026-09-10,e1b52d3fb81223a2|n=12,boilerplate_overuse,عبارات قالبية متكررة: تجهيزاً مرتباً قبل انتقال أو موسم ذروة | لا نضع رقماً ثابتاً لا يمثّل عقارك | نوضّح ما سيدخل في النطاق وما لن يدخل | حسب الجدولة اليومية، ومن الأحياء التي نصل إليها غالباً
11173,post,شركة صيانة ميكروويف بجدة,https://www.rukn-eltatawer.com/sa/microwave-maintenance-jeddah/,microwave-maintenance-jeddah,1734,0,23,30,2,56,0,2026-09-06,2026-09-10,0977c764fc4dfd35|n=12,boilerplate_overuse,عبارات قالبية متكررة: تجهيزاً مرتباً قبل انتقال أو موسم ذروة | لا نضع رقماً ثابتاً لا يمثّل عقارك | نوضّح ما سيدخل في النطاق وما لن يدخل | حسب الجدولة اليومية، ومن الأحياء التي نصل إليها غالباً
11164,post,شركة صيانة مصاعد بجدة,https://www.rukn-eltatawer.com/sa/elevator-maintenance-jeddah/,elevator-maintenance-jeddah,1701,0,23,30,2,56,0,2026-09-06,2026-09-10,dded7d00d8667631|n=12,boilerplate_overuse,عبارات قالبية متكررة: تجهيزاً مرتباً قبل انتقال أو موسم ذروة | لا نضع رقماً ثابتاً لا يمثّل عقارك | نوضّح ما سيدخل في النطاق وما لن يدخل | حسب الجدولة اليومية، ومن الأحياء التي نصل إليها غالباً
11175,post,شركة صيانة مبردات مياه بجدة,https://www.rukn-eltatawer.com/sa/water-cooler-maintenance-jeddah/,water-cooler-maintenance-jeddah,1812,0,23,32,2,58,0,2026-09-06,2026-09-10,44c3c86707b1c22e|n=12,boilerplate_overuse,عبارات قالبية متكررة: تجهيزاً مرتباً قبل انتقال أو موسم ذروة | لا نضع رقماً ثابتاً لا يمثّل عقارك | نوضّح ما سيدخل في النطاق وما لن يدخل | حسب الجدولة اليومية، ومن الأحياء التي نصل إليها غالباً
11158,post,شركة صيانة مباني بجدة,https://www.rukn-eltatawer.com/sa/building-maintenance-jeddah/,building-maintenance-jeddah,1711,0,23,31,2,57,0,2026-09-06,2026-09-10,82f3299c32f75dca|n=12,boilerplate_overuse,عبارات قالبية متكررة: تجهيزاً مرتباً قبل انتقال أو موسم ذروة | لا نضع رقماً ثابتاً لا يمثّل عقارك | نوضّح ما سيدخل في النطاق وما لن يدخل | حسب الجدولة اليومية، ومن الأحياء التي نصل إليها غالباً
11295,post,شركة صيانة كاميرات مراقبة بالطائف,https://www.rukn-eltatawer.com/sa/cctv-maintenance-taif/,cctv-maintenance-taif,1767,0,23,30,2,56,0,2026-09-06,2026-09-10,ab95e57f660e3d91|n=12,boilerplate_overuse,عبارات قالبية متكررة: تجهيزاً مرتباً قبل انتقال أو موسم ذروة | لا نضع رقماً ثابتاً لا يمثّل عقارك | نوضّح ما سيدخل في النطاق وما لن يدخل | حسب الجدولة اليومية، ومن الأحياء التي نصل إليها غالباً
11171,post,شركة صيانة غسالات بجدة,https://www.rukn-eltatawer.com/sa/washer-maintenance-jeddah/,washer-maintenance-jeddah,1758,0,23,32,2,58,0,2026-09-06,2026-09-10,91f7d406cb404365|n=12,boilerplate_overuse,عبارات قالبية متكررة: تجهيزاً مرتباً قبل انتقال أو موسم ذروة | لا نضع رقماً ثابتاً لا يمثّل عقارك | نوضّح ما سيدخل في النطاق وما لن يدخل | حسب الجدولة اليومية، ومن الأحياء التي نصل إليها غالباً
11157,post,شركة صيانة عامة بجدة,https://www.rukn-eltatawer.com/sa/general-maintenance-jeddah/,general-maintenance-jeddah,1732,0,23,33,2,59,0,2026-09-06,2026-09-10,c2d8c4361de787b7|n=12,boilerplate_overuse,عبارات قالبية متكررة: تجهيزاً مرتباً قبل انتقال أو موسم ذروة | لا نضع رقماً ثابتاً لا يمثّل عقارك | نوضّح ما سيدخل في النطاق وما لن يدخل | حسب الجدولة اليومية، ومن الأحياء التي نصل إليها غالباً
13145,post,شركة صيانة ثلاجات وتبريد تجاري بجدة,https://www.rukn-eltatawer.com/sa/commercial-refrigeration-maintenance-jeddah/,commercial-refrigeration-maintenance-jeddah,1897,0,23,33,2,59,0,2026-09-06,2026-09-10,b89d3c19b83cb9bf|n=12,boilerplate_overuse,عبارات قالبية متكررة: تجهيزاً مرتباً قبل انتقال أو موسم ذروة | لا نضع رقماً ثابتاً لا يمثّل عقارك | نوضّح ما سيدخل في النطاق وما لن يدخل | حسب الجدولة اليومية، ومن الأحياء التي نصل إليها غالباً
11170,post,شركة صيانة ثلاجات بجدة,https://www.rukn-eltatawer.com/sa/fridge-maintenance-jeddah/,fridge-maintenance-jeddah,1748,0,23,32,2,58,0,2026-09-06,2026-09-10,8f1a47d7dfab86d7|n=12,boilerplate_overuse,عبارات قالبية متكررة: تجهيزاً مرتباً قبل انتقال أو موسم ذروة | لا نضع رقماً ثابتاً لا يمثّل عقارك | نوضّح ما سيدخل في النطاق وما لن يدخل | حسب الجدولة اليومية، ومن الأحياء التي نصل إليها غالباً
11168,post,شركة صيانة بوتاجازات بجدة,https://www.rukn-eltatawer.com/sa/stove-maintenance-jeddah/,stove-maintenance-jeddah,1759,0,23,32,2,58,0,2026-09-06,2026-09-10,abf88e6ceca56051|n=12,boilerplate_overuse,عبارات قالبية متكررة: تجهيزاً مرتباً قبل انتقال أو موسم ذروة | لا نضع رقماً ثابتاً لا يمثّل عقارك | نوضّح ما سيدخل في النطاق وما لن يدخل | حسب الجدولة اليومية، ومن الأحياء التي نصل إليها غالباً
11167,post,شركة صيانة أفران بجدة,https://www.rukn-eltatawer.com/sa/oven-maintenance-jeddah/,oven-maintenance-jeddah,1750,0,23,32,2,58,0,2026-09-06,2026-09-10,f9548fb111b9bbe4|n=12,boilerplate_overuse,عبارات قالبية متكررة: تجهيزاً مرتباً قبل انتقال أو موسم ذروة | لا نضع رقماً ثابتاً لا يمثّل عقارك | نوضّح ما سيدخل في النطاق وما لن يدخل | حسب الجدولة اليومية، ومن الأحياء التي نصل إليها غالباً
11166,post,شركة صيانة أبواب أوتوماتيكية بجدة,https://www.rukn-eltatawer.com/sa/automatic-doors-maintenance-jeddah/,automatic-doors-maintenance-jeddah,1780,0,23,32,2,58,0,2026-09-06,2026-09-10,2690275ffbe40855|n=12,boilerplate_overuse,عبارات قالبية متكررة: تجهيزاً مرتباً قبل انتقال أو موسم ذروة | لا نضع رقماً ثابتاً لا يمثّل عقارك | نوضّح ما سيدخل في النطاق وما لن يدخل | حسب الجدولة اليومية، ومن الأحياء التي نصل إليها غالباً
12057,post,شركة شفط بيارات بجدة,https://www.rukn-eltatawer.com/sa/septic-tank-emptying-jeddah/,septic-tank-emptying-jeddah,1722,0,23,31,2,57,0,2026-09-06,2026-09-10,c776f598e98d95e3|n=12,boilerplate_overuse,عبارات قالبية متكررة: تجهيزاً مرتباً قبل انتقال أو موسم ذروة | لا نضع رقماً ثابتاً لا يمثّل عقارك | نوضّح ما سيدخل في النطاق وما لن يدخل | حسب الجدولة اليومية، ومن الأحياء التي نصل إليها غالباً
12809,post,شركة شحن طرود سريعة بجدة,https://www.rukn-eltatawer.com/sa/express-parcel-shipping-jeddah/,express-parcel-shipping-jeddah,1794,0,23,32,2,58,0,2026-09-06,2026-09-10,82daa2c5ea2f3c6f|n=12,boilerplate_overuse,عبارات قالبية متكررة: تجهيزاً مرتباً قبل انتقال أو موسم ذروة | لا نضع رقماً ثابتاً لا يمثّل عقارك | نوضّح ما سيدخل في النطاق وما لن يدخل | حسب الجدولة اليومية، ومن الأحياء التي نصل إليها غالباً
12841,post,شركة شحن دولي جوي بجدة,https://www.rukn-eltatawer.com/sa/air-freight-jeddah/,air-freight-jeddah,1789,0,23,32,2,58,0,2026-09-06,2026-09-10,04145549da01d869|n=12,boilerplate_overuse,عبارات قالبية متكررة: تجهيزاً مرتباً قبل انتقال أو موسم ذروة | لا نضع رقماً ثابتاً لا يمثّل عقارك | نوضّح ما سيدخل في النطاق وما لن يدخل | حسب الجدولة اليومية، ومن الأحياء التي نصل إليها غالباً
12825,post,شركة شحن دولي بري بجدة,https://www.rukn-eltatawer.com/sa/land-freight-jeddah/,land-freight-jeddah,1772,0,23,30,2,56,0,2026-09-06,2026-09-10,7f0b549178f08e60|n=12,boilerplate_overuse,عبارات قالبية متكررة: تجهيزاً مرتباً قبل انتقال أو موسم ذروة | لا نضع رقماً ثابتاً لا يمثّل عقارك | نوضّح ما سيدخل في النطاق وما لن يدخل | حسب الجدولة اليومية، ومن الأحياء التي نصل إليها غالباً
12833,post,شركة شحن دولي بحري بجدة,https://www.rukn-eltatawer.com/sa/sea-freight-jeddah/,sea-freight-jeddah,1784,0,23,30,2,56,0,2026-09-06,2026-09-10,041bb61ba5833fba|n=12,boilerplate_overuse,عبارات قالبية متكررة: تجهيزاً مرتباً قبل انتقال أو موسم ذروة | لا نضع رقماً ثابتاً لا يمثّل عقارك | نوضّح ما سيدخل في النطاق وما لن يدخل | حسب الجدولة اليومية، ومن الأحياء التي نصل إليها غالباً
12817,post,شركة شحن داخلي داخل بجدة,https://www.rukn-eltatawer.com/sa/domestic-shipping-jeddah/,domestic-shipping-jeddah,1713,0,23,30,2,56,0,2026-09-06,2026-09-10,8742e08508b1fe00|n=12,boilerplate_overuse|intent_mismatch,عبارات قالبية متكررة: تجهيزاً مرتباً قبل انتقال أو موسم ذروة | لا نضع رقماً ثابتاً لا يمثّل عقارك | نوضّح ما سيدخل في النطاق وما لن يدخل | حسب الجدولة اليومية، ومن الأحياء التي نصل إليها غالباً || عنوان شحن بينما الأسئلة تفترض شقق وفلل
12785,post,شركة شحن بضائع بجدة,https://www.rukn-eltatawer.com/sa/cargo-shipping-jeddah/,cargo-shipping-jeddah,1730,0,23,32,2,58,0,2026-09-06,2026-09-10,3081457a0ca2c7cc|n=12,boilerplate_overuse,عبارات قالبية متكررة: تجهيزاً مرتباً قبل انتقال أو موسم ذروة | لا نضع رقماً ثابتاً لا يمثّل عقارك | نوضّح ما سيدخل في النطاق وما لن يدخل | حسب الجدولة اليومية، ومن الأحياء التي نصل إليها غالباً
12711,post,نجار أثاث بأبها,https://www.rukn-eltatawer.com/sa/carpenter-abha/,carpenter-abha,1708,0,23,32,2,58,0,2026-09-06,2026-09-09,bf3cd5079bd68180|n=12,boilerplate_overuse,عبارات قالبية متكررة: تجهيزاً مرتباً قبل انتقال أو موسم ذروة | لا نضع رقماً ثابتاً لا يمثّل عقارك | نوضّح ما سيدخل في النطاق وما لن يدخل | حسب الجدولة اليومية، ومن الأحياء التي نصل إليها غالباً
12743,post,فني تركيب دش بأبها,https://www.rukn-eltatawer.com/sa/sat-dish-tech-abha/,sat-dish-tech-abha,1699,0,23,32,2,58,0,2026-09-06,2026-09-10,04145549da01d869|n=12,boilerplate_overuse,عبارات قالبية متكررة: تجهيزاً مرتباً قبل انتقال أو موسم ذروة | لا نضع رقماً ثابتاً لا يمثّل عقارك | نوضّح ما سيدخل في النطاق وما لن يدخل | حسب الجدولة اليومية، ومن الأحياء التي نصل إليها غالباً
12751,post,فني تركيب أقمار صناعية بأبها,https://www.rukn-eltatawer.com/sa/satellite-tech-abha/,satellite-tech-abha,1739,0,23,30,2,56,0,2026-09-06,2026-09-10,24958f48a3582096|n=12,boilerplate_overuse,عبارات قالبية متكررة: تجهيزاً مرتباً قبل انتقال أو موسم ذروة | لا نضع رقماً ثابتاً لا يمثّل عقارك | نوضّح ما سيدخل في النطاق وما لن يدخل | حسب الجدولة اليومية، ومن الأحياء التي نصل إليها غالباً
12775,post,فني أنظمة صوت منزلية بأبها,https://www.rukn-eltatawer.com/sa/home-audio-tech-abha/,home-audio-tech-abha,1744,0,23,30,2,56,0,2026-09-06,2026-09-10,9f0bae669f75649b|n=12,boilerplate_overuse,عبارات قالبية متكررة: تجهيزاً مرتباً قبل انتقال أو موسم ذروة | لا نضع رقماً ثابتاً لا يمثّل عقارك | نوضّح ما سيدخل في النطاق وما لن يدخل | حسب الجدولة اليومية، ومن الأحياء التي نصل إليها غالباً
12727,post,عامل دهانات بأبها,https://www.rukn-eltatawer.com/sa/painter-abha/,painter-abha,1745,0,23,33,2,59,0,2026-09-06,2026-09-10,7b82f984abde45b9|n=12,boilerplate_overuse,عبارات قالبية متكررة: تجهيزاً مرتباً قبل انتقال أو موسم ذروة | لا نضع رقماً ثابتاً لا يمثّل عقارك | نوضّح ما سيدخل في النطاق وما لن يدخل | حسب الجدولة اليومية، ومن الأحياء التي نصل إليها غالباً
12719,post,حداد أبواب ونوافذ بأبها,https://www.rukn-eltatawer.com/sa/blacksmith-doors-windows-abha/,blacksmith-doors-windows-abha,1760,0,23,32,2,58,0,2026-09-06,2026-09-10,38750070856d7adb|n=12,boilerplate_overuse,عبارات قالبية متكررة: تجهيزاً مرتباً قبل انتقال أو موسم ذروة | لا نضع رقماً ثابتاً لا يمثّل عقارك | نوضّح ما سيدخل في النطاق وما لن يدخل | حسب الجدولة اليومية، ومن الأحياء التي نصل إليها غالباً
12710,post,نجار أثاث بالطائف,https://www.rukn-eltatawer.com/sa/carpenter-taif/,carpenter-taif,1720,0,23,32,2,58,0,2026-09-06,2026-09-10,ba7dd40e49c3e238|n=12,boilerplate_overuse,عبارات قالبية متكررة: تجهيزاً مرتباً قبل انتقال أو موسم ذروة | لا نضع رقماً ثابتاً لا يمثّل عقارك | نوضّح ما سيدخل في النطاق وما لن يدخل | حسب الجدولة اليومية، ومن الأحياء التي نصل إليها غالباً
12742,post,فني تركيب دش بالطائف,https://www.rukn-eltatawer.com/sa/sat-dish-tech-taif/,sat-dish-tech-taif,1704,0,23,32,2,58,0,2026-09-06,2026-09-10,a2e1db7471238e4a|n=12,boilerplate_overuse,عبارات قالبية متكررة: تجهيزاً مرتباً قبل انتقال أو موسم ذروة | لا نضع رقماً ثابتاً لا يمثّل عقارك | نوضّح ما سيدخل في النطاق وما لن يدخل | حسب الجدولة اليومية، ومن الأحياء التي نصل إليها غالباً
12750,post,فني تركيب أقمار صناعية بالطائف,https://www.rukn-eltatawer.com/sa/satellite-tech-taif/,satellite-tech-taif,1780,0,23,32,2,58,0,2026-09-06,2026-09-10,a6ed2babc528cf1d|n=12,boilerplate_overuse,عبارات قالبية متكررة: تجهيزاً مرتباً قبل انتقال أو موسم ذروة | لا نضع رقماً ثابتاً لا يمثّل عقارك | نوضّح ما سيدخل في النطاق وما لن يدخل | حسب الجدولة اليومية، ومن الأحياء التي نصل إليها غالباً
12774,post,فني أنظمة صوت منزلية بالطائف,https://www.rukn-eltatawer.com/sa/home-audio-tech-taif/,home-audio-tech-taif,1789,0,23,32,2,58,0,2026-09-06,2026-09-10,8657fd38ba5f501f|n=12,boilerplate_overuse,عبارات قالبية متكررة: تجهيزاً مرتباً قبل انتقال أو موسم ذروة | لا نضع رقماً ثابتاً لا يمثّل عقارك | نوضّح ما سيدخل في النطاق وما لن يدخل | حسب الجدولة اليومية، ومن الأحياء التي نصل إليها غالباً
12726,post,عامل دهانات بالطائف,https://www.rukn-eltatawer.com/sa/painter-taif/,painter-taif,1732,0,23,31,2,57,0,2026-09-06,2026-09-10,93acbe5614262070|n=12,boilerplate_overuse,عبارات قالبية متكررة: تجهيزاً مرتباً قبل انتقال أو موسم ذروة | لا نضع رقماً ثابتاً لا يمثّل عقارك | نوضّح ما سيدخل في النطاق وما لن يدخل | حسب الجدولة اليومية، ومن الأحياء التي نصل إليها غالباً
13119,post,شركة نقل وتركيب مكيفات بأبها,https://www.rukn-eltatawer.com/sa/ac-relocation-installation-abha/,ac-relocation-installation-abha,1792,0,23,31,2,57,0,2026-09-06,2026-09-10,1cde766fb7f2fd96|n=12,boilerplate_overuse,عبارات قالبية متكررة: تجهيزاً مرتباً قبل انتقال أو موسم ذروة | لا نضع رقماً ثابتاً لا يمثّل عقارك | نوضّح ما سيدخل في النطاق وما لن يدخل | حسب الجدولة اليومية، ومن الأحياء التي نصل إليها غالباً
12487,post,شركة نقل بيانو بأبها,https://www.rukn-eltatawer.com/sa/piano-moving-abha/,piano-moving-abha,1732,0,23,32,2,58,0,2026-09-06,2026-09-10,49a218dd34f88ef0|n=12,boilerplate_overuse,عبارات قالبية متكررة: تجهيزاً مرتباً قبل انتقال أو موسم ذروة | لا نضع رقماً ثابتاً لا يمثّل عقارك | نوضّح ما سيدخل في النطاق وما لن يدخل | حسب الجدولة اليومية، ومن الأحياء التي نصل إليها غالباً
12583,post,شركة مكافحة بق الفراش بأبها,https://www.rukn-eltatawer.com/sa/bed-bug-control-abha/,bed-bug-control-abha,1832,0,23,32,2,58,0,2026-09-06,2026-09-10,b35fa2ede81732de|n=12,boilerplate_overuse,عبارات قالبية متكررة: تجهيزاً مرتباً قبل انتقال أو موسم ذروة | لا نضع رقماً ثابتاً لا يمثّل عقارك | نوضّح ما سيدخل في النطاق وما لن يدخل | حسب الجدولة اليومية، ومن الأحياء التي نصل إليها غالباً
12623,post,شركة مكافحة الوزغ (البرص) بأبها,https://www.rukn-eltatawer.com/sa/lizard-control-abha/,lizard-control-abha,1807,0,23,32,2,58,0,2026-09-06,2026-09-10,8d3b5dd988ffe21f|n=12,boilerplate_overuse,عبارات قالبية متكررة: تجهيزاً مرتباً قبل انتقال أو موسم ذروة | لا نضع رقماً ثابتاً لا يمثّل عقارك | نوضّح ما سيدخل في النطاق وما لن يدخل | حسب الجدولة اليومية، ومن الأحياء التي نصل إليها غالباً
12591,post,شركة مكافحة الفئران والقوارض بأبها,https://www.rukn-eltatawer.com/sa/rodent-control-abha/,rodent-control-abha,1811,0,23,31,2,57,0,2026-09-06,2026-09-10,ec0bdbca2ac74f32|n=12,boilerplate_overuse,عبارات قالبية متكررة: تجهيزاً مرتباً قبل انتقال أو موسم ذروة | لا نضع رقماً ثابتاً لا يمثّل عقارك | نوضّح ما سيدخل في النطاق وما لن يدخل | حسب الجدولة اليومية، ومن الأحياء التي نصل إليها غالباً
12607,post,شركة مكافحة العقارب بأبها,https://www.rukn-eltatawer.com/sa/scorpion-control-abha/,scorpion-control-abha,1702,0,23,30,2,56,0,2026-09-06,2026-09-10,7e0b6b33d81a2f9a|n=12,boilerplate_overuse,عبارات قالبية متكررة: تجهيزاً مرتباً قبل انتقال أو موسم ذروة | لا نضع رقماً ثابتاً لا يمثّل عقارك | نوضّح ما سيدخل في النطاق وما لن يدخل | حسب الجدولة اليومية، ومن الأحياء التي نصل إليها غالباً
12631,post,شركة مكافحة الطيور بأبها,https://www.rukn-eltatawer.com/sa/bird-control-abha/,bird-control-abha,1705,0,23,30,2,56,0,2026-09-06,2026-09-10,feac5ec7a37b72f1|n=12,boilerplate_overuse,عبارات قالبية متكررة: تجهيزاً مرتباً قبل انتقال أو موسم ذروة | لا نضع رقماً ثابتاً لا يمثّل عقارك | نوضّح ما سيدخل في النطاق وما لن يدخل | حسب الجدولة اليومية، ومن الأحياء التي نصل إليها غالباً
12551,post,شركة مكافحة الحشرات الطائرة بأبها,https://www.rukn-eltatawer.com/sa/flying-pest-control-abha/,flying-pest-control-abha,1778,0,23,32,2,58,0,2026-09-06,2026-09-10,93d9811c9a99c584|n=12,boilerplate_overuse,عبارات قالبية متكررة: تجهيزاً مرتباً قبل انتقال أو موسم ذروة | لا نضع رقماً ثابتاً لا يمثّل عقارك | نوضّح ما سيدخل في النطاق وما لن يدخل | حسب الجدولة اليومية، ومن الأحياء التي نصل إليها غالباً
12543,post,شركة مكافحة الحشرات الزاحفة بأبها,https://www.rukn-eltatawer.com/sa/crawling-pest-control-abha/,crawling-pest-control-abha,1832,0,23,33,2,59,0,2026-09-06,2026-09-10,54e58ad97618c1b2|n=12,boilerplate_overuse,عبارات قالبية متكررة: تجهيزاً مرتباً قبل انتقال أو موسم ذروة | لا نضع رقماً ثابتاً لا يمثّل عقارك | نوضّح ما سيدخل في النطاق وما لن يدخل | حسب الجدولة اليومية، ومن الأحياء التي نصل إليها غالباً
12639,post,شركة مكافحة البعوض والذباب بأبها,https://www.rukn-eltatawer.com/sa/mosquito-fly-control-abha/,mosquito-fly-control-abha,1758,0,23,30,2,56,0,2026-09-06,2026-09-10,d439dc79487deef4|n=12,boilerplate_overuse,عبارات قالبية متكررة: تجهيزاً مرتباً قبل انتقال أو موسم ذروة | لا نضع رقماً ثابتاً لا يمثّل عقارك | نوضّح ما سيدخل في النطاق وما لن يدخل | حسب الجدولة اليومية، ومن الأحياء التي نصل إليها غالباً
12615,post,شركة مكافحة البراغيث بأبها,https://www.rukn-eltatawer.com/sa/flea-control-abha/,flea-control-abha,1706,0,23,30,2,56,0,2026-09-06,2026-09-10,0c5d9f3710cca57f|n=12,boilerplate_overuse,عبارات قالبية متكررة: تجهيزاً مرتباً قبل انتقال أو موسم ذروة | لا نضع رقماً ثابتاً لا يمثّل عقارك | نوضّح ما سيدخل في النطاق وما لن يدخل | حسب الجدولة اليومية، ومن الأحياء التي نصل إليها غالباً
12599,post,شركة مكافحة الأفاعي بأبها,https://www.rukn-eltatawer.com/sa/snake-control-abha/,snake-control-abha,1703,0,23,32,2,58,0,2026-09-06,2026-09-10,bc3ec50b07db4b96|n=12,boilerplate_overuse,عبارات قالبية متكررة: تجهيزاً مرتباً قبل انتقال أو موسم ذروة | لا نضع رقماً ثابتاً لا يمثّل عقارك | نوضّح ما سيدخل في النطاق وما لن يدخل | حسب الجدولة اليومية، ومن الأحياء التي نصل إليها غالباً
12783,post,شركة مكاتب الشحن بأبها,https://www.rukn-eltatawer.com/sa/shipping-offices-abha/,shipping-offices-abha,1705,0,23,30,2,56,0,2026-09-06,2026-09-10,bd301b9dc40591f9|n=12,boilerplate_overuse,عبارات قالبية متكررة: تجهيزاً مرتباً قبل انتقال أو موسم ذروة | لا نضع رقماً ثابتاً لا يمثّل عقارك | نوضّح ما سيدخل في النطاق وما لن يدخل | حسب الجدولة اليومية، ومن الأحياء التي نصل إليها غالباً
11999,post,شركة معالجة الرطوبة والعفن بأبها,https://www.rukn-eltatawer.com/sa/humidity-treatment-abha/,humidity-treatment-abha,1768,0,23,31,2,57,0,2026-09-06,2026-09-10,5297b34d60486448|n=12,boilerplate_overuse,عبارات قالبية متكررة: تجهيزاً مرتباً قبل انتقال أو موسم ذروة | لا نضع رقماً ثابتاً لا يمثّل عقارك | نوضّح ما سيدخل في النطاق وما لن يدخل | حسب الجدولة اليومية، ومن الأحياء التي نصل إليها غالباً
13143,post,شركة كشف أعطال تبريد بأبها,https://www.rukn-eltatawer.com/sa/cooling-fault-detection-abha/,cooling-fault-detection-abha,1785,0,23,31,2,57,0,2026-09-06,2026-09-10,aa34b837eea2d037|n=12,boilerplate_overuse,عبارات قالبية متكررة: تجهيزاً مرتباً قبل انتقال أو موسم ذروة | لا نضع رقماً ثابتاً لا يمثّل عقارك | نوضّح ما سيدخل في النطاق وما لن يدخل | حسب الجدولة اليومية، ومن الأحياء التي نصل إليها غالباً
12047,post,شركة فحص فلل ومباني قبل الشراء بأبها,https://www.rukn-eltatawer.com/sa/villa-inspection-abha/,villa-inspection-abha,1905,0,23,33,2,59,0,2026-09-06,2026-09-10,a5610fcf5cf50842|n=12,boilerplate_overuse,عبارات قالبية متكررة: تجهيزاً مرتباً قبل انتقال أو موسم ذروة | لا نضع رقماً ثابتاً لا يمثّل عقارك | نوضّح ما سيدخل في النطاق وما لن يدخل | حسب الجدولة اليومية، ومن الأحياء التي نصل إليها غالباً
12903,post,شركة عزل ودهان أسطح بأبها,https://www.rukn-eltatawer.com/sa/roof-insulation-painting-abha/,roof-insulation-painting-abha,1806,0,23,33,2,59,0,2026-09-06,2026-09-10,ef7a79be22f49311|n=12,boilerplate_overuse,عبارات قالبية متكررة: تجهيزاً مرتباً قبل انتقال أو موسم ذروة | لا نضع رقماً ثابتاً لا يمثّل عقارك | نوضّح ما سيدخل في النطاق وما لن يدخل | حسب الجدولة اليومية، ومن الأحياء التي نصل إليها غالباً
11967,post,شركة عزل مطابخ بأبها,https://www.rukn-eltatawer.com/sa/kitchen-insulation-abha/,kitchen-insulation-abha,1731,0,23,33,2,59,0,2026-09-06,2026-09-10,2f69231db57e9436|n=12,boilerplate_overuse,عبارات قالبية متكررة: تجهيزاً مرتباً قبل انتقال أو موسم ذروة | لا نضع رقماً ثابتاً لا يمثّل عقارك | نوضّح ما سيدخل في النطاق وما لن يدخل | حسب الجدولة اليومية، ومن الأحياء التي نصل إليها غالباً
11983,post,شركة عزل مائي بأبها,https://www.rukn-eltatawer.com/sa/waterproofing-abha/,waterproofing-abha,1778,0,23,31,2,57,0,2026-09-06,2026-09-10,603c6139f2fcc71d|n=12,boilerplate_overuse,عبارات قالبية متكررة: تجهيزاً مرتباً قبل انتقال أو موسم ذروة | لا نضع رقماً ثابتاً لا يمثّل عقارك | نوضّح ما سيدخل في النطاق وما لن يدخل | حسب الجدولة اليومية، ومن الأحياء التي نصل إليها غالباً
11991,post,شركة عزل صوتي بأبها,https://www.rukn-eltatawer.com/sa/soundproofing-abha/,soundproofing-abha,1740,0,23,31,2,57,0,2026-09-06,2026-09-10,4d7e2e12018836cb|n=12,boilerplate_overuse,عبارات قالبية متكررة: تجهيزاً مرتباً قبل انتقال أو موسم ذروة | لا نضع رقماً ثابتاً لا يمثّل عقارك | نوضّح ما سيدخل في النطاق وما لن يدخل | حسب الجدولة اليومية، ومن الأحياء التي نصل إليها غالباً
11959,post,شركة عزل حمامات بأبها,https://www.rukn-eltatawer.com/sa/bathroom-insulation-abha/,bathroom-insulation-abha,1730,0,23,31,2,57,0,2026-09-06,2026-09-10,c26202ad237fc591|n=12,boilerplate_overuse,عبارات قالبية متكررة: تجهيزاً مرتباً قبل انتقال أو موسم ذروة | لا نضع رقماً ثابتاً لا يمثّل عقارك | نوضّح ما سيدخل في النطاق وما لن يدخل | حسب الجدولة اليومية، ومن الأحياء التي نصل إليها غالباً
11975,post,شركة عزل حراري بأبها,https://www.rukn-eltatawer.com/sa/thermal-insulation-abha/,thermal-insulation-abha,1730,0,23,30,2,56,0,2026-09-06,2026-09-09,aa34b837eea2d037|n=12,boilerplate_overuse,عبارات قالبية متكررة: تجهيزاً مرتباً قبل انتقال أو موسم ذروة | لا نضع رقماً ثابتاً لا يمثّل عقارك | نوضّح ما سيدخل في النطاق وما لن يدخل | حسب الجدولة اليومية، ومن الأحياء التي نصل إليها غالباً
12959,post,شركة صيانة ودهان بعد التسريبات بأبها,https://www.rukn-eltatawer.com/sa/post-leak-repaint-maintenance-abha/,post-leak-repaint-maintenance-abha,1984,0,23,32,2,58,0,2026-09-06,2026-09-10,aa34b837eea2d037|n=12,boilerplate_overuse,عبارات قالبية متكررة: تجهيزاً مرتباً قبل انتقال أو موسم ذروة | لا نضع رقماً ثابتاً لا يمثّل عقارك | نوضّح ما سيدخل في النطاق وما لن يدخل | حسب الجدولة اليومية، ومن الأحياء التي نصل إليها غالباً
11328,post,شركة صيانة نشافات بأبها,https://www.rukn-eltatawer.com/sa/dryer-maintenance-abha/,dryer-maintenance-abha,1724,0,23,30,2,56,0,2026-09-06,2026-09-10,6c05ee8702413f02|n=12,boilerplate_overuse,عبارات قالبية متكررة: تجهيزاً مرتباً قبل انتقال أو موسم ذروة | لا نضع رقماً ثابتاً لا يمثّل عقارك | نوضّح ما سيدخل في النطاق وما لن يدخل | حسب الجدولة اليومية، ومن الأحياء التي نصل إليها غالباً
11329,post,شركة صيانة ميكروويف بأبها,https://www.rukn-eltatawer.com/sa/microwave-maintenance-abha/,microwave-maintenance-abha,1732,0,23,30,2,56,0,2026-09-06,2026-09-10,76f9c3abffdf4e4e|n=12,boilerplate_overuse,عبارات قالبية متكررة: تجهيزاً مرتباً قبل انتقال أو موسم ذروة | لا نضع رقماً ثابتاً لا يمثّل عقارك | نوضّح ما سيدخل في النطاق وما لن يدخل | حسب الجدولة اليومية، ومن الأحياء التي نصل إليها غالباً
11320,post,شركة صيانة مصاعد بأبها,https://www.rukn-eltatawer.com/sa/elevator-maintenance-abha/,elevator-maintenance-abha,1707,0,23,32,2,58,0,2026-09-06,2026-09-10,ba33996519a563a0|n=12,boilerplate_overuse,عبارات قالبية متكررة: تجهيزاً مرتباً قبل انتقال أو موسم ذروة | لا نضع رقماً ثابتاً لا يمثّل عقارك | نوضّح ما سيدخل في النطاق وما لن يدخل | حسب الجدولة اليومية، ومن الأحياء التي نصل إليها غالباً
11331,post,شركة صيانة مبردات مياه بأبها,https://www.rukn-eltatawer.com/sa/water-cooler-maintenance-abha/,water-cooler-maintenance-abha,1798,0,23,32,2,58,0,2026-09-06,2026-09-10,8f3e2a11a12bf6bd|n=12,boilerplate_overuse,عبارات قالبية متكررة: تجهيزاً مرتباً قبل انتقال أو موسم ذروة | لا نضع رقماً ثابتاً لا يمثّل عقارك | نوضّح ما سيدخل في النطاق وما لن يدخل | حسب الجدولة اليومية، ومن الأحياء التي نصل إليها غالباً
11314,post,شركة صيانة مباني بأبها,https://www.rukn-eltatawer.com/sa/building-maintenance-abha/,building-maintenance-abha,1698,0,23,31,2,57,0,2026-09-06,2026-09-10,a023d6eeb01a761b|n=12,boilerplate_overuse,عبارات قالبية متكررة: تجهيزاً مرتباً قبل انتقال أو موسم ذروة | لا نضع رقماً ثابتاً لا يمثّل عقارك | نوضّح ما سيدخل في النطاق وما لن يدخل | حسب الجدولة اليومية، ومن الأحياء التي نصل إليها غالباً
11327,post,شركة صيانة غسالات بأبها,https://www.rukn-eltatawer.com/sa/washer-maintenance-abha/,washer-maintenance-abha,1751,0,23,32,2,58,0,2026-09-06,2026-09-10,91f7d406cb404365|n=12,boilerplate_overuse,عبارات قالبية متكررة: تجهيزاً مرتباً قبل انتقال أو موسم ذروة | لا نضع رقماً ثابتاً لا يمثّل عقارك | نوضّح ما سيدخل في النطاق وما لن يدخل | حسب الجدولة اليومية، ومن الأحياء التي نصل إليها غالباً
11313,post,شركة صيانة عامة بأبها,https://www.rukn-eltatawer.com/sa/general-maintenance-abha/,general-maintenance-abha,1714,0,23,31,2,57,0,2026-09-06,2026-09-10,66ffe26dd8093b41|n=12,boilerplate_overuse,عبارات قالبية متكررة: تجهيزاً مرتباً قبل انتقال أو موسم ذروة | لا نضع رقماً ثابتاً لا يمثّل عقارك | نوضّح ما سيدخل في النطاق وما لن يدخل | حسب الجدولة اليومية، ومن الأحياء التي نصل إليها غالباً
13151,post,شركة صيانة ثلاجات وتبريد تجاري بأبها,https://www.rukn-eltatawer.com/sa/commercial-refrigeration-maintenance-abha/,commercial-refrigeration-maintenance-abha,1891,0,23,33,2,59,0,2026-09-06,2026-09-10,f594e050ed3160a1|n=12,boilerplate_overuse,عبارات قالبية متكررة: تجهيزاً مرتباً قبل انتقال أو موسم ذروة | لا نضع رقماً ثابتاً لا يمثّل عقارك | نوضّح ما سيدخل في النطاق وما لن يدخل | حسب الجدولة اليومية، ومن الأحياء التي نصل إليها غالباً
11326,post,شركة صيانة ثلاجات بأبها,https://www.rukn-eltatawer.com/sa/fridge-maintenance-abha/,fridge-maintenance-abha,1754,0,23,32,2,58,0,2026-09-06,2026-09-10,a9b910c9056de5a8|n=12,boilerplate_overuse,عبارات قالبية متكررة: تجهيزاً مرتباً قبل انتقال أو موسم ذروة | لا نضع رقماً ثابتاً لا يمثّل عقارك | نوضّح ما سيدخل في النطاق وما لن يدخل | حسب الجدولة اليومية، ومن الأحياء التي نصل إليها غالباً
11324,post,شركة صيانة بوتاجازات بأبها,https://www.rukn-eltatawer.com/sa/stove-maintenance-abha/,stove-maintenance-abha,1746,0,23,32,2,58,0,2026-09-06,2026-09-10,cdcdeff5a95fb111|n=12,boilerplate_overuse,عبارات قالبية متكررة: تجهيزاً مرتباً قبل انتقال أو موسم ذروة | لا نضع رقماً ثابتاً لا يمثّل عقارك | نوضّح ما سيدخل في النطاق وما لن يدخل | حسب الجدولة اليومية، ومن الأحياء التي نصل إليها غالباً
11323,post,شركة صيانة أفران بأبها,https://www.rukn-eltatawer.com/sa/oven-maintenance-abha/,oven-maintenance-abha,1732,0,23,30,2,56,0,2026-09-06,2026-09-10,e0553c4ea93e519f|n=12,boilerplate_overuse,عبارات قالبية متكررة: تجهيزاً مرتباً قبل انتقال أو موسم ذروة | لا نضع رقماً ثابتاً لا يمثّل عقارك | نوضّح ما سيدخل في النطاق وما لن يدخل | حسب الجدولة اليومية، ومن الأحياء التي نصل إليها غالباً
11322,post,شركة صيانة أبواب أوتوماتيكية بأبها,https://www.rukn-eltatawer.com/sa/automatic-doors-maintenance-abha/,automatic-doors-maintenance-abha,1770,0,23,32,2,58,0,2026-09-06,2026-09-10,3f1922f5358da412|n=12,boilerplate_overuse,عبارات قالبية متكررة: تجهيزاً مرتباً قبل انتقال أو موسم ذروة | لا نضع رقماً ثابتاً لا يمثّل عقارك | نوضّح ما سيدخل في النطاق وما لن يدخل | حسب الجدولة اليومية، ومن الأحياء التي نصل إليها غالباً
12063,post,شركة شفط بيارات بأبها,https://www.rukn-eltatawer.com/sa/septic-tank-emptying-abha/,septic-tank-emptying-abha,1747,0,23,33,2,59,0,2026-09-06,2026-09-10,cfc4620a68abe6dc|n=12,boilerplate_overuse,عبارات قالبية متكررة: تجهيزاً مرتباً قبل انتقال أو موسم ذروة | لا نضع رقماً ثابتاً لا يمثّل عقارك | نوضّح ما سيدخل في النطاق وما لن يدخل | حسب الجدولة اليومية، ومن الأحياء التي نصل إليها غالباً
12815,post,شركة شحن طرود سريعة بأبها,https://www.rukn-eltatawer.com/sa/express-parcel-shipping-abha/,express-parcel-shipping-abha,1780,0,23,32,2,58,0,2026-09-06,2026-09-10,dd242fc87b40a91b|n=12,boilerplate_overuse,عبارات قالبية متكررة: تجهيزاً مرتباً قبل انتقال أو موسم ذروة | لا نضع رقماً ثابتاً لا يمثّل عقارك | نوضّح ما سيدخل في النطاق وما لن يدخل | حسب الجدولة اليومية، ومن الأحياء التي نصل إليها غالباً
12807,post,شركة شحن سيارات بأبها,https://www.rukn-eltatawer.com/sa/car-shipping-abha/,car-shipping-abha,1719,0,23,32,2,58,0,2026-09-06,2026-09-10,04145549da01d869|n=12,boilerplate_overuse|intent_mismatch,عبارات قالبية متكررة: تجهيزاً مرتباً قبل انتقال أو موسم ذروة | لا نضع رقماً ثابتاً لا يمثّل عقارك | نوضّح ما سيدخل في النطاق وما لن يدخل | حسب الجدولة اليومية، ومن الأحياء التي نصل إليها غالباً || عنوان شحن سيارات بينما النص يعامل الخدمة كخدمة منزل/عقار || شحن سيارات يستخدم صياغة انتقال المنازل
12847,post,شركة شحن دولي جوي بأبها,https://www.rukn-eltatawer.com/sa/air-freight-abha/,air-freight-abha,1779,0,23,32,2,58,0,2026-09-06,2026-09-10,2901db855c3b50da|n=12,boilerplate_overuse,عبارات قالبية متكررة: تجهيزاً مرتباً قبل انتقال أو موسم ذروة | لا نضع رقماً ثابتاً لا يمثّل عقارك | نوضّح ما سيدخل في النطاق وما لن يدخل | حسب الجدولة اليومية، ومن الأحياء التي نصل إليها غالباً
12831,post,شركة شحن دولي بري بأبها,https://www.rukn-eltatawer.com/sa/land-freight-abha/,land-freight-abha,1801,0,23,32,2,58,0,2026-09-06,2026-09-10,e0de166f19a1e7d4|n=12,boilerplate_overuse,عبارات قالبية متكررة: تجهيزاً مرتباً قبل انتقال أو موسم ذروة | لا نضع رقماً ثابتاً لا يمثّل عقارك | نوضّح ما سيدخل في النطاق وما لن يدخل | حسب الجدولة اليومية، ومن الأحياء التي نصل إليها غالباً
12839,post,شركة شحن دولي بحري بأبها,https://www.rukn-eltatawer.com/sa/sea-freight-abha/,sea-freight-abha,1798,0,23,32,2,58,0,2026-09-06,2026-09-10,e46ba32e0a7c54ef|n=12,boilerplate_overuse,عبارات قالبية متكررة: تجهيزاً مرتباً قبل انتقال أو موسم ذروة | لا نضع رقماً ثابتاً لا يمثّل عقارك | نوضّح ما سيدخل في النطاق وما لن يدخل | حسب الجدولة اليومية، ومن الأحياء التي نصل إليها غالباً
12823,post,شركة شحن داخلي داخل بأبها,https://www.rukn-eltatawer.com/sa/domestic-shipping-abha/,domestic-shipping-abha,1702,0,23,30,2,56,0,2026-09-06,2026-09-10,8fbcdb85dd1c1560|n=12,boilerplate_overuse|intent_mismatch,عبارات قالبية متكررة: تجهيزاً مرتباً قبل انتقال أو موسم ذروة | لا نضع رقماً ثابتاً لا يمثّل عقارك | نوضّح ما سيدخل في النطاق وما لن يدخل | حسب الجدولة اليومية، ومن الأحياء التي نصل إليها غالباً || عنوان شحن بينما الأسئلة تفترض شقق وفلل
12791,post,شركة شحن بضائع بأبها,https://www.rukn-eltatawer.com/sa/cargo-shipping-abha/,cargo-shipping-abha,1703,0,23,30,2,56,0,2026-09-06,2026-09-10,aa34b837eea2d037|n=12,boilerplate_overuse,عبارات قالبية متكررة: تجهيزاً مرتباً قبل انتقال أو موسم ذروة | لا نضع رقماً ثابتاً لا يمثّل عقارك | نوضّح ما سيدخل في النطاق وما لن يدخل | حسب الجدولة اليومية، ومن الأحياء التي نصل إليها غالباً
12799,post,شركة شحن أثاث بأبها,https://www.rukn-eltatawer.com/sa/furniture-shipping-abha/,furniture-shipping-abha,1732,0,23,32,2,58,0,2026-09-06,2026-09-10,6ad155df51b5a026|n=12,boilerplate_overuse|intent_mismatch,عبارات قالبية متكررة: تجهيزاً مرتباً قبل انتقال أو موسم ذروة | لا نضع رقماً ثابتاً لا يمثّل عقارك | نوضّح ما سيدخل في النطاق وما لن يدخل | حسب الجدولة اليومية، ومن الأحياء التي نصل إليها غالباً || عنوان شحن بينما الأسئلة تفترض شقق وفلل
12367,post,شركة زرع نخيل وأشجار بأبها,https://www.rukn-eltatawer.com/sa/palm-tree-planting-abha/,palm-tree-planting-abha,1774,0,23,32,2,58,0,2026-09-06,2026-09-10,701bba457873b47e|n=12,boilerplate_overuse,عبارات قالبية متكررة: تجهيزاً مرتباً قبل انتقال أو موسم ذروة | لا نضع رقماً ثابتاً لا يمثّل عقارك | نوضّح ما سيدخل في النطاق وما لن يدخل | حسب الجدولة اليومية، ومن الأحياء التي نصل إليها غالباً
12311,post,شركة دهانات داخلية بأبها,https://www.rukn-eltatawer.com/sa/interior-painting-abha/,interior-painting-abha,1729,0,23,31,2,57,0,2026-09-06,2026-09-10,3fdeb19f6a6961cb|n=12,boilerplate_overuse,عبارات قالبية متكررة: تجهيزاً مرتباً قبل انتقال أو موسم ذروة | لا نضع رقماً ثابتاً لا يمثّل عقارك | نوضّح ما سيدخل في النطاق وما لن يدخل | حسب الجدولة اليومية، ومن الأحياء التي نصل إليها غالباً
12319,post,شركة دهانات خارجية بأبها,https://www.rukn-eltatawer.com/sa/exterior-painting-abha/,exterior-painting-abha,1728,0,23,31,2,57,0,2026-09-06,2026-09-10,26a3f19b68d15594|n=12,boilerplate_overuse,عبارات قالبية متكررة: تجهيزاً مرتباً قبل انتقال أو موسم ذروة | لا نضع رقماً ثابتاً لا يمثّل عقارك | نوضّح ما سيدخل في النطاق وما لن يدخل | حسب الجدولة اليومية، ومن الأحياء التي نصل إليها غالباً
12871,post,شركة دهان واجهات خارجية بأبها,https://www.rukn-eltatawer.com/sa/exterior-facade-painting-abha/,exterior-facade-painting-abha,1785,0,23,31,2,57,0,2026-09-06,2026-09-10,0c5490db67422249|n=12,boilerplate_overuse,عبارات قالبية متكررة: تجهيزاً مرتباً قبل انتقال أو موسم ذروة | لا نضع رقماً ثابتاً لا يمثّل عقارك | نوضّح ما سيدخل في النطاق وما لن يدخل | حسب الجدولة اليومية، ومن الأحياء التي نصل إليها غالباً
12919,post,شركة دهان مكاتب وشركات بأبها,https://www.rukn-eltatawer.com/sa/office-painting-abha/,office-painting-abha,1801,0,23,33,2,59,0,2026-09-06,2026-09-10,97530aa800329b72|n=12,boilerplate_overuse,عبارات قالبية متكررة: تجهيزاً مرتباً قبل انتقال أو موسم ذروة | لا نضع رقماً ثابتاً لا يمثّل عقارك | نوضّح ما سيدخل في النطاق وما لن يدخل | حسب الجدولة اليومية، ومن الأحياء التي نصل إليها غالباً
12863,post,شركة دهان فلل بأبها,https://www.rukn-eltatawer.com/sa/villa-painting-abha/,villa-painting-abha,1744,0,23,33,2,59,0,2026-09-06,2026-09-10,95d939c45d6d8c82|n=12,boilerplate_overuse,عبارات قالبية متكررة: تجهيزاً مرتباً قبل انتقال أو موسم ذروة | لا نضع رقماً ثابتاً لا يمثّل عقارك | نوضّح ما سيدخل في النطاق وما لن يدخل | حسب الجدولة اليومية، ومن الأحياء التي نصل إليها غالباً
12855,post,شركة دهان شقق بأبها,https://www.rukn-eltatawer.com/sa/apartment-painting-abha/,apartment-painting-abha,1748,0,23,33,2,59,0,2026-09-06,2026-09-10,9773f0b770db7684|n=12,boilerplate_overuse,عبارات قالبية متكررة: تجهيزاً مرتباً قبل انتقال أو موسم ذروة | لا نضع رقماً ثابتاً لا يمثّل عقارك | نوضّح ما سيدخل في النطاق وما لن يدخل | حسب الجدولة اليومية، ومن الأحياء التي نصل إليها غالباً
12895,post,شركة دهان بويات عالية الجودة بأبها,https://www.rukn-eltatawer.com/sa/premium-paint-finishing-abha/,premium-paint-finishing-abha,1866,0,23,33,2,59,0,2026-09-06,2026-09-10,c1525998f46c1cb0|n=12,boilerplate_overuse,عبارات قالبية متكررة: تجهيزاً مرتباً قبل انتقال أو موسم ذروة | لا نضع رقماً ثابتاً لا يمثّل عقارك | نوضّح ما سيدخل في النطاق وما لن يدخل | حسب الجدولة اليومية، ومن الأحياء التي نصل إليها غالباً
12951,post,شركة دهان أبواب وشبابيك خشبية بأبها,https://www.rukn-eltatawer.com/sa/wood-doors-windows-painting-abha/,wood-doors-windows-painting-abha,1868,0,23,33,2,59,0,2026-09-06,2026-09-10,04145549da01d869|n=12,boilerplate_overuse,عبارات قالبية متكررة: تجهيزاً مرتباً قبل انتقال أو موسم ذروة | لا نضع رقماً ثابتاً لا يمثّل عقارك | نوضّح ما سيدخل في النطاق وما لن يدخل | حسب الجدولة اليومية، ومن الأحياء التي نصل إليها غالباً
11046,post,شركة تنظيف محلات تجارية ومولات بأبها,https://www.rukn-eltatawer.com/sa/mall-cleaning-abha/,mall-cleaning-abha,1837,0,23,31,2,57,0,2026-09-06,2026-09-10,116498d040a8aeed|n=12,boilerplate_overuse,عبارات قالبية متكررة: تجهيزاً مرتباً قبل انتقال أو موسم ذروة | لا نضع رقماً ثابتاً لا يمثّل عقارك | نوضّح ما سيدخل في النطاق وما لن يدخل | حسب الجدولة اليومية، ومن الأحياء التي نصل إليها غالباً
11043,post,شركة تنظيف مجالس بأبها,https://www.rukn-eltatawer.com/sa/majlis-cleaning-abha/,majlis-cleaning-abha,1678,0,23,30,2,56,0,2026-09-06,2026-09-10,8493a86e645fdf8d|n=12,boilerplate_overuse,عبارات قالبية متكررة: تجهيزاً مرتباً قبل انتقال أو موسم ذروة | لا نضع رقماً ثابتاً لا يمثّل عقارك | نوضّح ما سيدخل في النطاق وما لن يدخل | حسب الجدولة اليومية، ومن الأحياء التي نصل إليها غالباً
11060,post,شركة تنظيف كراجات ومواقف سيارات بأبها,https://www.rukn-eltatawer.com/sa/garage-cleaning-abha/,garage-cleaning-abha,1886,0,23,33,2,59,0,2026-09-06,2026-09-10,25c53be57ce140b9|n=12,boilerplate_overuse,عبارات قالبية متكررة: تجهيزاً مرتباً قبل انتقال أو موسم ذروة | لا نضع رقماً ثابتاً لا يمثّل عقارك | نوضّح ما سيدخل في النطاق وما لن يدخل | حسب الجدولة اليومية، ومن الأحياء التي نصل إليها غالباً
11041,post,شركة تنظيف قصور بأبها,https://www.rukn-eltatawer.com/sa/palace-cleaning-abha/,palace-cleaning-abha,1755,0,23,33,2,59,0,2026-09-06,2026-09-10,053f05f532dc3e0b|n=12,boilerplate_overuse,عبارات قالبية متكررة: تجهيزاً مرتباً قبل انتقال أو موسم ذروة | لا نضع رقماً ثابتاً لا يمثّل عقارك | نوضّح ما سيدخل في النطاق وما لن يدخل | حسب الجدولة اليومية، ومن الأحياء التي نصل إليها غالباً
11055,post,شركة تنظيف ستائر بأبها,https://www.rukn-eltatawer.com/sa/curtain-cleaning-abha/,curtain-cleaning-abha,1737,0,23,31,2,57,0,2026-09-06,2026-09-10,a83c2d8f47ca0799|n=12,boilerplate_overuse,عبارات قالبية متكررة: تجهيزاً مرتباً قبل انتقال أو موسم ذروة | لا نضع رقماً ثابتاً لا يمثّل عقارك | نوضّح ما سيدخل في النطاق وما لن يدخل | حسب الجدولة اليومية، ومن الأحياء التي نصل إليها غالباً
11050,post,شركة تنظيف خزانات مياه بأبها,https://www.rukn-eltatawer.com/sa/water-tank-cleaning-abha/,water-tank-cleaning-abha,1830,0,23,33,2,59,0,2026-09-06,2026-09-10,28104d9e7a9e2f77|n=12,boilerplate_overuse,عبارات قالبية متكررة: تجهيزاً مرتباً قبل انتقال أو موسم ذروة | لا نضع رقماً ثابتاً لا يمثّل عقارك | نوضّح ما سيدخل في النطاق وما لن يدخل | حسب الجدولة اليومية، ومن الأحياء التي نصل إليها غالباً
11051,post,شركة تنظيف خزانات ديزل بأبها,https://www.rukn-eltatawer.com/sa/diesel-tank-cleaning-abha/,diesel-tank-cleaning-abha,1816,0,23,31,2,57,0,2026-09-06,2026-09-10,a65cdf1350c58149|n=12,boilerplate_overuse,عبارات قالبية متكررة: تجهيزاً مرتباً قبل انتقال أو موسم ذروة | لا نضع رقماً ثابتاً لا يمثّل عقارك | نوضّح ما سيدخل في النطاق وما لن يدخل | حسب الجدولة اليومية، ومن الأحياء التي نصل إليها غالباً
11049,post,شركة تنظيف حمامات بأبها,https://www.rukn-eltatawer.com/sa/bathroom-cleaning-abha/,bathroom-cleaning-abha,1727,0,23,31,2,57,0,2026-09-06,2026-09-10,2f6688ed7b5d235f|n=12,boilerplate_overuse,عبارات قالبية متكررة: تجهيزاً مرتباً قبل انتقال أو موسم ذروة | لا نضع رقماً ثابتاً لا يمثّل عقارك | نوضّح ما سيدخل في النطاق وما لن يدخل | حسب الجدولة اليومية، ومن الأحياء التي نصل إليها غالباً
11063,post,شركة تنظيف المداخن والشفاطات بأبها,https://www.rukn-eltatawer.com/sa/chimney-cleaning-abha/,chimney-cleaning-abha,1798,0,23,33,2,59,0,2026-09-06,2026-09-10,7a01197277454d20|n=12,boilerplate_overuse,عبارات قالبية متكررة: تجهيزاً مرتباً قبل انتقال أو موسم ذروة | لا نضع رقماً ثابتاً لا يمثّل عقارك | نوضّح ما سيدخل في النطاق وما لن يدخل | حسب الجدولة اليومية، ومن الأحياء التي نصل إليها غالباً
12495,post,شركة تغليف أثاث احترافي بأبها,https://www.rukn-eltatawer.com/sa/furniture-packaging-abha/,furniture-packaging-abha,1790,0,23,31,2,57,0,2026-09-06,2026-09-10,f4001c201614fe57|n=12,boilerplate_overuse,عبارات قالبية متكررة: تجهيزاً مرتباً قبل انتقال أو موسم ذروة | لا نضع رقماً ثابتاً لا يمثّل عقارك | نوضّح ما سيدخل في النطاق وما لن يدخل | حسب الجدولة اليومية، ومن الأحياء التي نصل إليها غالباً
12911,post,شركة تشطيب ودهان فلل جديدة بأبها,https://www.rukn-eltatawer.com/sa/new-villa-finishing-painting-abha/,new-villa-finishing-painting-abha,1865,0,23,31,2,57,0,2026-09-06,2026-09-10,44a3128072a5dbb0|n=12,boilerplate_overuse,عبارات قالبية متكررة: تجهيزاً مرتباً قبل انتقال أو موسم ذروة | لا نضع رقماً ثابتاً لا يمثّل عقارك | نوضّح ما سيدخل في النطاق وما لن يدخل | حسب الجدولة اليومية، ومن الأحياء التي نصل إليها غالباً
12031,post,شركة ترميم وصيانة مباني بأبها,https://www.rukn-eltatawer.com/sa/building-renovation-abha/,building-renovation-abha,1791,0,23,33,2,59,0,2026-09-06,2026-09-10,8ed7922ad8170c0d|n=12,boilerplate_overuse,عبارات قالبية متكررة: تجهيزاً مرتباً قبل انتقال أو موسم ذروة | لا نضع رقماً ثابتاً لا يمثّل عقارك | نوضّح ما سيدخل في النطاق وما لن يدخل | حسب الجدولة اليومية، ومن الأحياء التي نصل إليها غالباً
12039,post,شركة ترميم منازل قديمة بأبها,https://www.rukn-eltatawer.com/sa/old-house-renovation-abha/,old-house-renovation-abha,1786,0,23,33,2,59,0,2026-09-06,2026-09-10,a173ce537a417e23|n=12,boilerplate_overuse,عبارات قالبية متكررة: تجهيزاً مرتباً قبل انتقال أو موسم ذروة | لا نضع رقماً ثابتاً لا يمثّل عقارك | نوضّح ما سيدخل في النطاق وما لن يدخل | حسب الجدولة اليومية، ومن الأحياء التي نصل إليها غالباً
12023,post,شركة ترميم مطابخ بأبها,https://www.rukn-eltatawer.com/sa/kitchen-renovation-abha/,kitchen-renovation-abha,1720,0,23,33,2,59,0,2026-09-06,2026-09-10,cdd32cf9fa649ce1|n=12,boilerplate_overuse,عبارات قالبية متكررة: تجهيزاً مرتباً قبل انتقال أو موسم ذروة | لا نضع رقماً ثابتاً لا يمثّل عقارك | نوضّح ما سيدخل في النطاق وما لن يدخل | حسب الجدولة اليومية، ومن الأحياء التي نصل إليها غالباً
12015,post,شركة ترميم حمامات بأبها,https://www.rukn-eltatawer.com/sa/bathroom-renovation-abha/,bathroom-renovation-abha,1721,0,23,33,2,59,0,2026-09-06,2026-09-10,bebce31663d7fa84|n=12,boilerplate_overuse,عبارات قالبية متكررة: تجهيزاً مرتباً قبل انتقال أو موسم ذروة | لا نضع رقماً ثابتاً لا يمثّل عقارك | نوضّح ما سيدخل في النطاق وما لن يدخل | حسب الجدولة اليومية، ومن الأحياء التي نصل إليها غالباً
12503,post,شركة تركيب وفك الأثاث بأبها,https://www.rukn-eltatawer.com/sa/furniture-assembly-abha/,furniture-assembly-abha,1791,0,23,31,2,57,0,2026-09-06,2026-09-10,da78026392f1e119|n=12,boilerplate_overuse,عبارات قالبية متكررة: تجهيزاً مرتباً قبل انتقال أو موسم ذروة | لا نضع رقماً ثابتاً لا يمثّل عقارك | نوضّح ما سيدخل في النطاق وما لن يدخل | حسب الجدولة اليومية، ومن الأحياء التي نصل إليها غالباً
11335,post,شركة تركيب وصيانة محطات تحلية المياه بأبها,https://www.rukn-eltatawer.com/sa/ro-plants-abha/,ro-plants-abha,1911,0,23,33,2,59,0,2026-09-06,2026-09-10,005a49489294a99d|n=12,boilerplate_overuse,عبارات قالبية متكررة: تجهيزاً مرتباً قبل انتقال أو موسم ذروة | لا نضع رقماً ثابتاً لا يمثّل عقارك | نوضّح ما سيدخل في النطاق وما لن يدخل | حسب الجدولة اليومية، ومن الأحياء التي نصل إليها غالباً
11336,post,شركة تركيب وصيانة فلاتر مياه بأبها,https://www.rukn-eltatawer.com/sa/water-filters-abha/,water-filters-abha,1842,0,23,31,2,57,0,2026-09-06,2026-09-10,076a02d462306cc3|n=12,boilerplate_overuse,عبارات قالبية متكررة: تجهيزاً مرتباً قبل انتقال أو موسم ذروة | لا نضع رقماً ثابتاً لا يمثّل عقارك | نوضّح ما سيدخل في النطاق وما لن يدخل | حسب الجدولة اليومية، ومن الأحياء التي نصل إليها غالباً
11333,post,شركة تركيب وصيانة شفاطات مطابخ بأبها,https://www.rukn-eltatawer.com/sa/kitchen-hoods-abha/,kitchen-hoods-abha,1816,0,23,31,2,57,0,2026-09-06,2026-09-10,0b8bd2397f5e8dc6|n=12,boilerplate_overuse,عبارات قالبية متكررة: تجهيزاً مرتباً قبل انتقال أو موسم ذروة | لا نضع رقماً ثابتاً لا يمثّل عقارك | نوضّح ما سيدخل في النطاق وما لن يدخل | حسب الجدولة اليومية، ومن الأحياء التي نصل إليها غالباً
11338,post,شركة تركيب وصيانة أنظمة تنقية الهواء بأبها,https://www.rukn-eltatawer.com/sa/air-purification-abha/,air-purification-abha,1921,0,23,31,2,57,0,2026-09-06,2026-09-10,7907cd08385715bf|n=12,boilerplate_overuse,عبارات قالبية متكررة: تجهيزاً مرتباً قبل انتقال أو موسم ذروة | لا نضع رقماً ثابتاً لا يمثّل عقارك | نوضّح ما سيدخل في النطاق وما لن يدخل | حسب الجدولة اليومية، ومن الأحياء التي نصل إليها غالباً
11337,post,شركة تركيب وصيانة أجهزة تبريد مياه الخزانات بأبها,https://www.rukn-eltatawer.com/sa/tank-water-chiller-abha/,tank-water-chiller-abha,2005,0,23,33,2,59,0,2026-09-06,2026-09-10,1ad7b6a52142c92f|n=12,boilerplate_overuse,عبارات قالبية متكررة: تجهيزاً مرتباً قبل انتقال أو موسم ذروة | لا نضع رقماً ثابتاً لا يمثّل عقارك | نوضّح ما سيدخل في النطاق وما لن يدخل | حسب الجدولة اليومية، ومن الأحياء التي نصل إليها غالباً
12879,post,شركة تركيب ورق حائط بأبها,https://www.rukn-eltatawer.com/sa/wallpaper-installation-abha/,wallpaper-installation-abha,1786,0,23,33,2,59,0,2026-09-06,2026-09-10,2320ea19694db3f5|n=12,boilerplate_overuse,عبارات قالبية متكررة: تجهيزاً مرتباً قبل انتقال أو موسم ذروة | لا نضع رقماً ثابتاً لا يمثّل عقارك | نوضّح ما سيدخل في النطاق وما لن يدخل | حسب الجدولة اليومية، ومن الأحياء التي نصل إليها غالباً
12175,post,شركة تركيب ورق جدران بأبها,https://www.rukn-eltatawer.com/sa/wallpaper-abha/,wallpaper-abha,1804,0,23,33,2,59,0,2026-09-06,2026-09-10,09504888ea555095|n=12,boilerplate_overuse,عبارات قالبية متكررة: تجهيزاً مرتباً قبل انتقال أو موسم ذروة | لا نضع رقماً ثابتاً لا يمثّل عقارك | نوضّح ما سيدخل في النطاق وما لن يدخل | حسب الجدولة اليومية، ومن الأحياء التي نصل إليها غالباً
12455,post,شركة تركيب نوافير جدارية بأبها,https://www.rukn-eltatawer.com/sa/wall-fountain-abha/,wall-fountain-abha,1777,0,23,31,2,57,0,2026-09-06,2026-09-10,34c6b60f1ae64041|n=12,boilerplate_overuse,عبارات قالبية متكررة: تجهيزاً مرتباً قبل انتقال أو موسم ذروة | لا نضع رقماً ثابتاً لا يمثّل عقارك | نوضّح ما سيدخل في النطاق وما لن يدخل | حسب الجدولة اليومية، ومن الأحياء التي نصل إليها غالباً
12239,post,شركة تركيب مظلات وسواتر بأبها,https://www.rukn-eltatawer.com/sa/shades-sails-abha/,shades-sails-abha,1769,0,23,30,2,56,0,2026-09-06,2026-09-10,1f6218a4876e22e1|n=12,boilerplate_overuse,عبارات قالبية متكررة: تجهيزاً مرتباً قبل انتقال أو موسم ذروة | لا نضع رقماً ثابتاً لا يمثّل عقارك | نوضّح ما سيدخل في النطاق وما لن يدخل | حسب الجدولة اليومية، ومن الأحياء التي نصل إليها غالباً
12215,post,شركة تركيب مطابخ بأبها,https://www.rukn-eltatawer.com/sa/kitchen-installation-abha/,kitchen-installation-abha,1710,0,23,31,2,57,0,2026-09-06,2026-09-10,ee322b7a0a84f534|n=12,boilerplate_overuse,عبارات قالبية متكررة: تجهيزاً مرتباً قبل انتقال أو موسم ذروة | لا نضع رقماً ثابتاً لا يمثّل عقارك | نوضّح ما سيدخل في النطاق وما لن يدخل | حسب الجدولة اليومية، ومن الأحياء التي نصل إليها غالباً
12655,post,شركة تركيب مسامير طاردة للحمام بأبها,https://www.rukn-eltatawer.com/sa/pigeon-spikes-installation-abha/,pigeon-spikes-installation-abha,1854,0,23,32,2,58,0,2026-09-06,2026-09-10,906e55984965b08a|n=12,boilerplate_overuse,عبارات قالبية متكررة: تجهيزاً مرتباً قبل انتقال أو موسم ذروة | لا نضع رقماً ثابتاً لا يمثّل عقارك | نوضّح ما سيدخل في النطاق وما لن يدخل | حسب الجدولة اليومية، ومن الأحياء التي نصل إليها غالباً
12087,post,شركة تركيب كربستون بأبها,https://www.rukn-eltatawer.com/sa/kerbstone-abha/,kerbstone-abha,1715,0,23,32,2,58,0,2026-09-06,2026-09-10,2b479c824ac2b236|n=12,boilerplate_overuse,عبارات قالبية متكررة: تجهيزاً مرتباً قبل انتقال أو موسم ذروة | لا نضع رقماً ثابتاً لا يمثّل عقارك | نوضّح ما سيدخل في النطاق وما لن يدخل | حسب الجدولة اليومية، ومن الأحياء التي نصل إليها غالباً
12151,post,شركة تركيب فوم للجدران بأبها,https://www.rukn-eltatawer.com/sa/wall-foam-abha/,wall-foam-abha,1843,0,23,31,2,57,0,2026-09-06,2026-09-10,e50233c939a0c239|n=12,boilerplate_overuse,عبارات قالبية متكررة: تجهيزاً مرتباً قبل انتقال أو موسم ذروة | لا نضع رقماً ثابتاً لا يمثّل عقارك | نوضّح ما سيدخل في النطاق وما لن يدخل | حسب الجدولة اليومية، ومن الأحياء التي نصل إليها غالباً
12199,post,شركة تركيب فواصل زجاجية وألومنيوم بأبها,https://www.rukn-eltatawer.com/sa/glass-aluminium-partitions-abha/,glass-aluminium-partitions-abha,1842,0,23,32,2,58,0,2026-09-06,2026-09-10,3f448383b747af3c|n=12,boilerplate_overuse,عبارات قالبية متكررة: تجهيزاً مرتباً قبل انتقال أو موسم ذروة | لا نضع رقماً ثابتاً لا يمثّل عقارك | نوضّح ما سيدخل في النطاق وما لن يدخل | حسب الجدولة اليومية، ومن الأحياء التي نصل إليها غالباً
12431,post,شركة تركيب عرائش خشبية بأبها,https://www.rukn-eltatawer.com/sa/wooden-arbor-installation-abha/,wooden-arbor-installation-abha,1748,0,23,30,2,56,0,2026-09-06,2026-09-10,547fe0a77b29337a|n=12,boilerplate_overuse,عبارات قالبية متكررة: تجهيزاً مرتباً قبل انتقال أو موسم ذروة | لا نضع رقماً ثابتاً لا يمثّل عقارك | نوضّح ما سيدخل في النطاق وما لن يدخل | حسب الجدولة اليومية، ومن الأحياء التي نصل إليها غالباً
12095,post,شركة تركيب طابوق بأبها,https://www.rukn-eltatawer.com/sa/brickwork-abha/,brickwork-abha,1715,0,23,32,2,58,0,2026-09-06,2026-09-10,d821019aa3e00d21|n=12,boilerplate_overuse,عبارات قالبية متكررة: تجهيزاً مرتباً قبل انتقال أو موسم ذروة | لا نضع رقماً ثابتاً لا يمثّل عقارك | نوضّح ما سيدخل في النطاق وما لن يدخل | حسب الجدولة اليومية، ومن الأحياء التي نصل إليها غالباً
12447,post,شركة تركيب شلالات اصطناعية بأبها,https://www.rukn-eltatawer.com/sa/artificial-waterfall-abha/,artificial-waterfall-abha,1765,0,23,31,2,57,0,2026-09-06,2026-09-10,2767891b7996beb6|n=12,boilerplate_overuse,عبارات قالبية متكررة: تجهيزاً مرتباً قبل انتقال أو موسم ذروة | لا نضع رقماً ثابتاً لا يمثّل عقارك | نوضّح ما سيدخل في النطاق وما لن يدخل | حسب الجدولة اليومية، ومن الأحياء التي نصل إليها غالباً
12383,post,شركة تركيب شبكات ري حديثة بأبها,https://www.rukn-eltatawer.com/sa/modern-irrigation-abha/,modern-irrigation-abha,1833,0,23,32,2,58,0,2026-09-06,2026-09-10,04145549da01d869|n=12,boilerplate_overuse,عبارات قالبية متكررة: تجهيزاً مرتباً قبل انتقال أو موسم ذروة | لا نضع رقماً ثابتاً لا يمثّل عقارك | نوضّح ما سيدخل في النطاق وما لن يدخل | حسب الجدولة اليومية، ومن الأحياء التي نصل إليها غالباً
12391,post,شركة تركيب شبكات ري أوتوماتيكية بأبها,https://www.rukn-eltatawer.com/sa/automatic-irrigation-abha/,automatic-irrigation-abha,1834,0,23,32,2,58,0,2026-09-06,2026-09-10,763ff1998422052b|n=12,boilerplate_overuse,عبارات قالبية متكررة: تجهيزاً مرتباً قبل انتقال أو موسم ذروة | لا نضع رقماً ثابتاً لا يمثّل عقارك | نوضّح ما سيدخل في النطاق وما لن يدخل | حسب الجدولة اليومية، ومن الأحياء التي نصل إليها غالباً
12647,post,شركة تركيب شبك طارد للحمام بأبها,https://www.rukn-eltatawer.com/sa/pigeon-net-installation-abha/,pigeon-net-installation-abha,1831,0,23,30,2,56,0,2026-09-06,2026-09-10,cddd5c2037c01450|n=12,boilerplate_overuse,عبارات قالبية متكررة: تجهيزاً مرتباً قبل انتقال أو موسم ذروة | لا نضع رقماً ثابتاً لا يمثّل عقارك | نوضّح ما سيدخل في النطاق وما لن يدخل | حسب الجدولة اليومية، ومن الأحياء التي نصل إليها غالباً
12231,post,شركة تركيب شبابيك بأبها,https://www.rukn-eltatawer.com/sa/windows-installation-abha/,windows-installation-abha,1730,0,23,32,2,58,0,2026-09-06,2026-09-10,de9d3ab103697e0d|n=12,boilerplate_overuse,عبارات قالبية متكررة: تجهيزاً مرتباً قبل انتقال أو موسم ذروة | لا نضع رقماً ثابتاً لا يمثّل عقارك | نوضّح ما سيدخل في النطاق وما لن يدخل | حسب الجدولة اليومية، ومن الأحياء التي نصل إليها غالباً
12111,post,شركة تركيب سيراميك وبورسلين بأبها,https://www.rukn-eltatawer.com/sa/ceramic-porcelain-abha/,ceramic-porcelain-abha,1792,0,23,32,2,58,0,2026-09-06,2026-09-10,6e4f24315676b1c2|n=12,boilerplate_overuse,عبارات قالبية متكررة: تجهيزاً مرتباً قبل انتقال أو موسم ذروة | لا نضع رقماً ثابتاً لا يمثّل عقارك | نوضّح ما سيدخل في النطاق وما لن يدخل | حسب الجدولة اليومية، ومن الأحياء التي نصل إليها غالباً
12183,post,شركة تركيب سجاد أرضيات بأبها,https://www.rukn-eltatawer.com/sa/floor-carpeting-abha/,floor-carpeting-abha,1745,0,23,30,2,56,0,2026-09-06,2026-09-09,b2af8cf3e3cd3081|n=12,boilerplate_overuse,عبارات قالبية متكررة: تجهيزاً مرتباً قبل انتقال أو موسم ذروة | لا نضع رقماً ثابتاً لا يمثّل عقارك | نوضّح ما سيدخل في النطاق وما لن يدخل | حسب الجدولة اليومية، ومن الأحياء التي نصل إليها غالباً
12207,post,شركة تركيب زجاج وألوميتال بأبها,https://www.rukn-eltatawer.com/sa/glass-alumetal-abha/,glass-alumetal-abha,1759,0,23,30,2,56,0,2026-09-06,2026-09-10,2b901068d713baf5|n=12,boilerplate_overuse,عبارات قالبية متكررة: تجهيزاً مرتباً قبل انتقال أو موسم ذروة | لا نضع رقماً ثابتاً لا يمثّل عقارك | نوضّح ما سيدخل في النطاق وما لن يدخل | حسب الجدولة اليومية، ومن الأحياء التي نصل إليها غالباً
12143,post,شركة تركيب رخام وجرانيت بأبها,https://www.rukn-eltatawer.com/sa/marble-granite-abha/,marble-granite-abha,1746,0,23,30,2,56,0,2026-09-06,2026-09-09,43d2bb5b38f3813d|n=12,boilerplate_overuse,عبارات قالبية متكررة: تجهيزاً مرتباً قبل انتقال أو موسم ذروة | لا نضع رقماً ثابتاً لا يمثّل عقارك | نوضّح ما سيدخل في النطاق وما لن يدخل | حسب الجدولة اليومية، ومن الأحياء التي نصل إليها غالباً
12135,post,شركة تركيب حجر طبيعي وصناعي بأبها,https://www.rukn-eltatawer.com/sa/stone-abha/,stone-abha,1824,0,23,30,2,56,0,2026-09-06,2026-09-10,5b6f6aa3d48457a5|n=12,boilerplate_overuse,عبارات قالبية متكررة: تجهيزاً مرتباً قبل انتقال أو موسم ذروة | لا نضع رقماً ثابتاً لا يمثّل عقارك | نوضّح ما سيدخل في النطاق وما لن يدخل | حسب الجدولة اليومية، ومن الأحياء التي نصل إليها غالباً
12103,post,شركة تركيب بلاستر بأبها,https://www.rukn-eltatawer.com/sa/plastering-abha/,plastering-abha,1729,0,23,32,2,58,0,2026-09-06,2026-09-10,519c4ba1961659d5|n=12,boilerplate_overuse,عبارات قالبية متكررة: تجهيزاً مرتباً قبل انتقال أو موسم ذروة | لا نضع رقماً ثابتاً لا يمثّل عقارك | نوضّح ما سيدخل في النطاق وما لن يدخل | حسب الجدولة اليومية، ومن الأحياء التي نصل إليها غالباً
12423,post,شركة تركيب برجولات بأبها,https://www.rukn-eltatawer.com/sa/pergola-installation-abha/,pergola-installation-abha,1713,0,23,32,2,58,0,2026-09-06,2026-09-10,ac6498441ab547ac|n=12,boilerplate_overuse,عبارات قالبية متكررة: تجهيزاً مرتباً قبل انتقال أو موسم ذروة | لا نضع رقماً ثابتاً لا يمثّل عقارك | نوضّح ما سيدخل في النطاق وما لن يدخل | حسب الجدولة اليومية، ومن الأحياء التي نصل إليها غالباً
12079,post,شركة تركيب انترلوك بأبها,https://www.rukn-eltatawer.com/sa/interlock-abha/,interlock-abha,1724,0,23,32,2,58,0,2026-09-06,2026-09-10,51ededba41b7774b|n=12,boilerplate_overuse,عبارات قالبية متكررة: تجهيزاً مرتباً قبل انتقال أو موسم ذروة | لا نضع رقماً ثابتاً لا يمثّل عقارك | نوضّح ما سيدخل في النطاق وما لن يدخل | حسب الجدولة اليومية، ومن الأحياء التي نصل إليها غالباً
12519,post,شركة تركيب أنظمة طاقة شمسية بأبها,https://www.rukn-eltatawer.com/sa/solar-systems-installation-abha/,solar-systems-installation-abha,1833,0,23,31,2,57,0,2026-09-06,2026-09-10,10764b10bcf376f1|n=12,boilerplate_overuse,عبارات قالبية متكررة: تجهيزاً مرتباً قبل انتقال أو موسم ذروة | لا نضع رقماً ثابتاً لا يمثّل عقارك | نوضّح ما سيدخل في النطاق وما لن يدخل | حسب الجدولة اليومية، ومن الأحياء التي نصل إليها غالباً
12191,post,شركة تركيب أسقف مستعارة بأبها,https://www.rukn-eltatawer.com/sa/suspended-ceiling-abha/,suspended-ceiling-abha,1798,0,23,31,2,57,0,2026-09-06,2026-09-10,3957b5923a3cb621|n=12,boilerplate_overuse,عبارات قالبية متكررة: تجهيزاً مرتباً قبل انتقال أو موسم ذروة | لا نضع رقماً ثابتاً لا يمثّل عقارك | نوضّح ما سيدخل في النطاق وما لن يدخل | حسب الجدولة اليومية، ومن الأحياء التي نصل إليها غالباً
12127,post,شركة تركيب أرضيات فينيل بأبها,https://www.rukn-eltatawer.com/sa/vinyl-flooring-abha/,vinyl-flooring-abha,1737,0,23,30,2,56,0,2026-09-06,2026-09-10,aa34b837eea2d037|n=12,boilerplate_overuse,عبارات قالبية متكررة: تجهيزاً مرتباً قبل انتقال أو موسم ذروة | لا نضع رقماً ثابتاً لا يمثّل عقارك | نوضّح ما سيدخل في النطاق وما لن يدخل | حسب الجدولة اليومية، ومن الأحياء التي نصل إليها غالباً
13039,post,شركة تركيب أدوات صحية بأبها,https://www.rukn-eltatawer.com/sa/sanitary-fixtures-installation-abha/,sanitary-fixtures-installation-abha,1797,0,23,31,2,57,0,2026-09-06,2026-09-10,6d9a6038925a2d71|n=12,boilerplate_overuse,عبارات قالبية متكررة: تجهيزاً مرتباً قبل انتقال أو موسم ذروة | لا نضع رقماً ثابتاً لا يمثّل عقارك | نوضّح ما سيدخل في النطاق وما لن يدخل | حسب الجدولة اليومية، ومن الأحياء التي نصل إليها غالباً
12663,post,شركة تركيب أجهزة صوتية لطرد الطيور بأبها,https://www.rukn-eltatawer.com/sa/bird-sound-device-abha/,bird-sound-device-abha,1914,0,23,30,2,56,0,2026-09-06,2026-09-10,6307199134bccc80|n=12,boilerplate_overuse,عبارات قالبية متكررة: تجهيزاً مرتباً قبل انتقال أو موسم ذروة | لا نضع رقماً ثابتاً لا يمثّل عقارك | نوضّح ما سيدخل في النطاق وما لن يدخل | حسب الجدولة اليومية، ومن الأحياء التي نصل إليها غالباً
12223,post,شركة تركيب أبواب بأبها,https://www.rukn-eltatawer.com/sa/doors-installation-abha/,doors-installation-abha,1716,0,23,32,2,58,0,2026-09-06,2026-09-10,04145549da01d869|n=12,boilerplate_overuse,عبارات قالبية متكررة: تجهيزاً مرتباً قبل انتقال أو موسم ذروة | لا نضع رقماً ثابتاً لا يمثّل عقارك | نوضّح ما سيدخل في النطاق وما لن يدخل | حسب الجدولة اليومية، ومن الأحياء التي نصل إليها غالباً
12511,post,شركة تخزين أثاث بأبها,https://www.rukn-eltatawer.com/sa/furniture-storage-abha/,furniture-storage-abha,1734,0,23,33,2,59,0,2026-09-06,2026-09-10,d2137d3a8471b54e|n=12,boilerplate_overuse,عبارات قالبية متكررة: تجهيزاً مرتباً قبل انتقال أو موسم ذروة | لا نضع رقماً ثابتاً لا يمثّل عقارك | نوضّح ما سيدخل في النطاق وما لن يدخل | حسب الجدولة اليومية، ومن الأحياء التي نصل إليها غالباً
12007,post,شركة تبطين وصيانة خزانات مياه بأبها,https://www.rukn-eltatawer.com/sa/tank-lining-maintenance-abha/,tank-lining-maintenance-abha,1884,0,23,33,2,59,0,2026-09-06,2026-09-10,76861252f1eebafd|n=12,boilerplate_overuse,عبارات قالبية متكررة: تجهيزاً مرتباً قبل انتقال أو موسم ذروة | لا نضع رقماً ثابتاً لا يمثّل عقارك | نوضّح ما سيدخل في النطاق وما لن يدخل | حسب الجدولة اليومية، ومن الأحياء التي نصل إليها غالباً
12263,post,شركة بناء ملاحق بأبها,https://www.rukn-eltatawer.com/sa/annex-building-abha/,annex-building-abha,1708,0,23,30,2,56,0,2026-09-06,2026-09-10,76be8fae8ca826d7|n=12,boilerplate_overuse,عبارات قالبية متكررة: تجهيزاً مرتباً قبل انتقال أو موسم ذروة | لا نضع رقماً ثابتاً لا يمثّل عقارك | نوضّح ما سيدخل في النطاق وما لن يدخل | حسب الجدولة اليومية، ومن الأحياء التي نصل إليها غالباً
12287,post,شركة بناء مطابخ خارجية بأبها,https://www.rukn-eltatawer.com/sa/outdoor-kitchens-abha/,outdoor-kitchens-abha,1778,0,23,33,2,59,0,2026-09-06,2026-09-10,be1b5b23a8f89622|n=12,boilerplate_overuse,عبارات قالبية متكررة: تجهيزاً مرتباً قبل انتقال أو موسم ذروة | لا نضع رقماً ثابتاً لا يمثّل عقارك | نوضّح ما سيدخل في النطاق وما لن يدخل | حسب الجدولة اليومية، ومن الأحياء التي نصل إليها غالباً
12295,post,شركة بناء مجالس خارجية بأبها,https://www.rukn-eltatawer.com/sa/outdoor-majlis-abha/,outdoor-majlis-abha,1771,0,23,32,2,58,0,2026-09-06,2026-09-10,68f413172974d5a5|n=12,boilerplate_overuse,عبارات قالبية متكررة: تجهيزاً مرتباً قبل انتقال أو موسم ذروة | لا نضع رقماً ثابتاً لا يمثّل عقارك | نوضّح ما سيدخل في النطاق وما لن يدخل | حسب الجدولة اليومية، ومن الأحياء التي نصل إليها غالباً
12279,post,شركة بناء حمامات خارجية بأبها,https://www.rukn-eltatawer.com/sa/outdoor-bathrooms-abha/,outdoor-bathrooms-abha,1790,0,23,32,2,58,0,2026-09-06,2026-09-10,08345292d251f153|n=12,boilerplate_overuse,عبارات قالبية متكررة: تجهيزاً مرتباً قبل انتقال أو موسم ذروة | لا نضع رقماً ثابتاً لا يمثّل عقارك | نوضّح ما سيدخل في النطاق وما لن يدخل | حسب الجدولة اليومية، ومن الأحياء التي نصل إليها غالباً
12271,post,شركة بناء استراحات بأبها,https://www.rukn-eltatawer.com/sa/majlis-building-abha/,majlis-building-abha,1706,0,23,30,2,56,0,2026-09-06,2026-09-10,60c83ae0d0ef7fd6|n=12,boilerplate_overuse,عبارات قالبية متكررة: تجهيزاً مرتباً قبل انتقال أو موسم ذروة | لا نضع رقماً ثابتاً لا يمثّل عقارك | نوضّح ما سيدخل في النطاق وما لن يدخل | حسب الجدولة اليومية، ومن الأحياء التي نصل إليها غالباً
12303,post,شركة بناء أسوار طابوق بأبها,https://www.rukn-eltatawer.com/sa/block-fences-abha/,block-fences-abha,1784,0,23,30,2,56,0,2026-09-06,2026-09-10,9da00d852766272c|n=12,boilerplate_overuse,عبارات قالبية متكررة: تجهيزاً مرتباً قبل انتقال أو موسم ذروة | لا نضع رقماً ثابتاً لا يمثّل عقارك | نوضّح ما سيدخل في النطاق وما لن يدخل | حسب الجدولة اليومية، ومن الأحياء التي نصل إليها غالباً
12439,post,شركة إنشاء ممرات حجرية بأبها,https://www.rukn-eltatawer.com/sa/stone-pathway-abha/,stone-pathway-abha,1743,0,23,30,2,56,0,2026-09-06,2026-09-10,7d3f707671f9d3bb|n=12,boilerplate_overuse,عبارات قالبية متكررة: تجهيزاً مرتباً قبل انتقال أو موسم ذروة | لا نضع رقماً ثابتاً لا يمثّل عقارك | نوضّح ما سيدخل في النطاق وما لن يدخل | حسب الجدولة اليومية، ومن الأحياء التي نصل إليها غالباً
12055,post,شركة إصلاح تشققات الأسقف والجدران بأبها,https://www.rukn-eltatawer.com/sa/crack-repair-abha/,crack-repair-abha,1837,0,23,32,2,58,0,2026-09-06,2026-09-10,1feaa6018b629e92|n=12,boilerplate_overuse,عبارات قالبية متكررة: تجهيزاً مرتباً قبل انتقال أو موسم ذروة | لا نضع رقماً ثابتاً لا يمثّل عقارك | نوضّح ما سيدخل في النطاق وما لن يدخل | حسب الجدولة اليومية، ومن الأحياء التي نصل إليها غالباً
12927,post,شركة إزالة دهان قديم وتحضير أسطح بأبها,https://www.rukn-eltatawer.com/sa/paint-removal-surface-prep-abha/,paint-removal-surface-prep-abha,1910,0,23,31,2,57,0,2026-09-06,2026-09-10,b45594afea8bb7f8|n=12,boilerplate_overuse,عبارات قالبية متكررة: تجهيزاً مرتباً قبل انتقال أو موسم ذروة | لا نضع رقماً ثابتاً لا يمثّل عقارك | نوضّح ما سيدخل في النطاق وما لن يدخل | حسب الجدولة اليومية، ومن الأحياء التي نصل إليها غالباً
12718,post,حداد أبواب ونوافذ بالطائف,https://www.rukn-eltatawer.com/sa/blacksmith-doors-windows-taif/,blacksmith-doors-windows-taif,1765,0,23,30,2,56,0,2026-09-06,2026-09-10,33dff2b6f0a22d53|n=12,boilerplate_overuse,عبارات قالبية متكررة: تجهيزاً مرتباً قبل انتقال أو موسم ذروة | لا نضع رقماً ثابتاً لا يمثّل عقارك | نوضّح ما سيدخل في النطاق وما لن يدخل | حسب الجدولة اليومية، ومن الأحياء التي نصل إليها غالباً
13118,post,شركة نقل وتركيب مكيفات بالطائف,https://www.rukn-eltatawer.com/sa/ac-relocation-installation-taif/,ac-relocation-installation-taif,1797,0,23,31,2,57,0,2026-09-06,2026-09-10,a6438043e3176df0|n=12,boilerplate_overuse,عبارات قالبية متكررة: تجهيزاً مرتباً قبل انتقال أو موسم ذروة | لا نضع رقماً ثابتاً لا يمثّل عقارك | نوضّح ما سيدخل في النطاق وما لن يدخل | حسب الجدولة اليومية، ومن الأحياء التي نصل إليها غالباً
12486,post,شركة نقل بيانو بالطائف,https://www.rukn-eltatawer.com/sa/piano-moving-taif/,piano-moving-taif,1706,0,23,30,2,56,0,2026-09-06,2026-09-09,999038cc31f0b4c7|n=12,boilerplate_overuse,عبارات قالبية متكررة: تجهيزاً مرتباً قبل انتقال أو موسم ذروة | لا نضع رقماً ثابتاً لا يمثّل عقارك | نوضّح ما سيدخل في النطاق وما لن يدخل | حسب الجدولة اليومية، ومن الأحياء التي نصل إليها غالباً
12582,post,شركة مكافحة بق الفراش بالطائف,https://www.rukn-eltatawer.com/sa/bed-bug-control-taif/,bed-bug-control-taif,1813,0,23,30,2,56,0,2026-09-06,2026-09-10,a4d5379dbd304006|n=12,boilerplate_overuse,عبارات قالبية متكررة: تجهيزاً مرتباً قبل انتقال أو موسم ذروة | لا نضع رقماً ثابتاً لا يمثّل عقارك | نوضّح ما سيدخل في النطاق وما لن يدخل | حسب الجدولة اليومية، ومن الأحياء التي نصل إليها غالباً
12622,post,شركة مكافحة الوزغ (البرص) بالطائف,https://www.rukn-eltatawer.com/sa/lizard-control-taif/,lizard-control-taif,1819,0,23,32,2,58,0,2026-09-06,2026-09-10,2405ed52c32c7b2a|n=12,boilerplate_overuse,عبارات قالبية متكررة: تجهيزاً مرتباً قبل انتقال أو موسم ذروة | لا نضع رقماً ثابتاً لا يمثّل عقارك | نوضّح ما سيدخل في النطاق وما لن يدخل | حسب الجدولة اليومية، ومن الأحياء التي نصل إليها غالباً
12590,post,شركة مكافحة الفئران والقوارض بالطائف,https://www.rukn-eltatawer.com/sa/rodent-control-taif/,rodent-control-taif,1821,0,23,31,2,57,0,2026-09-06,2026-09-10,ec0bdbca2ac74f32|n=12,boilerplate_overuse,عبارات قالبية متكررة: تجهيزاً مرتباً قبل انتقال أو موسم ذروة | لا نضع رقماً ثابتاً لا يمثّل عقارك | نوضّح ما سيدخل في النطاق وما لن يدخل | حسب الجدولة اليومية، ومن الأحياء التي نصل إليها غالباً
12606,post,شركة مكافحة العقارب بالطائف,https://www.rukn-eltatawer.com/sa/scorpion-control-taif/,scorpion-control-taif,1700,0,23,30,2,56,0,2026-09-06,2026-09-10,c75b046753b22ce1|n=12,boilerplate_overuse,عبارات قالبية متكررة: تجهيزاً مرتباً قبل انتقال أو موسم ذروة | لا نضع رقماً ثابتاً لا يمثّل عقارك | نوضّح ما سيدخل في النطاق وما لن يدخل | حسب الجدولة اليومية، ومن الأحياء التي نصل إليها غالباً
12630,post,شركة مكافحة الطيور بالطائف,https://www.rukn-eltatawer.com/sa/bird-control-taif/,bird-control-taif,1734,0,23,32,2,58,0,2026-09-06,2026-09-10,04145549da01d869|n=12,boilerplate_overuse,عبارات قالبية متكررة: تجهيزاً مرتباً قبل انتقال أو موسم ذروة | لا نضع رقماً ثابتاً لا يمثّل عقارك | نوضّح ما سيدخل في النطاق وما لن يدخل | حسب الجدولة اليومية، ومن الأحياء التي نصل إليها غالباً
12550,post,شركة مكافحة الحشرات الطائرة بالطائف,https://www.rukn-eltatawer.com/sa/flying-pest-control-taif/,flying-pest-control-taif,1786,0,23,32,2,58,0,2026-09-06,2026-09-10,93d9811c9a99c584|n=12,boilerplate_overuse,عبارات قالبية متكررة: تجهيزاً مرتباً قبل انتقال أو موسم ذروة | لا نضع رقماً ثابتاً لا يمثّل عقارك | نوضّح ما سيدخل في النطاق وما لن يدخل | حسب الجدولة اليومية، ومن الأحياء التي نصل إليها غالباً
12542,post,شركة مكافحة الحشرات الزاحفة بالطائف,https://www.rukn-eltatawer.com/sa/crawling-pest-control-taif/,crawling-pest-control-taif,1805,0,23,31,2,57,0,2026-09-06,2026-09-10,778e73fd83b163a3|n=12,boilerplate_overuse,عبارات قالبية متكررة: تجهيزاً مرتباً قبل انتقال أو موسم ذروة | لا نضع رقماً ثابتاً لا يمثّل عقارك | نوضّح ما سيدخل في النطاق وما لن يدخل | حسب الجدولة اليومية، ومن الأحياء التي نصل إليها غالباً
12638,post,شركة مكافحة البعوض والذباب بالطائف,https://www.rukn-eltatawer.com/sa/mosquito-fly-control-taif/,mosquito-fly-control-taif,1749,0,23,30,2,56,0,2026-09-06,2026-09-10,437e145fccd07179|n=12,boilerplate_overuse,عبارات قالبية متكررة: تجهيزاً مرتباً قبل انتقال أو موسم ذروة | لا نضع رقماً ثابتاً لا يمثّل عقارك | نوضّح ما سيدخل في النطاق وما لن يدخل | حسب الجدولة اليومية، ومن الأحياء التي نصل إليها غالباً
12614,post,شركة مكافحة البراغيث بالطائف,https://www.rukn-eltatawer.com/sa/flea-control-taif/,flea-control-taif,1716,0,23,32,2,58,0,2026-09-06,2026-09-10,e71b3cae5c6011f6|n=12,boilerplate_overuse,عبارات قالبية متكررة: تجهيزاً مرتباً قبل انتقال أو موسم ذروة | لا نضع رقماً ثابتاً لا يمثّل عقارك | نوضّح ما سيدخل في النطاق وما لن يدخل | حسب الجدولة اليومية، ومن الأحياء التي نصل إليها غالباً
12598,post,شركة مكافحة الأفاعي بالطائف,https://www.rukn-eltatawer.com/sa/snake-control-taif/,snake-control-taif,1693,0,23,30,2,56,0,2026-09-06,2026-09-10,b42a94cd80064c02|n=12,boilerplate_overuse,عبارات قالبية متكررة: تجهيزاً مرتباً قبل انتقال أو موسم ذروة | لا نضع رقماً ثابتاً لا يمثّل عقارك | نوضّح ما سيدخل في النطاق وما لن يدخل | حسب الجدولة اليومية، ومن الأحياء التي نصل إليها غالباً
12782,post,شركة مكاتب الشحن بالطائف,https://www.rukn-eltatawer.com/sa/shipping-offices-taif/,shipping-offices-taif,1709,0,23,30,2,56,0,2026-09-06,2026-09-10,bd301b9dc40591f9|n=12,boilerplate_overuse,عبارات قالبية متكررة: تجهيزاً مرتباً قبل انتقال أو موسم ذروة | لا نضع رقماً ثابتاً لا يمثّل عقارك | نوضّح ما سيدخل في النطاق وما لن يدخل | حسب الجدولة اليومية، ومن الأحياء التي نصل إليها غالباً
11998,post,شركة معالجة الرطوبة والعفن بالطائف,https://www.rukn-eltatawer.com/sa/humidity-treatment-taif/,humidity-treatment-taif,1803,0,23,33,2,59,0,2026-09-06,2026-09-10,b85c67d4b9ed7f3c|n=12,boilerplate_overuse,عبارات قالبية متكررة: تجهيزاً مرتباً قبل انتقال أو موسم ذروة | لا نضع رقماً ثابتاً لا يمثّل عقارك | نوضّح ما سيدخل في النطاق وما لن يدخل | حسب الجدولة اليومية، ومن الأحياء التي نصل إليها غالباً
13142,post,شركة كشف أعطال تبريد بالطائف,https://www.rukn-eltatawer.com/sa/cooling-fault-detection-taif/,cooling-fault-detection-taif,1804,0,23,31,2,57,0,2026-09-06,2026-09-10,0e2cef419478304e|n=12,boilerplate_overuse,عبارات قالبية متكررة: تجهيزاً مرتباً قبل انتقال أو موسم ذروة | لا نضع رقماً ثابتاً لا يمثّل عقارك | نوضّح ما سيدخل في النطاق وما لن يدخل | حسب الجدولة اليومية، ومن الأحياء التي نصل إليها غالباً
12046,post,شركة فحص فلل ومباني قبل الشراء بالطائف,https://www.rukn-eltatawer.com/sa/villa-inspection-taif/,villa-inspection-taif,1915,0,23,33,2,59,0,2026-09-06,2026-09-10,93f564e121a551e3|n=12,boilerplate_overuse,عبارات قالبية متكررة: تجهيزاً مرتباً قبل انتقال أو موسم ذروة | لا نضع رقماً ثابتاً لا يمثّل عقارك | نوضّح ما سيدخل في النطاق وما لن يدخل | حسب الجدولة اليومية، ومن الأحياء التي نصل إليها غالباً
12902,post,شركة عزل ودهان أسطح بالطائف,https://www.rukn-eltatawer.com/sa/roof-insulation-painting-taif/,roof-insulation-painting-taif,1809,0,23,31,2,57,0,2026-09-06,2026-09-10,9c94dc56ecb17ccc|n=12,boilerplate_overuse,عبارات قالبية متكررة: تجهيزاً مرتباً قبل انتقال أو موسم ذروة | لا نضع رقماً ثابتاً لا يمثّل عقارك | نوضّح ما سيدخل في النطاق وما لن يدخل | حسب الجدولة اليومية، ومن الأحياء التي نصل إليها غالباً
11412,post,شركة عزل مطابخ بالطائف,https://www.rukn-eltatawer.com/sa/kitchen-insulation-taif/,kitchen-insulation-taif,1723,0,23,31,2,57,0,2026-09-06,2026-09-10,8a3ef5735023880e|n=12,boilerplate_overuse,عبارات قالبية متكررة: تجهيزاً مرتباً قبل انتقال أو موسم ذروة | لا نضع رقماً ثابتاً لا يمثّل عقارك | نوضّح ما سيدخل في النطاق وما لن يدخل | حسب الجدولة اليومية، ومن الأحياء التي نصل إليها غالباً
11982,post,شركة عزل مائي بالطائف,https://www.rukn-eltatawer.com/sa/waterproofing-taif/,waterproofing-taif,1800,0,23,33,2,59,0,2026-09-06,2026-09-10,17a7ba318b93d5a4|n=12,boilerplate_overuse,عبارات قالبية متكررة: تجهيزاً مرتباً قبل انتقال أو موسم ذروة | لا نضع رقماً ثابتاً لا يمثّل عقارك | نوضّح ما سيدخل في النطاق وما لن يدخل | حسب الجدولة اليومية، ومن الأحياء التي نصل إليها غالباً
11990,post,شركة عزل صوتي بالطائف,https://www.rukn-eltatawer.com/sa/soundproofing-taif/,soundproofing-taif,1740,0,23,31,2,57,0,2026-09-06,2026-09-10,90bd19a20b4fddc4|n=12,boilerplate_overuse,عبارات قالبية متكررة: تجهيزاً مرتباً قبل انتقال أو موسم ذروة | لا نضع رقماً ثابتاً لا يمثّل عقارك | نوضّح ما سيدخل في النطاق وما لن يدخل | حسب الجدولة اليومية، ومن الأحياء التي نصل إليها غالباً
11411,post,شركة عزل حمامات بالطائف,https://www.rukn-eltatawer.com/sa/bathroom-insulation-taif/,bathroom-insulation-taif,1746,0,23,33,2,59,0,2026-09-06,2026-09-10,25e3e0685edcbeb6|n=12,boilerplate_overuse,عبارات قالبية متكررة: تجهيزاً مرتباً قبل انتقال أو موسم ذروة | لا نضع رقماً ثابتاً لا يمثّل عقارك | نوضّح ما سيدخل في النطاق وما لن يدخل | حسب الجدولة اليومية، ومن الأحياء التي نصل إليها غالباً
11974,post,شركة عزل حراري بالطائف,https://www.rukn-eltatawer.com/sa/thermal-insulation-taif/,thermal-insulation-taif,1759,0,23,32,2,58,0,2026-09-06,2026-09-10,f9e801281bb45d0f|n=12,boilerplate_overuse,عبارات قالبية متكررة: تجهيزاً مرتباً قبل انتقال أو موسم ذروة | لا نضع رقماً ثابتاً لا يمثّل عقارك | نوضّح ما سيدخل في النطاق وما لن يدخل | حسب الجدولة اليومية، ومن الأحياء التي نصل إليها غالباً
12958,post,شركة صيانة ودهان بعد التسريبات بالطائف,https://www.rukn-eltatawer.com/sa/post-leak-repaint-maintenance-taif/,post-leak-repaint-maintenance-taif,2011,0,23,34,2,60,0,2026-09-06,2026-09-10,91d78f28440895b6|n=12,boilerplate_overuse,عبارات قالبية متكررة: تجهيزاً مرتباً قبل انتقال أو موسم ذروة | لا نضع رقماً ثابتاً لا يمثّل عقارك | نوضّح ما سيدخل في النطاق وما لن يدخل | حسب الجدولة اليومية، ومن الأحياء التي نصل إليها غالباً
11302,post,شركة صيانة نشافات بالطائف,https://www.rukn-eltatawer.com/sa/dryer-maintenance-taif/,dryer-maintenance-taif,1731,0,23,30,2,56,0,2026-09-06,2026-09-10,c705a3b1d279cd1e|n=12,boilerplate_overuse,عبارات قالبية متكررة: تجهيزاً مرتباً قبل انتقال أو موسم ذروة | لا نضع رقماً ثابتاً لا يمثّل عقارك | نوضّح ما سيدخل في النطاق وما لن يدخل | حسب الجدولة اليومية، ومن الأحياء التي نصل إليها غالباً
11303,post,شركة صيانة ميكروويف بالطائف,https://www.rukn-eltatawer.com/sa/microwave-maintenance-taif/,microwave-maintenance-taif,1749,0,23,32,2,58,0,2026-09-06,2026-09-10,c3e19c6793662057|n=12,boilerplate_overuse,عبارات قالبية متكررة: تجهيزاً مرتباً قبل انتقال أو موسم ذروة | لا نضع رقماً ثابتاً لا يمثّل عقارك | نوضّح ما سيدخل في النطاق وما لن يدخل | حسب الجدولة اليومية، ومن الأحياء التي نصل إليها غالباً
11294,post,شركة صيانة مصاعد بالطائف,https://www.rukn-eltatawer.com/sa/elevator-maintenance-taif/,elevator-maintenance-taif,1698,0,23,30,2,56,0,2026-09-06,2026-09-10,7d964608c8fd8b7d|n=12,boilerplate_overuse,عبارات قالبية متكررة: تجهيزاً مرتباً قبل انتقال أو موسم ذروة | لا نضع رقماً ثابتاً لا يمثّل عقارك | نوضّح ما سيدخل في النطاق وما لن يدخل | حسب الجدولة اليومية، ومن الأحياء التي نصل إليها غالباً
11305,post,شركة صيانة مبردات مياه بالطائف,https://www.rukn-eltatawer.com/sa/water-cooler-maintenance-taif/,water-cooler-maintenance-taif,1811,0,23,32,2,58,0,2026-09-06,2026-09-10,b311a08c598537c5|n=12,boilerplate_overuse,عبارات قالبية متكررة: تجهيزاً مرتباً قبل انتقال أو موسم ذروة | لا نضع رقماً ثابتاً لا يمثّل عقارك | نوضّح ما سيدخل في النطاق وما لن يدخل | حسب الجدولة اليومية، ومن الأحياء التي نصل إليها غالباً
11288,post,شركة صيانة مباني بالطائف,https://www.rukn-eltatawer.com/sa/building-maintenance-taif/,building-maintenance-taif,1733,0,23,33,2,59,0,2026-09-06,2026-09-10,b0be52a90b6eec81|n=12,boilerplate_overuse,عبارات قالبية متكررة: تجهيزاً مرتباً قبل انتقال أو موسم ذروة | لا نضع رقماً ثابتاً لا يمثّل عقارك | نوضّح ما سيدخل في النطاق وما لن يدخل | حسب الجدولة اليومية، ومن الأحياء التي نصل إليها غالباً
11301,post,شركة صيانة غسالات بالطائف,https://www.rukn-eltatawer.com/sa/washer-maintenance-taif/,washer-maintenance-taif,1755,0,23,32,2,58,0,2026-09-06,2026-09-10,7058acf6884437fc|n=12,boilerplate_overuse,عبارات قالبية متكررة: تجهيزاً مرتباً قبل انتقال أو موسم ذروة | لا نضع رقماً ثابتاً لا يمثّل عقارك | نوضّح ما سيدخل في النطاق وما لن يدخل | حسب الجدولة اليومية، ومن الأحياء التي نصل إليها غالباً
11287,post,شركة صيانة عامة بالطائف,https://www.rukn-eltatawer.com/sa/general-maintenance-taif/,general-maintenance-taif,1724,0,23,31,2,57,0,2026-09-06,2026-09-10,767ded2a8862f60f|n=12,boilerplate_overuse,عبارات قالبية متكررة: تجهيزاً مرتباً قبل انتقال أو موسم ذروة | لا نضع رقماً ثابتاً لا يمثّل عقارك | نوضّح ما سيدخل في النطاق وما لن يدخل | حسب الجدولة اليومية، ومن الأحياء التي نصل إليها غالباً
13150,post,شركة صيانة ثلاجات وتبريد تجاري بالطائف,https://www.rukn-eltatawer.com/sa/commercial-refrigeration-maintenance-taif/,commercial-refrigeration-maintenance-taif,1853,0,23,31,2,57,0,2026-09-06,2026-09-10,de30b0e5c8889656|n=12,boilerplate_overuse,عبارات قالبية متكررة: تجهيزاً مرتباً قبل انتقال أو موسم ذروة | لا نضع رقماً ثابتاً لا يمثّل عقارك | نوضّح ما سيدخل في النطاق وما لن يدخل | حسب الجدولة اليومية، ومن الأحياء التي نصل إليها غالباً
11300,post,شركة صيانة ثلاجات بالطائف,https://www.rukn-eltatawer.com/sa/fridge-maintenance-taif/,fridge-maintenance-taif,1749,0,23,32,2,58,0,2026-09-06,2026-09-10,6b34b6331941490e|n=12,boilerplate_overuse,عبارات قالبية متكررة: تجهيزاً مرتباً قبل انتقال أو موسم ذروة | لا نضع رقماً ثابتاً لا يمثّل عقارك | نوضّح ما سيدخل في النطاق وما لن يدخل | حسب الجدولة اليومية، ومن الأحياء التي نصل إليها غالباً
11298,post,شركة صيانة بوتاجازات بالطائف,https://www.rukn-eltatawer.com/sa/stove-maintenance-taif/,stove-maintenance-taif,1729,0,23,30,2,56,0,2026-09-06,2026-09-10,d56fc632bcc03582|n=12,boilerplate_overuse,عبارات قالبية متكررة: تجهيزاً مرتباً قبل انتقال أو موسم ذروة | لا نضع رقماً ثابتاً لا يمثّل عقارك | نوضّح ما سيدخل في النطاق وما لن يدخل | حسب الجدولة اليومية، ومن الأحياء التي نصل إليها غالباً
11297,post,شركة صيانة أفران بالطائف,https://www.rukn-eltatawer.com/sa/oven-maintenance-taif/,oven-maintenance-taif,1733,0,23,30,2,56,0,2026-09-06,2026-09-10,feaa605c0e6ff881|n=12,boilerplate_overuse,عبارات قالبية متكررة: تجهيزاً مرتباً قبل انتقال أو موسم ذروة | لا نضع رقماً ثابتاً لا يمثّل عقارك | نوضّح ما سيدخل في النطاق وما لن يدخل | حسب الجدولة اليومية، ومن الأحياء التي نصل إليها غالباً
11296,post,شركة صيانة أبواب أوتوماتيكية بالطائف,https://www.rukn-eltatawer.com/sa/automatic-doors-maintenance-taif/,automatic-doors-maintenance-taif,1790,0,23,32,2,58,0,2026-09-06,2026-09-10,af88794d04cc9a32|n=12,boilerplate_overuse,عبارات قالبية متكررة: تجهيزاً مرتباً قبل انتقال أو موسم ذروة | لا نضع رقماً ثابتاً لا يمثّل عقارك | نوضّح ما سيدخل في النطاق وما لن يدخل | حسب الجدولة اليومية، ومن الأحياء التي نصل إليها غالباً
12062,post,شركة شفط بيارات بالطائف,https://www.rukn-eltatawer.com/sa/septic-tank-emptying-taif/,septic-tank-emptying-taif,1742,0,23,33,2,59,0,2026-09-06,2026-09-10,4e4e136d2ebd2ba5|n=12,boilerplate_overuse,عبارات قالبية متكررة: تجهيزاً مرتباً قبل انتقال أو موسم ذروة | لا نضع رقماً ثابتاً لا يمثّل عقارك | نوضّح ما سيدخل في النطاق وما لن يدخل | حسب الجدولة اليومية، ومن الأحياء التي نصل إليها غالباً
12814,post,شركة شحن طرود سريعة بالطائف,https://www.rukn-eltatawer.com/sa/express-parcel-shipping-taif/,express-parcel-shipping-taif,1790,0,23,32,2,58,0,2026-09-06,2026-09-10,801131b97d0505ac|n=12,boilerplate_overuse,عبارات قالبية متكررة: تجهيزاً مرتباً قبل انتقال أو موسم ذروة | لا نضع رقماً ثابتاً لا يمثّل عقارك | نوضّح ما سيدخل في النطاق وما لن يدخل | حسب الجدولة اليومية، ومن الأحياء التي نصل إليها غالباً
12806,post,شركة شحن سيارات بالطائف,https://www.rukn-eltatawer.com/sa/car-shipping-taif/,car-shipping-taif,1705,0,23,30,2,56,0,2026-09-06,2026-09-10,9c92a7d7a705a3b0|n=12,boilerplate_overuse|intent_mismatch,عبارات قالبية متكررة: تجهيزاً مرتباً قبل انتقال أو موسم ذروة | لا نضع رقماً ثابتاً لا يمثّل عقارك | نوضّح ما سيدخل في النطاق وما لن يدخل | حسب الجدولة اليومية، ومن الأحياء التي نصل إليها غالباً || عنوان شحن سيارات بينما النص يعامل الخدمة كخدمة منزل/عقار || شحن سيارات يستخدم صياغة انتقال المنازل
12846,post,شركة شحن دولي جوي بالطائف,https://www.rukn-eltatawer.com/sa/air-freight-taif/,air-freight-taif,1786,0,23,32,2,58,0,2026-09-06,2026-09-10,f9c813ac9b3fc875|n=12,boilerplate_overuse,عبارات قالبية متكررة: تجهيزاً مرتباً قبل انتقال أو موسم ذروة | لا نضع رقماً ثابتاً لا يمثّل عقارك | نوضّح ما سيدخل في النطاق وما لن يدخل | حسب الجدولة اليومية، ومن الأحياء التي نصل إليها غالباً
12830,post,شركة شحن دولي بري بالطائف,https://www.rukn-eltatawer.com/sa/land-freight-taif/,land-freight-taif,1765,0,23,30,2,56,0,2026-09-06,2026-09-10,f5ffdf979c8dd016|n=12,boilerplate_overuse,عبارات قالبية متكررة: تجهيزاً مرتباً قبل انتقال أو موسم ذروة | لا نضع رقماً ثابتاً لا يمثّل عقارك | نوضّح ما سيدخل في النطاق وما لن يدخل | حسب الجدولة اليومية، ومن الأحياء التي نصل إليها غالباً
12838,post,شركة شحن دولي بحري بالطائف,https://www.rukn-eltatawer.com/sa/sea-freight-taif/,sea-freight-taif,1787,0,23,32,2,58,0,2026-09-06,2026-09-10,04145549da01d869|n=12,boilerplate_overuse,عبارات قالبية متكررة: تجهيزاً مرتباً قبل انتقال أو موسم ذروة | لا نضع رقماً ثابتاً لا يمثّل عقارك | نوضّح ما سيدخل في النطاق وما لن يدخل | حسب الجدولة اليومية، ومن الأحياء التي نصل إليها غالباً
12822,post,شركة شحن داخلي داخل بالطائف,https://www.rukn-eltatawer.com/sa/domestic-shipping-taif/,domestic-shipping-taif,1740,0,23,32,2,58,0,2026-09-06,2026-09-10,9ee36a49251b78f6|n=12,boilerplate_overuse|intent_mismatch,عبارات قالبية متكررة: تجهيزاً مرتباً قبل انتقال أو موسم ذروة | لا نضع رقماً ثابتاً لا يمثّل عقارك | نوضّح ما سيدخل في النطاق وما لن يدخل | حسب الجدولة اليومية، ومن الأحياء التي نصل إليها غالباً || عنوان شحن بينما الأسئلة تفترض شقق وفلل
12790,post,شركة شحن بضائع بالطائف,https://www.rukn-eltatawer.com/sa/cargo-shipping-taif/,cargo-shipping-taif,1706,0,23,30,2,56,0,2026-09-06,2026-09-10,aa34b837eea2d037|n=12,boilerplate_overuse,عبارات قالبية متكررة: تجهيزاً مرتباً قبل انتقال أو موسم ذروة | لا نضع رقماً ثابتاً لا يمثّل عقارك | نوضّح ما سيدخل في النطاق وما لن يدخل | حسب الجدولة اليومية، ومن الأحياء التي نصل إليها غالباً
12798,post,شركة شحن أثاث بالطائف,https://www.rukn-eltatawer.com/sa/furniture-shipping-taif/,furniture-shipping-taif,1710,0,23,30,2,56,0,2026-09-06,2026-09-09,ce4f15ee4de5cf2b|n=12,boilerplate_overuse|intent_mismatch,عبارات قالبية متكررة: تجهيزاً مرتباً قبل انتقال أو موسم ذروة | لا نضع رقماً ثابتاً لا يمثّل عقارك | نوضّح ما سيدخل في النطاق وما لن يدخل | حسب الجدولة اليومية، ومن الأحياء التي نصل إليها غالباً || عنوان شحن بينما الأسئلة تفترض شقق وفلل
12366,post,شركة زرع نخيل وأشجار بالطائف,https://www.rukn-eltatawer.com/sa/palm-tree-planting-taif/,palm-tree-planting-taif,1795,0,23,32,2,58,0,2026-09-06,2026-09-10,91ab2f442c019359|n=12,boilerplate_overuse,عبارات قالبية متكررة: تجهيزاً مرتباً قبل انتقال أو موسم ذروة | لا نضع رقماً ثابتاً لا يمثّل عقارك | نوضّح ما سيدخل في النطاق وما لن يدخل | حسب الجدولة اليومية، ومن الأحياء التي نصل إليها غالباً
12310,post,شركة دهانات داخلية بالطائف,https://www.rukn-eltatawer.com/sa/interior-painting-taif/,interior-painting-taif,1753,0,23,33,2,59,0,2026-09-06,2026-09-10,35569a3ff19b1da7|n=12,boilerplate_overuse,عبارات قالبية متكررة: تجهيزاً مرتباً قبل انتقال أو موسم ذروة | لا نضع رقماً ثابتاً لا يمثّل عقارك | نوضّح ما سيدخل في النطاق وما لن يدخل | حسب الجدولة اليومية، ومن الأحياء التي نصل إليها غالباً
12318,post,شركة دهانات خارجية بالطائف,https://www.rukn-eltatawer.com/sa/exterior-painting-taif/,exterior-painting-taif,1735,0,23,31,2,57,0,2026-09-06,2026-09-10,e0bb91a2ce3718b3|n=12,boilerplate_overuse,عبارات قالبية متكررة: تجهيزاً مرتباً قبل انتقال أو موسم ذروة | لا نضع رقماً ثابتاً لا يمثّل عقارك | نوضّح ما سيدخل في النطاق وما لن يدخل | حسب الجدولة اليومية، ومن الأحياء التي نصل إليها غالباً
12870,post,شركة دهان واجهات خارجية بالطائف,https://www.rukn-eltatawer.com/sa/exterior-facade-painting-taif/,exterior-facade-painting-taif,1817,0,23,33,2,59,0,2026-09-06,2026-09-10,c11983a8ad610f4e|n=12,boilerplate_overuse,عبارات قالبية متكررة: تجهيزاً مرتباً قبل انتقال أو موسم ذروة | لا نضع رقماً ثابتاً لا يمثّل عقارك | نوضّح ما سيدخل في النطاق وما لن يدخل | حسب الجدولة اليومية، ومن الأحياء التي نصل إليها غالباً
12918,post,شركة دهان مكاتب وشركات بالطائف,https://www.rukn-eltatawer.com/sa/office-painting-taif/,office-painting-taif,1831,0,23,33,2,59,0,2026-09-06,2026-09-10,1819f41fd912bf08|n=12,boilerplate_overuse,عبارات قالبية متكررة: تجهيزاً مرتباً قبل انتقال أو موسم ذروة | لا نضع رقماً ثابتاً لا يمثّل عقارك | نوضّح ما سيدخل في النطاق وما لن يدخل | حسب الجدولة اليومية، ومن الأحياء التي نصل إليها غالباً
12862,post,شركة دهان فلل بالطائف,https://www.rukn-eltatawer.com/sa/villa-painting-taif/,villa-painting-taif,1753,0,23,33,2,59,0,2026-09-06,2026-09-10,956a4798ef62d3ff|n=12,boilerplate_overuse,عبارات قالبية متكررة: تجهيزاً مرتباً قبل انتقال أو موسم ذروة | لا نضع رقماً ثابتاً لا يمثّل عقارك | نوضّح ما سيدخل في النطاق وما لن يدخل | حسب الجدولة اليومية، ومن الأحياء التي نصل إليها غالباً
12854,post,شركة دهان شقق بالطائف,https://www.rukn-eltatawer.com/sa/apartment-painting-taif/,apartment-painting-taif,1765,0,23,33,2,59,0,2026-09-06,2026-09-10,c420078121b249bf|n=12,boilerplate_overuse,عبارات قالبية متكررة: تجهيزاً مرتباً قبل انتقال أو موسم ذروة | لا نضع رقماً ثابتاً لا يمثّل عقارك | نوضّح ما سيدخل في النطاق وما لن يدخل | حسب الجدولة اليومية، ومن الأحياء التي نصل إليها غالباً
12894,post,شركة دهان بويات عالية الجودة بالطائف,https://www.rukn-eltatawer.com/sa/premium-paint-finishing-taif/,premium-paint-finishing-taif,1877,0,23,33,2,59,0,2026-09-06,2026-09-10,3e783ad28eb9f8de|n=12,boilerplate_overuse,عبارات قالبية متكررة: تجهيزاً مرتباً قبل انتقال أو موسم ذروة | لا نضع رقماً ثابتاً لا يمثّل عقارك | نوضّح ما سيدخل في النطاق وما لن يدخل | حسب الجدولة اليومية، ومن الأحياء التي نصل إليها غالباً
12950,post,شركة دهان أبواب وشبابيك خشبية بالطائف,https://www.rukn-eltatawer.com/sa/wood-doors-windows-painting-taif/,wood-doors-windows-painting-taif,1868,0,23,33,2,59,0,2026-09-06,2026-09-10,12b6f7b47251a591|n=12,boilerplate_overuse,عبارات قالبية متكررة: تجهيزاً مرتباً قبل انتقال أو موسم ذروة | لا نضع رقماً ثابتاً لا يمثّل عقارك | نوضّح ما سيدخل في النطاق وما لن يدخل | حسب الجدولة اليومية، ومن الأحياء التي نصل إليها غالباً
11036,post,شركة تنظيف وصيانة دكتات المكيفات بالطائف,https://www.rukn-eltatawer.com/sa/duct-cleaning-taif/,duct-cleaning-taif,1893,0,23,33,2,59,0,2026-09-06,2026-09-10,65c4fb1c18c70bcc|n=12,boilerplate_overuse|intent_mismatch,عبارات قالبية متكررة: تجهيزاً مرتباً قبل انتقال أو موسم ذروة | لا نضع رقماً ثابتاً لا يمثّل عقارك | نوضّح ما سيدخل في النطاق وما لن يدخل | حسب الجدولة اليومية، ومن الأحياء التي نصل إليها غالباً || عنوان عن تكييف بينما النص/الأسئلة تتحدث عن تنظيف منازل أو رخام وخشب
11032,post,شركة تنظيف واجهات زجاجية بالطائف,https://www.rukn-eltatawer.com/sa/glass-facade-cleaning-taif/,glass-facade-cleaning-taif,1805,0,23,32,2,58,0,2026-09-06,2026-09-10,4fc293f633325c67|n=12,boilerplate_overuse,عبارات قالبية متكررة: تجهيزاً مرتباً قبل انتقال أو موسم ذروة | لا نضع رقماً ثابتاً لا يمثّل عقارك | نوضّح ما سيدخل في النطاق وما لن يدخل | حسب الجدولة اليومية، ومن الأحياء التي نصل إليها غالباً
11033,post,شركة تنظيف واجهات حجرية بالطائف,https://www.rukn-eltatawer.com/sa/stone-facade-cleaning-taif/,stone-facade-cleaning-taif,1774,0,23,30,2,56,0,2026-09-06,2026-09-10,2711bc892ba33052|n=12,boilerplate_overuse,عبارات قالبية متكررة: تجهيزاً مرتباً قبل انتقال أو موسم ذروة | لا نضع رقماً ثابتاً لا يمثّل عقارك | نوضّح ما سيدخل في النطاق وما لن يدخل | حسب الجدولة اليومية، ومن الأحياء التي نصل إليها غالباً
11027,post,شركة تنظيف موكيت بالطائف,https://www.rukn-eltatawer.com/sa/moquette-cleaning-taif/,moquette-cleaning-taif,1742,0,23,31,2,57,0,2026-09-06,2026-09-10,89ec2bc080bb66c8|n=12,boilerplate_overuse,عبارات قالبية متكررة: تجهيزاً مرتباً قبل انتقال أو موسم ذروة | لا نضع رقماً ثابتاً لا يمثّل عقارك | نوضّح ما سيدخل في النطاق وما لن يدخل | حسب الجدولة اليومية، ومن الأحياء التي نصل إليها غالباً
11016,post,شركة تنظيف مكاتب بالطائف,https://www.rukn-eltatawer.com/sa/office-cleaning-taif/,office-cleaning-taif,1731,0,23,31,2,57,0,2026-09-06,2026-09-10,f8f4b6021a816864|n=12,boilerplate_overuse,عبارات قالبية متكررة: تجهيزاً مرتباً قبل انتقال أو موسم ذروة | لا نضع رقماً ثابتاً لا يمثّل عقارك | نوضّح ما سيدخل في النطاق وما لن يدخل | حسب الجدولة اليومية، ومن الأحياء التي نصل إليها غالباً
11022,post,شركة تنظيف مطابخ بالطائف,https://www.rukn-eltatawer.com/sa/kitchen-cleaning-taif/,kitchen-cleaning-taif,1729,0,23,31,2,57,0,2026-09-06,2026-09-10,51adb19accbffbcb|n=12,boilerplate_overuse,عبارات قالبية متكررة: تجهيزاً مرتباً قبل انتقال أو موسم ذروة | لا نضع رقماً ثابتاً لا يمثّل عقارك | نوضّح ما سيدخل في النطاق وما لن يدخل | حسب الجدولة اليومية، ومن الأحياء التي نصل إليها غالباً
11019,post,شركة تنظيف مستشفيات وعيادات بالطائف,https://www.rukn-eltatawer.com/sa/hospital-clinic-cleaning-taif/,hospital-clinic-cleaning-taif,1791,0,23,31,2,57,0,2026-09-06,2026-09-10,0760b421a9794170|n=12,boilerplate_overuse,عبارات قالبية متكررة: تجهيزاً مرتباً قبل انتقال أو موسم ذروة | لا نضع رقماً ثابتاً لا يمثّل عقارك | نوضّح ما سيدخل في النطاق وما لن يدخل | حسب الجدولة اليومية، ومن الأحياء التي نصل إليها غالباً
11030,post,شركة تنظيف مراتب بالطائف,https://www.rukn-eltatawer.com/sa/mattress-cleaning-taif/,mattress-cleaning-taif,1760,0,23,33,2,59,0,2026-09-06,2026-09-10,29fe1bcbf02f256c|n=12,boilerplate_overuse,عبارات قالبية متكررة: تجهيزاً مرتباً قبل انتقال أو موسم ذروة | لا نضع رقماً ثابتاً لا يمثّل عقارك | نوضّح ما سيدخل في النطاق وما لن يدخل | حسب الجدولة اليومية، ومن الأحياء التي نصل إليها غالباً
11018,post,شركة تنظيف مدارس وحضانات بالطائف,https://www.rukn-eltatawer.com/sa/school-nursery-cleaning-taif/,school-nursery-cleaning-taif,1794,0,23,31,2,57,0,2026-09-06,2026-09-10,459d65c16b2c518e|n=12,boilerplate_overuse,عبارات قالبية متكررة: تجهيزاً مرتباً قبل انتقال أو موسم ذروة | لا نضع رقماً ثابتاً لا يمثّل عقارك | نوضّح ما سيدخل في النطاق وما لن يدخل | حسب الجدولة اليومية، ومن الأحياء التي نصل إليها غالباً
11020,post,شركة تنظيف محلات تجارية ومولات بالطائف,https://www.rukn-eltatawer.com/sa/mall-cleaning-taif/,mall-cleaning-taif,1849,0,23,31,2,57,0,2026-09-06,2026-09-10,c6801cba2f383230|n=12,boilerplate_overuse,عبارات قالبية متكررة: تجهيزاً مرتباً قبل انتقال أو موسم ذروة | لا نضع رقماً ثابتاً لا يمثّل عقارك | نوضّح ما سيدخل في النطاق وما لن يدخل | حسب الجدولة اليومية، ومن الأحياء التي نصل إليها غالباً
11017,post,شركة تنظيف مجالس بالطائف,https://www.rukn-eltatawer.com/sa/majlis-cleaning-taif/,majlis-cleaning-taif,1684,0,23,30,2,56,0,2026-09-06,2026-09-10,a5c01599e2924713|n=12,boilerplate_overuse,عبارات قالبية متكررة: تجهيزاً مرتباً قبل انتقال أو موسم ذروة | لا نضع رقماً ثابتاً لا يمثّل عقارك | نوضّح ما سيدخل في النطاق وما لن يدخل | حسب الجدولة اليومية، ومن الأحياء التي نصل إليها غالباً
11034,post,شركة تنظيف كراجات ومواقف سيارات بالطائف,https://www.rukn-eltatawer.com/sa/garage-cleaning-taif/,garage-cleaning-taif,1873,0,23,33,2,59,0,2026-09-06,2026-09-10,04145549da01d869|n=12,boilerplate_overuse,عبارات قالبية متكررة: تجهيزاً مرتباً قبل انتقال أو موسم ذروة | لا نضع رقماً ثابتاً لا يمثّل عقارك | نوضّح ما سيدخل في النطاق وما لن يدخل | حسب الجدولة اليومية، ومن الأحياء التي نصل إليها غالباً
11015,post,شركة تنظيف قصور بالطائف,https://www.rukn-eltatawer.com/sa/palace-cleaning-taif/,palace-cleaning-taif,1747,0,23,33,2,59,0,2026-09-06,2026-09-10,f66e96dfd2186da4|n=12,boilerplate_overuse,عبارات قالبية متكررة: تجهيزاً مرتباً قبل انتقال أو موسم ذروة | لا نضع رقماً ثابتاً لا يمثّل عقارك | نوضّح ما سيدخل في النطاق وما لن يدخل | حسب الجدولة اليومية، ومن الأحياء التي نصل إليها غالباً
11029,post,شركة تنظيف ستائر بالطائف,https://www.rukn-eltatawer.com/sa/curtain-cleaning-taif/,curtain-cleaning-taif,1730,0,23,31,2,57,0,2026-09-06,2026-09-10,8d36b814be063ce7|n=12,boilerplate_overuse,عبارات قالبية متكررة: تجهيزاً مرتباً قبل انتقال أو موسم ذروة | لا نضع رقماً ثابتاً لا يمثّل عقارك | نوضّح ما سيدخل في النطاق وما لن يدخل | حسب الجدولة اليومية، ومن الأحياء التي نصل إليها غالباً
11024,post,شركة تنظيف خزانات مياه بالطائف,https://www.rukn-eltatawer.com/sa/water-tank-cleaning-taif/,water-tank-cleaning-taif,1850,0,23,33,2,59,0,2026-09-06,2026-09-10,220ac45e0ba7f7ce|n=12,boilerplate_overuse,عبارات قالبية متكررة: تجهيزاً مرتباً قبل انتقال أو موسم ذروة | لا نضع رقماً ثابتاً لا يمثّل عقارك | نوضّح ما سيدخل في النطاق وما لن يدخل | حسب الجدولة اليومية، ومن الأحياء التي نصل إليها غالباً
11025,post,شركة تنظيف خزانات ديزل بالطائف,https://www.rukn-eltatawer.com/sa/diesel-tank-cleaning-taif/,diesel-tank-cleaning-taif,1818,0,23,31,2,57,0,2026-09-06,2026-09-10,ea28c9cefcf1769b|n=12,boilerplate_overuse,عبارات قالبية متكررة: تجهيزاً مرتباً قبل انتقال أو موسم ذروة | لا نضع رقماً ثابتاً لا يمثّل عقارك | نوضّح ما سيدخل في النطاق وما لن يدخل | حسب الجدولة اليومية، ومن الأحياء التي نصل إليها غالباً
11023,post,شركة تنظيف حمامات بالطائف,https://www.rukn-eltatawer.com/sa/bathroom-cleaning-taif/,bathroom-cleaning-taif,1739,0,23,31,2,57,0,2026-09-06,2026-09-10,88dd98a164160762|n=12,boilerplate_overuse,عبارات قالبية متكررة: تجهيزاً مرتباً قبل انتقال أو موسم ذروة | لا نضع رقماً ثابتاً لا يمثّل عقارك | نوضّح ما سيدخل في النطاق وما لن يدخل | حسب الجدولة اليومية، ومن الأحياء التي نصل إليها غالباً
11037,post,شركة تنظيف المداخن والشفاطات بالطائف,https://www.rukn-eltatawer.com/sa/chimney-cleaning-taif/,chimney-cleaning-taif,1807,0,23,33,2,59,0,2026-09-06,2026-09-10,04145549da01d869|n=12,boilerplate_overuse,عبارات قالبية متكررة: تجهيزاً مرتباً قبل انتقال أو موسم ذروة | لا نضع رقماً ثابتاً لا يمثّل عقارك | نوضّح ما سيدخل في النطاق وما لن يدخل | حسب الجدولة اليومية، ومن الأحياء التي نصل إليها غالباً
12494,post,شركة تغليف أثاث احترافي بالطائف,https://www.rukn-eltatawer.com/sa/furniture-packaging-taif/,furniture-packaging-taif,1813,0,23,33,2,59,0,2026-09-06,2026-09-09,32f241aef5cdb620|n=12,boilerplate_overuse,عبارات قالبية متكررة: تجهيزاً مرتباً قبل انتقال أو موسم ذروة | لا نضع رقماً ثابتاً لا يمثّل عقارك | نوضّح ما سيدخل في النطاق وما لن يدخل | حسب الجدولة اليومية، ومن الأحياء التي نصل إليها غالباً
12910,post,شركة تشطيب ودهان فلل جديدة بالطائف,https://www.rukn-eltatawer.com/sa/new-villa-finishing-painting-taif/,new-villa-finishing-painting-taif,1892,0,23,33,2,59,0,2026-09-06,2026-09-10,7f69c6086336d3c8|n=12,boilerplate_overuse,عبارات قالبية متكررة: تجهيزاً مرتباً قبل انتقال أو موسم ذروة | لا نضع رقماً ثابتاً لا يمثّل عقارك | نوضّح ما سيدخل في النطاق وما لن يدخل | حسب الجدولة اليومية، ومن الأحياء التي نصل إليها غالباً
12030,post,شركة ترميم وصيانة مباني بالطائف,https://www.rukn-eltatawer.com/sa/building-renovation-taif/,building-renovation-taif,1791,0,23,33,2,59,0,2026-09-06,2026-09-10,e3a9769af68cef06|n=12,boilerplate_overuse,عبارات قالبية متكررة: تجهيزاً مرتباً قبل انتقال أو موسم ذروة | لا نضع رقماً ثابتاً لا يمثّل عقارك | نوضّح ما سيدخل في النطاق وما لن يدخل | حسب الجدولة اليومية، ومن الأحياء التي نصل إليها غالباً
12038,post,شركة ترميم منازل قديمة بالطائف,https://www.rukn-eltatawer.com/sa/old-house-renovation-taif/,old-house-renovation-taif,1772,0,23,31,2,57,0,2026-09-06,2026-09-10,a06ee8f2db62a32a|n=12,boilerplate_overuse,عبارات قالبية متكررة: تجهيزاً مرتباً قبل انتقال أو موسم ذروة | لا نضع رقماً ثابتاً لا يمثّل عقارك | نوضّح ما سيدخل في النطاق وما لن يدخل | حسب الجدولة اليومية، ومن الأحياء التي نصل إليها غالباً
12022,post,شركة ترميم مطابخ بالطائف,https://www.rukn-eltatawer.com/sa/kitchen-renovation-taif/,kitchen-renovation-taif,1720,0,23,33,2,59,0,2026-09-06,2026-09-10,a539fd9448344975|n=12,boilerplate_overuse,عبارات قالبية متكررة: تجهيزاً مرتباً قبل انتقال أو موسم ذروة | لا نضع رقماً ثابتاً لا يمثّل عقارك | نوضّح ما سيدخل في النطاق وما لن يدخل | حسب الجدولة اليومية، ومن الأحياء التي نصل إليها غالباً
12014,post,شركة ترميم حمامات بالطائف,https://www.rukn-eltatawer.com/sa/bathroom-renovation-taif/,bathroom-renovation-taif,1740,0,23,33,2,59,0,2026-09-06,2026-09-10,992b4505aeed48ec|n=12,boilerplate_overuse,عبارات قالبية متكررة: تجهيزاً مرتباً قبل انتقال أو موسم ذروة | لا نضع رقماً ثابتاً لا يمثّل عقارك | نوضّح ما سيدخل في النطاق وما لن يدخل | حسب الجدولة اليومية، ومن الأحياء التي نصل إليها غالباً
12502,post,شركة تركيب وفك الأثاث بالطائف,https://www.rukn-eltatawer.com/sa/furniture-assembly-taif/,furniture-assembly-taif,1783,0,23,31,2,57,0,2026-09-06,2026-09-09,4d6497e5377691a7|n=12,boilerplate_overuse,عبارات قالبية متكررة: تجهيزاً مرتباً قبل انتقال أو موسم ذروة | لا نضع رقماً ثابتاً لا يمثّل عقارك | نوضّح ما سيدخل في النطاق وما لن يدخل | حسب الجدولة اليومية، ومن الأحياء التي نصل إليها غالباً
11309,post,شركة تركيب وصيانة محطات تحلية المياه بالطائف,https://www.rukn-eltatawer.com/sa/ro-plants-taif/,ro-plants-taif,1900,0,23,31,2,57,0,2026-09-06,2026-09-10,07a232c35d6e887b|n=12,boilerplate_overuse,عبارات قالبية متكررة: تجهيزاً مرتباً قبل انتقال أو موسم ذروة | لا نضع رقماً ثابتاً لا يمثّل عقارك | نوضّح ما سيدخل في النطاق وما لن يدخل | حسب الجدولة اليومية، ومن الأحياء التي نصل إليها غالباً
11310,post,شركة تركيب وصيانة فلاتر مياه بالطائف,https://www.rukn-eltatawer.com/sa/water-filters-taif/,water-filters-taif,1841,0,23,31,2,57,0,2026-09-06,2026-09-10,aa17a6cee0aeaef6|n=12,boilerplate_overuse,عبارات قالبية متكررة: تجهيزاً مرتباً قبل انتقال أو موسم ذروة | لا نضع رقماً ثابتاً لا يمثّل عقارك | نوضّح ما سيدخل في النطاق وما لن يدخل | حسب الجدولة اليومية، ومن الأحياء التي نصل إليها غالباً
11307,post,شركة تركيب وصيانة شفاطات مطابخ بالطائف,https://www.rukn-eltatawer.com/sa/kitchen-hoods-taif/,kitchen-hoods-taif,1833,0,23,31,2,57,0,2026-09-06,2026-09-10,3b8c13d536d08ecd|n=12,boilerplate_overuse,عبارات قالبية متكررة: تجهيزاً مرتباً قبل انتقال أو موسم ذروة | لا نضع رقماً ثابتاً لا يمثّل عقارك | نوضّح ما سيدخل في النطاق وما لن يدخل | حسب الجدولة اليومية، ومن الأحياء التي نصل إليها غالباً
11312,post,شركة تركيب وصيانة أنظمة تنقية الهواء بالطائف,https://www.rukn-eltatawer.com/sa/air-purification-taif/,air-purification-taif,1942,0,23,33,2,59,0,2026-09-06,2026-09-10,e9b7b66186ae8eba|n=12,boilerplate_overuse,عبارات قالبية متكررة: تجهيزاً مرتباً قبل انتقال أو موسم ذروة | لا نضع رقماً ثابتاً لا يمثّل عقارك | نوضّح ما سيدخل في النطاق وما لن يدخل | حسب الجدولة اليومية، ومن الأحياء التي نصل إليها غالباً
11311,post,شركة تركيب وصيانة أجهزة تبريد مياه الخزانات بالطائف,https://www.rukn-eltatawer.com/sa/tank-water-chiller-taif/,tank-water-chiller-taif,2038,0,23,31,2,57,0,2026-09-06,2026-09-10,cdfea51dc7f76fc5|n=12,boilerplate_overuse,عبارات قالبية متكررة: تجهيزاً مرتباً قبل انتقال أو موسم ذروة | لا نضع رقماً ثابتاً لا يمثّل عقارك | نوضّح ما سيدخل في النطاق وما لن يدخل | حسب الجدولة اليومية، ومن الأحياء التي نصل إليها غالباً
12878,post,شركة تركيب ورق حائط بالطائف,https://www.rukn-eltatawer.com/sa/wallpaper-installation-taif/,wallpaper-installation-taif,1787,0,23,31,2,57,0,2026-09-06,2026-09-10,8427662e7d58d723|n=12,boilerplate_overuse,عبارات قالبية متكررة: تجهيزاً مرتباً قبل انتقال أو موسم ذروة | لا نضع رقماً ثابتاً لا يمثّل عقارك | نوضّح ما سيدخل في النطاق وما لن يدخل | حسب الجدولة اليومية، ومن الأحياء التي نصل إليها غالباً
12174,post,شركة تركيب ورق جدران بالطائف,https://www.rukn-eltatawer.com/sa/wallpaper-taif/,wallpaper-taif,1791,0,23,31,2,57,0,2026-09-06,2026-09-10,067d4fe96db7d3c6|n=12,boilerplate_overuse,عبارات قالبية متكررة: تجهيزاً مرتباً قبل انتقال أو موسم ذروة | لا نضع رقماً ثابتاً لا يمثّل عقارك | نوضّح ما سيدخل في النطاق وما لن يدخل | حسب الجدولة اليومية، ومن الأحياء التي نصل إليها غالباً
12454,post,شركة تركيب نوافير جدارية بالطائف,https://www.rukn-eltatawer.com/sa/wall-fountain-taif/,wall-fountain-taif,1791,0,23,33,2,59,0,2026-09-06,2026-09-09,81346b30a2d1e5dd|n=12,boilerplate_overuse,عبارات قالبية متكررة: تجهيزاً مرتباً قبل انتقال أو موسم ذروة | لا نضع رقماً ثابتاً لا يمثّل عقارك | نوضّح ما سيدخل في النطاق وما لن يدخل | حسب الجدولة اليومية، ومن الأحياء التي نصل إليها غالباً
12238,post,شركة تركيب مظلات وسواتر بالطائف,https://www.rukn-eltatawer.com/sa/shades-sails-taif/,shades-sails-taif,1777,0,23,32,2,58,0,2026-09-06,2026-09-10,d93014b4a0afc31a|n=12,boilerplate_overuse,عبارات قالبية متكررة: تجهيزاً مرتباً قبل انتقال أو موسم ذروة | لا نضع رقماً ثابتاً لا يمثّل عقارك | نوضّح ما سيدخل في النطاق وما لن يدخل | حسب الجدولة اليومية، ومن الأحياء التي نصل إليها غالباً
12214,post,شركة تركيب مطابخ بالطائف,https://www.rukn-eltatawer.com/sa/kitchen-installation-taif/,kitchen-installation-taif,1708,0,23,31,2,57,0,2026-09-06,2026-09-10,4d22ca7ff1c63ca5|n=12,boilerplate_overuse,عبارات قالبية متكررة: تجهيزاً مرتباً قبل انتقال أو موسم ذروة | لا نضع رقماً ثابتاً لا يمثّل عقارك | نوضّح ما سيدخل في النطاق وما لن يدخل | حسب الجدولة اليومية، ومن الأحياء التي نصل إليها غالباً
12654,post,شركة تركيب مسامير طاردة للحمام بالطائف,https://www.rukn-eltatawer.com/sa/pigeon-spikes-installation-taif/,pigeon-spikes-installation-taif,1832,0,23,30,2,56,0,2026-09-06,2026-09-10,aa34b837eea2d037|n=12,boilerplate_overuse,عبارات قالبية متكررة: تجهيزاً مرتباً قبل انتقال أو موسم ذروة | لا نضع رقماً ثابتاً لا يمثّل عقارك | نوضّح ما سيدخل في النطاق وما لن يدخل | حسب الجدولة اليومية، ومن الأحياء التي نصل إليها غالباً
12086,post,شركة تركيب كربستون بالطائف,https://www.rukn-eltatawer.com/sa/kerbstone-taif/,kerbstone-taif,1704,0,23,30,2,56,0,2026-09-06,2026-09-10,aa34b837eea2d037|n=12,boilerplate_overuse,عبارات قالبية متكررة: تجهيزاً مرتباً قبل انتقال أو موسم ذروة | لا نضع رقماً ثابتاً لا يمثّل عقارك | نوضّح ما سيدخل في النطاق وما لن يدخل | حسب الجدولة اليومية، ومن الأحياء التي نصل إليها غالباً
12150,post,شركة تركيب فوم للجدران بالطائف,https://www.rukn-eltatawer.com/sa/wall-foam-taif/,wall-foam-taif,1868,0,23,33,2,59,0,2026-09-06,2026-09-09,b264df7a4ca7f5bb|n=12,boilerplate_overuse,عبارات قالبية متكررة: تجهيزاً مرتباً قبل انتقال أو موسم ذروة | لا نضع رقماً ثابتاً لا يمثّل عقارك | نوضّح ما سيدخل في النطاق وما لن يدخل | حسب الجدولة اليومية، ومن الأحياء التي نصل إليها غالباً
12198,post,شركة تركيب فواصل زجاجية وألومنيوم بالطائف,https://www.rukn-eltatawer.com/sa/glass-aluminium-partitions-taif/,glass-aluminium-partitions-taif,1847,0,23,32,2,58,0,2026-09-06,2026-09-10,ff80d206c9178b0e|n=12,boilerplate_overuse,عبارات قالبية متكررة: تجهيزاً مرتباً قبل انتقال أو موسم ذروة | لا نضع رقماً ثابتاً لا يمثّل عقارك | نوضّح ما سيدخل في النطاق وما لن يدخل | حسب الجدولة اليومية، ومن الأحياء التي نصل إليها غالباً
12430,post,شركة تركيب عرائش خشبية بالطائف,https://www.rukn-eltatawer.com/sa/wooden-arbor-installation-taif/,wooden-arbor-installation-taif,1757,0,23,30,2,56,0,2026-09-06,2026-09-10,547fe0a77b29337a|n=12,boilerplate_overuse,عبارات قالبية متكررة: تجهيزاً مرتباً قبل انتقال أو موسم ذروة | لا نضع رقماً ثابتاً لا يمثّل عقارك | نوضّح ما سيدخل في النطاق وما لن يدخل | حسب الجدولة اليومية، ومن الأحياء التي نصل إليها غالباً
12094,post,شركة تركيب طابوق بالطائف,https://www.rukn-eltatawer.com/sa/brickwork-taif/,brickwork-taif,1734,0,23,32,2,58,0,2026-09-06,2026-09-10,fbb583150f056c5d|n=12,boilerplate_overuse,عبارات قالبية متكررة: تجهيزاً مرتباً قبل انتقال أو موسم ذروة | لا نضع رقماً ثابتاً لا يمثّل عقارك | نوضّح ما سيدخل في النطاق وما لن يدخل | حسب الجدولة اليومية، ومن الأحياء التي نصل إليها غالباً
12446,post,شركة تركيب شلالات اصطناعية بالطائف,https://www.rukn-eltatawer.com/sa/artificial-waterfall-taif/,artificial-waterfall-taif,1771,0,23,31,2,57,0,2026-09-06,2026-09-10,af27c4d9f56dd265|n=12,boilerplate_overuse,عبارات قالبية متكررة: تجهيزاً مرتباً قبل انتقال أو موسم ذروة | لا نضع رقماً ثابتاً لا يمثّل عقارك | نوضّح ما سيدخل في النطاق وما لن يدخل | حسب الجدولة اليومية، ومن الأحياء التي نصل إليها غالباً
12382,post,شركة تركيب شبكات ري حديثة بالطائف,https://www.rukn-eltatawer.com/sa/modern-irrigation-taif/,modern-irrigation-taif,1824,0,23,30,2,56,0,2026-09-06,2026-09-10,f6132875c132a8f0|n=12,boilerplate_overuse,عبارات قالبية متكررة: تجهيزاً مرتباً قبل انتقال أو موسم ذروة | لا نضع رقماً ثابتاً لا يمثّل عقارك | نوضّح ما سيدخل في النطاق وما لن يدخل | حسب الجدولة اليومية، ومن الأحياء التي نصل إليها غالباً
12390,post,شركة تركيب شبكات ري أوتوماتيكية بالطائف,https://www.rukn-eltatawer.com/sa/automatic-irrigation-taif/,automatic-irrigation-taif,1830,0,23,30,2,56,0,2026-09-06,2026-09-10,8b83dee13ec11220|n=12,boilerplate_overuse,عبارات قالبية متكررة: تجهيزاً مرتباً قبل انتقال أو موسم ذروة | لا نضع رقماً ثابتاً لا يمثّل عقارك | نوضّح ما سيدخل في النطاق وما لن يدخل | حسب الجدولة اليومية، ومن الأحياء التي نصل إليها غالباً
12646,post,شركة تركيب شبك طارد للحمام بالطائف,https://www.rukn-eltatawer.com/sa/pigeon-net-installation-taif/,pigeon-net-installation-taif,1841,0,23,30,2,56,0,2026-09-06,2026-09-10,2766506022f675e1|n=12,boilerplate_overuse,عبارات قالبية متكررة: تجهيزاً مرتباً قبل انتقال أو موسم ذروة | لا نضع رقماً ثابتاً لا يمثّل عقارك | نوضّح ما سيدخل في النطاق وما لن يدخل | حسب الجدولة اليومية، ومن الأحياء التي نصل إليها غالباً
12230,post,شركة تركيب شبابيك بالطائف,https://www.rukn-eltatawer.com/sa/windows-installation-taif/,windows-installation-taif,1711,0,23,30,2,56,0,2026-09-06,2026-09-10,8caecba73c74e24d|n=12,boilerplate_overuse,عبارات قالبية متكررة: تجهيزاً مرتباً قبل انتقال أو موسم ذروة | لا نضع رقماً ثابتاً لا يمثّل عقارك | نوضّح ما سيدخل في النطاق وما لن يدخل | حسب الجدولة اليومية، ومن الأحياء التي نصل إليها غالباً
12110,post,شركة تركيب سيراميك وبورسلين بالطائف,https://www.rukn-eltatawer.com/sa/ceramic-porcelain-taif/,ceramic-porcelain-taif,1796,0,23,32,2,58,0,2026-09-06,2026-09-10,6e4f24315676b1c2|n=12,boilerplate_overuse,عبارات قالبية متكررة: تجهيزاً مرتباً قبل انتقال أو موسم ذروة | لا نضع رقماً ثابتاً لا يمثّل عقارك | نوضّح ما سيدخل في النطاق وما لن يدخل | حسب الجدولة اليومية، ومن الأحياء التي نصل إليها غالباً
12182,post,شركة تركيب سجاد أرضيات بالطائف,https://www.rukn-eltatawer.com/sa/floor-carpeting-taif/,floor-carpeting-taif,1759,0,23,30,2,56,0,2026-09-06,2026-09-10,88df3d57aa1c2b28|n=12,boilerplate_overuse,عبارات قالبية متكررة: تجهيزاً مرتباً قبل انتقال أو موسم ذروة | لا نضع رقماً ثابتاً لا يمثّل عقارك | نوضّح ما سيدخل في النطاق وما لن يدخل | حسب الجدولة اليومية، ومن الأحياء التي نصل إليها غالباً
12206,post,شركة تركيب زجاج وألوميتال بالطائف,https://www.rukn-eltatawer.com/sa/glass-alumetal-taif/,glass-alumetal-taif,1771,0,23,30,2,56,0,2026-09-06,2026-09-10,aa34b837eea2d037|n=12,boilerplate_overuse,عبارات قالبية متكررة: تجهيزاً مرتباً قبل انتقال أو موسم ذروة | لا نضع رقماً ثابتاً لا يمثّل عقارك | نوضّح ما سيدخل في النطاق وما لن يدخل | حسب الجدولة اليومية، ومن الأحياء التي نصل إليها غالباً
12142,post,شركة تركيب رخام وجرانيت بالطائف,https://www.rukn-eltatawer.com/sa/marble-granite-taif/,marble-granite-taif,1764,0,23,30,2,56,0,2026-09-06,2026-09-10,0e5141d4d5fab0eb|n=12,boilerplate_overuse,عبارات قالبية متكررة: تجهيزاً مرتباً قبل انتقال أو موسم ذروة | لا نضع رقماً ثابتاً لا يمثّل عقارك | نوضّح ما سيدخل في النطاق وما لن يدخل | حسب الجدولة اليومية، ومن الأحياء التي نصل إليها غالباً
12134,post,شركة تركيب حجر طبيعي وصناعي بالطائف,https://www.rukn-eltatawer.com/sa/stone-taif/,stone-taif,1832,0,23,30,2,56,0,2026-09-06,2026-09-10,9e18001f856ea4b3|n=12,boilerplate_overuse,عبارات قالبية متكررة: تجهيزاً مرتباً قبل انتقال أو موسم ذروة | لا نضع رقماً ثابتاً لا يمثّل عقارك | نوضّح ما سيدخل في النطاق وما لن يدخل | حسب الجدولة اليومية، ومن الأحياء التي نصل إليها غالباً
12102,post,شركة تركيب بلاستر بالطائف,https://www.rukn-eltatawer.com/sa/plastering-taif/,plastering-taif,1709,0,23,30,2,56,0,2026-09-06,2026-09-10,817c1c61057ed4e4|n=12,boilerplate_overuse,عبارات قالبية متكررة: تجهيزاً مرتباً قبل انتقال أو موسم ذروة | لا نضع رقماً ثابتاً لا يمثّل عقارك | نوضّح ما سيدخل في النطاق وما لن يدخل | حسب الجدولة اليومية، ومن الأحياء التي نصل إليها غالباً
12422,post,شركة تركيب برجولات بالطائف,https://www.rukn-eltatawer.com/sa/pergola-installation-taif/,pergola-installation-taif,1720,0,23,32,2,58,0,2026-09-06,2026-09-10,9690e9446b1f85e7|n=12,boilerplate_overuse,عبارات قالبية متكررة: تجهيزاً مرتباً قبل انتقال أو موسم ذروة | لا نضع رقماً ثابتاً لا يمثّل عقارك | نوضّح ما سيدخل في النطاق وما لن يدخل | حسب الجدولة اليومية، ومن الأحياء التي نصل إليها غالباً
12078,post,شركة تركيب انترلوك بالطائف,https://www.rukn-eltatawer.com/sa/interlock-taif/,interlock-taif,1717,0,23,30,2,56,0,2026-09-06,2026-09-09,51fc0c77e1fea2f9|n=12,boilerplate_overuse,عبارات قالبية متكررة: تجهيزاً مرتباً قبل انتقال أو موسم ذروة | لا نضع رقماً ثابتاً لا يمثّل عقارك | نوضّح ما سيدخل في النطاق وما لن يدخل | حسب الجدولة اليومية، ومن الأحياء التي نصل إليها غالباً
12518,post,شركة تركيب أنظمة طاقة شمسية بالطائف,https://www.rukn-eltatawer.com/sa/solar-systems-installation-taif/,solar-systems-installation-taif,1837,0,23,31,2,57,0,2026-09-06,2026-09-10,aa34b837eea2d037|n=12,boilerplate_overuse,عبارات قالبية متكررة: تجهيزاً مرتباً قبل انتقال أو موسم ذروة | لا نضع رقماً ثابتاً لا يمثّل عقارك | نوضّح ما سيدخل في النطاق وما لن يدخل | حسب الجدولة اليومية، ومن الأحياء التي نصل إليها غالباً
12190,post,شركة تركيب أسقف مستعارة بالطائف,https://www.rukn-eltatawer.com/sa/suspended-ceiling-taif/,suspended-ceiling-taif,1804,0,23,31,2,57,0,2026-09-06,2026-09-10,095dcb1a17178e82|n=12,boilerplate_overuse,عبارات قالبية متكررة: تجهيزاً مرتباً قبل انتقال أو موسم ذروة | لا نضع رقماً ثابتاً لا يمثّل عقارك | نوضّح ما سيدخل في النطاق وما لن يدخل | حسب الجدولة اليومية، ومن الأحياء التي نصل إليها غالباً
12126,post,شركة تركيب أرضيات فينيل بالطائف,https://www.rukn-eltatawer.com/sa/vinyl-flooring-taif/,vinyl-flooring-taif,1742,0,23,30,2,56,0,2026-09-06,2026-09-10,6fb40e174e962b04|n=12,boilerplate_overuse,عبارات قالبية متكررة: تجهيزاً مرتباً قبل انتقال أو موسم ذروة | لا نضع رقماً ثابتاً لا يمثّل عقارك | نوضّح ما سيدخل في النطاق وما لن يدخل | حسب الجدولة اليومية، ومن الأحياء التي نصل إليها غالباً
13038,post,شركة تركيب أدوات صحية بالطائف,https://www.rukn-eltatawer.com/sa/sanitary-fixtures-installation-taif/,sanitary-fixtures-installation-taif,1787,0,23,31,2,57,0,2026-09-06,2026-09-10,6f9fe28afc147565|n=12,boilerplate_overuse,عبارات قالبية متكررة: تجهيزاً مرتباً قبل انتقال أو موسم ذروة | لا نضع رقماً ثابتاً لا يمثّل عقارك | نوضّح ما سيدخل في النطاق وما لن يدخل | حسب الجدولة اليومية، ومن الأحياء التي نصل إليها غالباً
12662,post,شركة تركيب أجهزة صوتية لطرد الطيور بالطائف,https://www.rukn-eltatawer.com/sa/bird-sound-device-taif/,bird-sound-device-taif,1920,0,23,32,2,58,0,2026-09-06,2026-09-10,63c470e9f2d07372|n=12,boilerplate_overuse,عبارات قالبية متكررة: تجهيزاً مرتباً قبل انتقال أو موسم ذروة | لا نضع رقماً ثابتاً لا يمثّل عقارك | نوضّح ما سيدخل في النطاق وما لن يدخل | حسب الجدولة اليومية، ومن الأحياء التي نصل إليها غالباً
12793,post,شركة شحن أثاث بجدة,https://www.rukn-eltatawer.com/sa/furniture-shipping-jeddah/,furniture-shipping-jeddah,1741,0,23,32,2,58,0,2026-09-06,2026-09-10,06a72c363b8e4f91|n=12,boilerplate_overuse|intent_mismatch,عبارات قالبية متكررة: تجهيزاً مرتباً قبل انتقال أو موسم ذروة | لا نضع رقماً ثابتاً لا يمثّل عقارك | نوضّح ما سيدخل في النطاق وما لن يدخل | حسب الجدولة اليومية، ومن الأحياء التي نصل إليها غالباً || عنوان شحن بينما الأسئلة تفترض شقق وفلل
12222,post,شركة تركيب أبواب بالطائف,https://www.rukn-eltatawer.com/sa/doors-installation-taif/,doors-installation-taif,1724,0,23,32,2,58,0,2026-09-06,2026-09-10,04145549da01d869|n=12,boilerplate_overuse,عبارات قالبية متكررة: تجهيزاً مرتباً قبل انتقال أو موسم ذروة | لا نضع رقماً ثابتاً لا يمثّل عقارك | نوضّح ما سيدخل في النطاق وما لن يدخل | حسب الجدولة اليومية، ومن الأحياء التي نصل إليها غالباً
12510,post,شركة تخزين أثاث بالطائف,https://www.rukn-eltatawer.com/sa/furniture-storage-taif/,furniture-storage-taif,1739,0,23,33,2,59,0,2026-09-06,2026-09-09,15240f167ac64aeb|n=12,boilerplate_overuse,عبارات قالبية متكررة: تجهيزاً مرتباً قبل انتقال أو موسم ذروة | لا نضع رقماً ثابتاً لا يمثّل عقارك | نوضّح ما سيدخل في النطاق وما لن يدخل | حسب الجدولة اليومية، ومن الأحياء التي نصل إليها غالباً
12361,post,شركة زرع نخيل وأشجار بجدة,https://www.rukn-eltatawer.com/sa/palm-tree-planting-jeddah/,palm-tree-planting-jeddah,1791,0,23,32,2,58,0,2026-09-06,2026-09-10,8b7338a22041b5d3|n=12,boilerplate_overuse,عبارات قالبية متكررة: تجهيزاً مرتباً قبل انتقال أو موسم ذروة | لا نضع رقماً ثابتاً لا يمثّل عقارك | نوضّح ما سيدخل في النطاق وما لن يدخل | حسب الجدولة اليومية، ومن الأحياء التي نصل إليها غالباً
12885,post,شركة ديكورات جبس بورد بالخبر,https://www.rukn-eltatawer.com/sa/gypsum-board-decor-khobar/,gypsum-board-decor-khobar,1766,0,23,31,2,57,0,2026-09-06,2026-09-10,31a262bb021ff036|n=12,boilerplate_overuse,عبارات قالبية متكررة: تجهيزاً مرتباً قبل انتقال أو موسم ذروة | لا نضع رقماً ثابتاً لا يمثّل عقارك | نوضّح ما سيدخل في النطاق وما لن يدخل | حسب الجدولة اليومية، ومن الأحياء التي نصل إليها غالباً
12006,post,شركة تبطين وصيانة خزانات مياه بالطائف,https://www.rukn-eltatawer.com/sa/tank-lining-maintenance-taif/,tank-lining-maintenance-taif,1892,0,23,33,2,59,0,2026-09-06,2026-09-10,f09f79c508b12d16|n=12,boilerplate_overuse,عبارات قالبية متكررة: تجهيزاً مرتباً قبل انتقال أو موسم ذروة | لا نضع رقماً ثابتاً لا يمثّل عقارك | نوضّح ما سيدخل في النطاق وما لن يدخل | حسب الجدولة اليومية، ومن الأحياء التي نصل إليها غالباً
12941,post,شركة دهانات ديكورية وتأثيرات جدارية بالخبر,https://www.rukn-eltatawer.com/sa/decorative-wall-effects-khobar/,decorative-wall-effects-khobar,1854,0,23,33,2,59,0,2026-09-06,2026-09-10,4ca4a0095a59e025|n=12,boilerplate_overuse,عبارات قالبية متكررة: تجهيزاً مرتباً قبل انتقال أو موسم ذروة | لا نضع رقماً ثابتاً لا يمثّل عقارك | نوضّح ما سيدخل في النطاق وما لن يدخل | حسب الجدولة اليومية، ومن الأحياء التي نصل إليها غالباً
12262,post,شركة بناء ملاحق بالطائف,https://www.rukn-eltatawer.com/sa/annex-building-taif/,annex-building-taif,1741,0,23,32,2,58,0,2026-09-06,2026-09-10,6ff5a9a11d85f43b|n=12,boilerplate_overuse,عبارات قالبية متكررة: تجهيزاً مرتباً قبل انتقال أو موسم ذروة | لا نضع رقماً ثابتاً لا يمثّل عقارك | نوضّح ما سيدخل في النطاق وما لن يدخل | حسب الجدولة اليومية، ومن الأحياء التي نصل إليها غالباً
12305,post,شركة دهانات داخلية بجدة,https://www.rukn-eltatawer.com/sa/interior-painting-jeddah/,interior-painting-jeddah,1747,0,23,31,2,57,0,2026-09-06,2026-09-10,65a993aaee50d324|n=12,boilerplate_overuse,عبارات قالبية متكررة: تجهيزاً مرتباً قبل انتقال أو موسم ذروة | لا نضع رقماً ثابتاً لا يمثّل عقارك | نوضّح ما سيدخل في النطاق وما لن يدخل | حسب الجدولة اليومية، ومن الأحياء التي نصل إليها غالباً
12286,post,شركة بناء مطابخ خارجية بالطائف,https://www.rukn-eltatawer.com/sa/outdoor-kitchens-taif/,outdoor-kitchens-taif,1768,0,23,31,2,57,0,2026-09-06,2026-09-10,aa34b837eea2d037|n=12,boilerplate_overuse,عبارات قالبية متكررة: تجهيزاً مرتباً قبل انتقال أو موسم ذروة | لا نضع رقماً ثابتاً لا يمثّل عقارك | نوضّح ما سيدخل في النطاق وما لن يدخل | حسب الجدولة اليومية، ومن الأحياء التي نصل إليها غالباً
12313,post,شركة دهانات خارجية بجدة,https://www.rukn-eltatawer.com/sa/exterior-painting-jeddah/,exterior-painting-jeddah,1747,0,23,31,2,57,0,2026-09-06,2026-09-10,0c57a97b9fb54e27|n=12,boilerplate_overuse,عبارات قالبية متكررة: تجهيزاً مرتباً قبل انتقال أو موسم ذروة | لا نضع رقماً ثابتاً لا يمثّل عقارك | نوضّح ما سيدخل في النطاق وما لن يدخل | حسب الجدولة اليومية، ومن الأحياء التي نصل إليها غالباً
12294,post,شركة بناء مجالس خارجية بالطائف,https://www.rukn-eltatawer.com/sa/outdoor-majlis-taif/,outdoor-majlis-taif,1768,0,23,32,2,58,0,2026-09-06,2026-09-10,66c428cb5b51b484|n=12,boilerplate_overuse,عبارات قالبية متكررة: تجهيزاً مرتباً قبل انتقال أو موسم ذروة | لا نضع رقماً ثابتاً لا يمثّل عقارك | نوضّح ما سيدخل في النطاق وما لن يدخل | حسب الجدولة اليومية، ومن الأحياء التي نصل إليها غالباً
12865,post,شركة دهان واجهات خارجية بجدة,https://www.rukn-eltatawer.com/sa/exterior-facade-painting-jeddah/,exterior-facade-painting-jeddah,1821,0,23,33,2,59,0,2026-09-06,2026-09-10,626d2b3e9c82b103|n=12,boilerplate_overuse,عبارات قالبية متكررة: تجهيزاً مرتباً قبل انتقال أو موسم ذروة | لا نضع رقماً ثابتاً لا يمثّل عقارك | نوضّح ما سيدخل في النطاق وما لن يدخل | حسب الجدولة اليومية، ومن الأحياء التي نصل إليها غالباً
12278,post,شركة بناء حمامات خارجية بالطائف,https://www.rukn-eltatawer.com/sa/outdoor-bathrooms-taif/,outdoor-bathrooms-taif,1798,0,23,32,2,58,0,2026-09-06,2026-09-10,08345292d251f153|n=12,boilerplate_overuse,عبارات قالبية متكررة: تجهيزاً مرتباً قبل انتقال أو موسم ذروة | لا نضع رقماً ثابتاً لا يمثّل عقارك | نوضّح ما سيدخل في النطاق وما لن يدخل | حسب الجدولة اليومية، ومن الأحياء التي نصل إليها غالباً
12913,post,شركة دهان مكاتب وشركات بجدة,https://www.rukn-eltatawer.com/sa/office-painting-jeddah/,office-painting-jeddah,1795,0,23,31,2,57,0,2026-09-06,2026-09-10,aa34b837eea2d037|n=12,boilerplate_overuse,عبارات قالبية متكررة: تجهيزاً مرتباً قبل انتقال أو موسم ذروة | لا نضع رقماً ثابتاً لا يمثّل عقارك | نوضّح ما سيدخل في النطاق وما لن يدخل | حسب الجدولة اليومية، ومن الأحياء التي نصل إليها غالباً
12270,post,شركة بناء استراحات بالطائف,https://www.rukn-eltatawer.com/sa/majlis-building-taif/,majlis-building-taif,1731,0,23,32,2,58,0,2026-09-06,2026-09-10,04145549da01d869|n=12,boilerplate_overuse,عبارات قالبية متكررة: تجهيزاً مرتباً قبل انتقال أو موسم ذروة | لا نضع رقماً ثابتاً لا يمثّل عقارك | نوضّح ما سيدخل في النطاق وما لن يدخل | حسب الجدولة اليومية، ومن الأحياء التي نصل إليها غالباً
12857,post,شركة دهان فلل بجدة,https://www.rukn-eltatawer.com/sa/villa-painting-jeddah/,villa-painting-jeddah,1751,0,23,31,2,57,0,2026-09-06,2026-09-10,af34bdad05d29905|n=12,boilerplate_overuse,عبارات قالبية متكررة: تجهيزاً مرتباً قبل انتقال أو موسم ذروة | لا نضع رقماً ثابتاً لا يمثّل عقارك | نوضّح ما سيدخل في النطاق وما لن يدخل | حسب الجدولة اليومية، ومن الأحياء التي نصل إليها غالباً
12302,post,شركة بناء أسوار طابوق بالطائف,https://www.rukn-eltatawer.com/sa/block-fences-taif/,block-fences-taif,1806,0,23,32,2,58,0,2026-09-06,2026-09-10,33dca953cb430d01|n=12,boilerplate_overuse,عبارات قالبية متكررة: تجهيزاً مرتباً قبل انتقال أو موسم ذروة | لا نضع رقماً ثابتاً لا يمثّل عقارك | نوضّح ما سيدخل في النطاق وما لن يدخل | حسب الجدولة اليومية، ومن الأحياء التي نصل إليها غالباً
12849,post,شركة دهان شقق بجدة,https://www.rukn-eltatawer.com/sa/apartment-painting-jeddah/,apartment-painting-jeddah,1753,0,23,33,2,59,0,2026-09-06,2026-09-10,81a318725d5ee9c4|n=12,boilerplate_overuse,عبارات قالبية متكررة: تجهيزاً مرتباً قبل انتقال أو موسم ذروة | لا نضع رقماً ثابتاً لا يمثّل عقارك | نوضّح ما سيدخل في النطاق وما لن يدخل | حسب الجدولة اليومية، ومن الأحياء التي نصل إليها غالباً
12438,post,شركة إنشاء ممرات حجرية بالطائف,https://www.rukn-eltatawer.com/sa/stone-pathway-taif/,stone-pathway-taif,1787,0,23,32,2,58,0,2026-09-06,2026-09-10,7c1fe84b7f594237|n=12,boilerplate_overuse,عبارات قالبية متكررة: تجهيزاً مرتباً قبل انتقال أو موسم ذروة | لا نضع رقماً ثابتاً لا يمثّل عقارك | نوضّح ما سيدخل في النطاق وما لن يدخل | حسب الجدولة اليومية، ومن الأحياء التي نصل إليها غالباً
12889,post,شركة دهان بويات عالية الجودة بجدة,https://www.rukn-eltatawer.com/sa/premium-paint-finishing-jeddah/,premium-paint-finishing-jeddah,1856,0,23,31,2,57,0,2026-09-06,2026-09-10,e84f23d0ea1afcc2|n=12,boilerplate_overuse,عبارات قالبية متكررة: تجهيزاً مرتباً قبل انتقال أو موسم ذروة | لا نضع رقماً ثابتاً لا يمثّل عقارك | نوضّح ما سيدخل في النطاق وما لن يدخل | حسب الجدولة اليومية، ومن الأحياء التي نصل إليها غالباً
12054,post,شركة إصلاح تشققات الأسقف والجدران بالطائف,https://www.rukn-eltatawer.com/sa/crack-repair-taif/,crack-repair-taif,1877,0,23,32,2,58,0,2026-09-06,2026-09-10,a51f33c0543e9458|n=12,boilerplate_overuse,عبارات قالبية متكررة: تجهيزاً مرتباً قبل انتقال أو موسم ذروة | لا نضع رقماً ثابتاً لا يمثّل عقارك | نوضّح ما سيدخل في النطاق وما لن يدخل | حسب الجدولة اليومية، ومن الأحياء التي نصل إليها غالباً
12945,post,شركة دهان أبواب وشبابيك خشبية بجدة,https://www.rukn-eltatawer.com/sa/wood-doors-windows-painting-jeddah/,wood-doors-windows-painting-jeddah,1880,0,23,33,2,59,0,2026-09-06,2026-09-10,04145549da01d869|n=12,boilerplate_overuse,عبارات قالبية متكررة: تجهيزاً مرتباً قبل انتقال أو موسم ذروة | لا نضع رقماً ثابتاً لا يمثّل عقارك | نوضّح ما سيدخل في النطاق وما لن يدخل | حسب الجدولة اليومية، ومن الأحياء التي نصل إليها غالباً
12926,post,شركة إزالة دهان قديم وتحضير أسطح بالطائف,https://www.rukn-eltatawer.com/sa/paint-removal-surface-prep-taif/,paint-removal-surface-prep-taif,1916,0,23,31,2,57,0,2026-09-06,2026-09-10,8c85a4b012afe7a0|n=12,boilerplate_overuse,عبارات قالبية متكررة: تجهيزاً مرتباً قبل انتقال أو موسم ذروة | لا نضع رقماً ثابتاً لا يمثّل عقارك | نوضّح ما سيدخل في النطاق وما لن يدخل | حسب الجدولة اليومية، ومن الأحياء التي نصل إليها غالباً
12709,post,نجار أثاث بالخبر,https://www.rukn-eltatawer.com/sa/carpenter-khobar/,carpenter-khobar,1672,0,23,30,2,56,0,2026-09-06,2026-09-09,d4485bc3955e3932|n=12,boilerplate_overuse,عبارات قالبية متكررة: تجهيزاً مرتباً قبل انتقال أو موسم ذروة | لا نضع رقماً ثابتاً لا يمثّل عقارك | نوضّح ما سيدخل في النطاق وما لن يدخل | حسب الجدولة اليومية، ومن الأحياء التي نصل إليها غالباً
10906,post,شركة تنظيف وصيانة دكتات المكيفات بجدة,https://www.rukn-eltatawer.com/sa/duct-cleaning-jeddah/,duct-cleaning-jeddah,1854,0,23,31,2,57,0,2026-09-06,2026-09-10,9e5dcee47b518cb6|n=12,boilerplate_overuse|intent_mismatch,عبارات قالبية متكررة: تجهيزاً مرتباً قبل انتقال أو موسم ذروة | لا نضع رقماً ثابتاً لا يمثّل عقارك | نوضّح ما سيدخل في النطاق وما لن يدخل | حسب الجدولة اليومية، ومن الأحياء التي نصل إليها غالباً || عنوان عن تكييف بينما النص/الأسئلة تتحدث عن تنظيف منازل أو رخام وخشب
12741,post,فني تركيب دش بالخبر,https://www.rukn-eltatawer.com/sa/sat-dish-tech-khobar/,sat-dish-tech-khobar,1672,0,23,30,2,56,0,2026-09-06,2026-09-10,f9b4c32aaa5c9810|n=12,boilerplate_overuse,عبارات قالبية متكررة: تجهيزاً مرتباً قبل انتقال أو موسم ذروة | لا نضع رقماً ثابتاً لا يمثّل عقارك | نوضّح ما سيدخل في النطاق وما لن يدخل | حسب الجدولة اليومية، ومن الأحياء التي نصل إليها غالباً
12375,post,شركة تنظيف وتزيين الحدائق بأبها,https://www.rukn-eltatawer.com/sa/garden-cleaning-abha/,garden-cleaning-abha,1777,0,23,31,2,57,0,2026-09-06,2026-09-10,aa34b837eea2d037|n=12,boilerplate_overuse,عبارات قالبية متكررة: تجهيزاً مرتباً قبل انتقال أو موسم ذروة | لا نضع رقماً ثابتاً لا يمثّل عقارك | نوضّح ما سيدخل في النطاق وما لن يدخل | حسب الجدولة اليومية، ومن الأحياء التي نصل إليها غالباً
12749,post,فني تركيب أقمار صناعية بالخبر,https://www.rukn-eltatawer.com/sa/satellite-tech-khobar/,satellite-tech-khobar,1738,0,23,30,2,56,0,2026-09-06,2026-09-10,142926292bef254c|n=12,boilerplate_overuse,عبارات قالبية متكررة: تجهيزاً مرتباً قبل انتقال أو موسم ذروة | لا نضع رقماً ثابتاً لا يمثّل عقارك | نوضّح ما سيدخل في النطاق وما لن يدخل | حسب الجدولة اليومية، ومن الأحياء التي نصل إليها غالباً
10902,post,شركة تنظيف واجهات زجاجية بجدة,https://www.rukn-eltatawer.com/sa/glass-facade-cleaning-jeddah/,glass-facade-cleaning-jeddah,1789,0,23,30,2,56,0,2026-09-06,2026-09-10,20d708090d386ec3|n=12,boilerplate_overuse,عبارات قالبية متكررة: تجهيزاً مرتباً قبل انتقال أو موسم ذروة | لا نضع رقماً ثابتاً لا يمثّل عقارك | نوضّح ما سيدخل في النطاق وما لن يدخل | حسب الجدولة اليومية، ومن الأحياء التي نصل إليها غالباً
12773,post,فني أنظمة صوت منزلية بالخبر,https://www.rukn-eltatawer.com/sa/home-audio-tech-khobar/,home-audio-tech-khobar,1757,0,23,30,2,56,0,2026-09-06,2026-09-10,fb02b3c007e86572|n=12,boilerplate_overuse,عبارات قالبية متكررة: تجهيزاً مرتباً قبل انتقال أو موسم ذروة | لا نضع رقماً ثابتاً لا يمثّل عقارك | نوضّح ما سيدخل في النطاق وما لن يدخل | حسب الجدولة اليومية، ومن الأحياء التي نصل إليها غالباً
10903,post,شركة تنظيف واجهات حجرية بجدة,https://www.rukn-eltatawer.com/sa/stone-facade-cleaning-jeddah/,stone-facade-cleaning-jeddah,1803,0,23,32,2,58,0,2026-09-06,2026-09-10,b60e546d5347e244|n=12,boilerplate_overuse,عبارات قالبية متكررة: تجهيزاً مرتباً قبل انتقال أو موسم ذروة | لا نضع رقماً ثابتاً لا يمثّل عقارك | نوضّح ما سيدخل في النطاق وما لن يدخل | حسب الجدولة اليومية، ومن الأحياء التي نصل إليها غالباً
12725,post,عامل دهانات بالخبر,https://www.rukn-eltatawer.com/sa/painter-khobar/,painter-khobar,1714,0,23,31,2,57,0,2026-09-06,2026-09-10,751578f0f15aea64|n=12,boilerplate_overuse,عبارات قالبية متكررة: تجهيزاً مرتباً قبل انتقال أو موسم ذروة | لا نضع رقماً ثابتاً لا يمثّل عقارك | نوضّح ما سيدخل في النطاق وما لن يدخل | حسب الجدولة اليومية، ومن الأحياء التي نصل إليها غالباً
10897,post,شركة تنظيف موكيت بجدة,https://www.rukn-eltatawer.com/sa/moquette-cleaning-jeddah/,moquette-cleaning-jeddah,1732,0,23,31,2,57,0,2026-09-06,2026-09-10,5b524faa0564c9a8|n=12,boilerplate_overuse,عبارات قالبية متكررة: تجهيزاً مرتباً قبل انتقال أو موسم ذروة | لا نضع رقماً ثابتاً لا يمثّل عقارك | نوضّح ما سيدخل في النطاق وما لن يدخل | حسب الجدولة اليومية، ومن الأحياء التي نصل إليها غالباً
12717,post,حداد أبواب ونوافذ بالخبر,https://www.rukn-eltatawer.com/sa/blacksmith-doors-windows-khobar/,blacksmith-doors-windows-khobar,1736,0,23,30,2,56,0,2026-09-06,2026-09-10,7d085f609186b6f8|n=12,boilerplate_overuse,عبارات قالبية متكررة: تجهيزاً مرتباً قبل انتقال أو موسم ذروة | لا نضع رقماً ثابتاً لا يمثّل عقارك | نوضّح ما سيدخل في النطاق وما لن يدخل | حسب الجدولة اليومية، ومن الأحياء التي نصل إليها غالباً
10886,post,شركة تنظيف مكاتب بجدة,https://www.rukn-eltatawer.com/sa/office-cleaning-jeddah/,office-cleaning-jeddah,1750,0,23,33,2,59,0,2026-09-06,2026-09-10,04145549da01d869|n=12,boilerplate_overuse,عبارات قالبية متكررة: تجهيزاً مرتباً قبل انتقال أو موسم ذروة | لا نضع رقماً ثابتاً لا يمثّل عقارك | نوضّح ما سيدخل في النطاق وما لن يدخل | حسب الجدولة اليومية، ومن الأحياء التي نصل إليها غالباً
12708,post,نجار أثاث بالدمام,https://www.rukn-eltatawer.com/sa/carpenter-dammam/,carpenter-dammam,1683,0,23,30,2,56,0,2026-09-06,2026-09-10,bc3bd86cc64ef2c9|n=12,boilerplate_overuse,عبارات قالبية متكررة: تجهيزاً مرتباً قبل انتقال أو موسم ذروة | لا نضع رقماً ثابتاً لا يمثّل عقارك | نوضّح ما سيدخل في النطاق وما لن يدخل | حسب الجدولة اليومية، ومن الأحياء التي نصل إليها غالباً
10892,post,شركة تنظيف مطابخ بجدة,https://www.rukn-eltatawer.com/sa/kitchen-cleaning-jeddah/,kitchen-cleaning-jeddah,1730,0,23,31,2,57,0,2026-09-06,2026-09-10,5cef3e2181b2f7bf|n=12,boilerplate_overuse,عبارات قالبية متكررة: تجهيزاً مرتباً قبل انتقال أو موسم ذروة | لا نضع رقماً ثابتاً لا يمثّل عقارك | نوضّح ما سيدخل في النطاق وما لن يدخل | حسب الجدولة اليومية، ومن الأحياء التي نصل إليها غالباً
12735,post,فني جبس بورد بأبها,https://www.rukn-eltatawer.com/sa/gypsum-tech-abha/,gypsum-tech-abha,1746,0,23,33,2,59,0,2026-09-06,2026-09-10,6162d50b5389c14b|n=12,boilerplate_overuse,عبارات قالبية متكررة: تجهيزاً مرتباً قبل انتقال أو موسم ذروة | لا نضع رقماً ثابتاً لا يمثّل عقارك | نوضّح ما سيدخل في النطاق وما لن يدخل | حسب الجدولة اليومية، ومن الأحياء التي نصل إليها غالباً
10889,post,شركة تنظيف مستشفيات وعيادات بجدة,https://www.rukn-eltatawer.com/sa/hospital-clinic-cleaning-jeddah/,hospital-clinic-cleaning-jeddah,1827,0,23,33,2,59,0,2026-09-06,2026-09-10,bcfb6c5f6439752a|n=12,boilerplate_overuse,عبارات قالبية متكررة: تجهيزاً مرتباً قبل انتقال أو موسم ذروة | لا نضع رقماً ثابتاً لا يمثّل عقارك | نوضّح ما سيدخل في النطاق وما لن يدخل | حسب الجدولة اليومية، ومن الأحياء التي نصل إليها غالباً
12740,post,فني تركيب دش بالدمام,https://www.rukn-eltatawer.com/sa/sat-dish-tech-dammam/,sat-dish-tech-dammam,1684,0,23,30,2,56,0,2026-09-06,2026-09-10,dcf12fddf912fb8d|n=12,boilerplate_overuse,عبارات قالبية متكررة: تجهيزاً مرتباً قبل انتقال أو موسم ذروة | لا نضع رقماً ثابتاً لا يمثّل عقارك | نوضّح ما سيدخل في النطاق وما لن يدخل | حسب الجدولة اليومية، ومن الأحياء التي نصل إليها غالباً
10900,post,شركة تنظيف مراتب بجدة,https://www.rukn-eltatawer.com/sa/mattress-cleaning-jeddah/,mattress-cleaning-jeddah,1730,0,23,31,2,57,0,2026-09-06,2026-09-10,9c800bc82db3c309|n=12,boilerplate_overuse,عبارات قالبية متكررة: تجهيزاً مرتباً قبل انتقال أو موسم ذروة | لا نضع رقماً ثابتاً لا يمثّل عقارك | نوضّح ما سيدخل في النطاق وما لن يدخل | حسب الجدولة اليومية، ومن الأحياء التي نصل إليها غالباً
12748,post,فني تركيب أقمار صناعية بالدمام,https://www.rukn-eltatawer.com/sa/satellite-tech-dammam/,satellite-tech-dammam,1740,0,23,30,2,56,0,2026-09-06,2026-09-10,e18e088b8e5c2eb5|n=12,boilerplate_overuse,عبارات قالبية متكررة: تجهيزاً مرتباً قبل انتقال أو موسم ذروة | لا نضع رقماً ثابتاً لا يمثّل عقارك | نوضّح ما سيدخل في النطاق وما لن يدخل | حسب الجدولة اليومية، ومن الأحياء التي نصل إليها غالباً
10888,post,شركة تنظيف مدارس وحضانات بجدة,https://www.rukn-eltatawer.com/sa/school-nursery-cleaning-jeddah/,school-nursery-cleaning-jeddah,1822,0,23,33,2,59,0,2026-09-06,2026-09-10,f50d5998f8f304ea|n=12,boilerplate_overuse,عبارات قالبية متكررة: تجهيزاً مرتباً قبل انتقال أو موسم ذروة | لا نضع رقماً ثابتاً لا يمثّل عقارك | نوضّح ما سيدخل في النطاق وما لن يدخل | حسب الجدولة اليومية، ومن الأحياء التي نصل إليها غالباً
12772,post,فني أنظمة صوت منزلية بالدمام,https://www.rukn-eltatawer.com/sa/home-audio-tech-dammam/,home-audio-tech-dammam,1784,0,23,32,2,58,0,2026-09-06,2026-09-10,f7be78f723096b7f|n=12,boilerplate_overuse,عبارات قالبية متكررة: تجهيزاً مرتباً قبل انتقال أو موسم ذروة | لا نضع رقماً ثابتاً لا يمثّل عقارك | نوضّح ما سيدخل في النطاق وما لن يدخل | حسب الجدولة اليومية، ومن الأحياء التي نصل إليها غالباً
10890,post,شركة تنظيف محلات تجارية ومولات بجدة,https://www.rukn-eltatawer.com/sa/mall-cleaning-jeddah/,mall-cleaning-jeddah,1876,0,23,31,2,57,0,2026-09-06,2026-09-10,f5c1c39acd129134|n=12,boilerplate_overuse,عبارات قالبية متكررة: تجهيزاً مرتباً قبل انتقال أو موسم ذروة | لا نضع رقماً ثابتاً لا يمثّل عقارك | نوضّح ما سيدخل في النطاق وما لن يدخل | حسب الجدولة اليومية، ومن الأحياء التي نصل إليها غالباً
12724,post,عامل دهانات بالدمام,https://www.rukn-eltatawer.com/sa/painter-dammam/,painter-dammam,1747,0,23,33,2,59,0,2026-09-06,2026-09-10,eb8201dfee3a7e4b|n=12,boilerplate_overuse,عبارات قالبية متكررة: تجهيزاً مرتباً قبل انتقال أو موسم ذروة | لا نضع رقماً ثابتاً لا يمثّل عقارك | نوضّح ما سيدخل في النطاق وما لن يدخل | حسب الجدولة اليومية، ومن الأحياء التي نصل إليها غالباً
10887,post,شركة تنظيف مجالس بجدة,https://www.rukn-eltatawer.com/sa/majlis-cleaning-jeddah/,majlis-cleaning-jeddah,1697,0,23,30,2,56,0,2026-09-06,2026-09-10,d19a927c3f3e7452|n=12,boilerplate_overuse,عبارات قالبية متكررة: تجهيزاً مرتباً قبل انتقال أو موسم ذروة | لا نضع رقماً ثابتاً لا يمثّل عقارك | نوضّح ما سيدخل في النطاق وما لن يدخل | حسب الجدولة اليومية، ومن الأحياء التي نصل إليها غالباً
13117,post,شركة نقل وتركيب مكيفات بالخبر,https://www.rukn-eltatawer.com/sa/ac-relocation-installation-khobar/,ac-relocation-installation-khobar,1820,0,23,33,2,59,0,2026-09-06,2026-09-10,02ca78a99598a675|n=12,boilerplate_overuse,عبارات قالبية متكررة: تجهيزاً مرتباً قبل انتقال أو موسم ذروة | لا نضع رقماً ثابتاً لا يمثّل عقارك | نوضّح ما سيدخل في النطاق وما لن يدخل | حسب الجدولة اليومية، ومن الأحياء التي نصل إليها غالباً
10904,post,شركة تنظيف كراجات ومواقف سيارات بجدة,https://www.rukn-eltatawer.com/sa/garage-cleaning-jeddah/,garage-cleaning-jeddah,1878,0,23,31,2,57,0,2026-09-06,2026-09-10,8d0f7c1c469f755a|n=12,boilerplate_overuse,عبارات قالبية متكررة: تجهيزاً مرتباً قبل انتقال أو موسم ذروة | لا نضع رقماً ثابتاً لا يمثّل عقارك | نوضّح ما سيدخل في النطاق وما لن يدخل | حسب الجدولة اليومية، ومن الأحياء التي نصل إليها غالباً
12485,post,شركة نقل بيانو بالخبر,https://www.rukn-eltatawer.com/sa/piano-moving-khobar/,piano-moving-khobar,1695,0,23,30,2,56,0,2026-09-06,2026-09-10,e47ab97f01f89341|n=12,boilerplate_overuse,عبارات قالبية متكررة: تجهيزاً مرتباً قبل انتقال أو موسم ذروة | لا نضع رقماً ثابتاً لا يمثّل عقارك | نوضّح ما سيدخل في النطاق وما لن يدخل | حسب الجدولة اليومية، ومن الأحياء التي نصل إليها غالباً
10885,post,شركة تنظيف قصور بجدة,https://www.rukn-eltatawer.com/sa/palace-cleaning-jeddah/,palace-cleaning-jeddah,1745,0,23,33,2,59,0,2026-09-06,2026-09-10,807a284920f4f8ea|n=12,boilerplate_overuse,عبارات قالبية متكررة: تجهيزاً مرتباً قبل انتقال أو موسم ذروة | لا نضع رقماً ثابتاً لا يمثّل عقارك | نوضّح ما سيدخل في النطاق وما لن يدخل | حسب الجدولة اليومية، ومن الأحياء التي نصل إليها غالباً
12581,post,شركة مكافحة بق الفراش بالخبر,https://www.rukn-eltatawer.com/sa/bed-bug-control-khobar/,bed-bug-control-khobar,1788,0,23,30,2,56,0,2026-09-06,2026-09-10,cad7742802f3c585|n=12,boilerplate_overuse,عبارات قالبية متكررة: تجهيزاً مرتباً قبل انتقال أو موسم ذروة | لا نضع رقماً ثابتاً لا يمثّل عقارك | نوضّح ما سيدخل في النطاق وما لن يدخل | حسب الجدولة اليومية، ومن الأحياء التي نصل إليها غالباً
10899,post,شركة تنظيف ستائر بجدة,https://www.rukn-eltatawer.com/sa/curtain-cleaning-jeddah/,curtain-cleaning-jeddah,1743,0,23,31,2,57,0,2026-09-06,2026-09-10,a0cafd6f8a7626fc|n=12,boilerplate_overuse,عبارات قالبية متكررة: تجهيزاً مرتباً قبل انتقال أو موسم ذروة | لا نضع رقماً ثابتاً لا يمثّل عقارك | نوضّح ما سيدخل في النطاق وما لن يدخل | حسب الجدولة اليومية، ومن الأحياء التي نصل إليها غالباً
12621,post,شركة مكافحة الوزغ (البرص) بالخبر,https://www.rukn-eltatawer.com/sa/lizard-control-khobar/,lizard-control-khobar,1810,0,23,32,2,58,0,2026-09-06,2026-09-10,aa6b39705c1ffcb7|n=12,boilerplate_overuse,عبارات قالبية متكررة: تجهيزاً مرتباً قبل انتقال أو موسم ذروة | لا نضع رقماً ثابتاً لا يمثّل عقارك | نوضّح ما سيدخل في النطاق وما لن يدخل | حسب الجدولة اليومية، ومن الأحياء التي نصل إليها غالباً
10894,post,شركة تنظيف خزانات مياه بجدة,https://www.rukn-eltatawer.com/sa/water-tank-cleaning-jeddah/,water-tank-cleaning-jeddah,1818,0,23,31,2,57,0,2026-09-06,2026-09-10,23e8651053d7e4c4|n=12,boilerplate_overuse,عبارات قالبية متكررة: تجهيزاً مرتباً قبل انتقال أو موسم ذروة | لا نضع رقماً ثابتاً لا يمثّل عقارك | نوضّح ما سيدخل في النطاق وما لن يدخل | حسب الجدولة اليومية، ومن الأحياء التي نصل إليها غالباً
12589,post,شركة مكافحة الفئران والقوارض بالخبر,https://www.rukn-eltatawer.com/sa/rodent-control-khobar/,rodent-control-khobar,1811,0,23,33,2,59,0,2026-09-06,2026-09-10,a49aa3863e9145e0|n=12,boilerplate_overuse,عبارات قالبية متكررة: تجهيزاً مرتباً قبل انتقال أو موسم ذروة | لا نضع رقماً ثابتاً لا يمثّل عقارك | نوضّح ما سيدخل في النطاق وما لن يدخل | حسب الجدولة اليومية، ومن الأحياء التي نصل إليها غالباً
10895,post,شركة تنظيف خزانات ديزل بجدة,https://www.rukn-eltatawer.com/sa/diesel-tank-cleaning-jeddah/,diesel-tank-cleaning-jeddah,1833,0,23,31,2,57,0,2026-09-06,2026-09-10,6dc76fc5bdefd43f|n=12,boilerplate_overuse,عبارات قالبية متكررة: تجهيزاً مرتباً قبل انتقال أو موسم ذروة | لا نضع رقماً ثابتاً لا يمثّل عقارك | نوضّح ما سيدخل في النطاق وما لن يدخل | حسب الجدولة اليومية، ومن الأحياء التي نصل إليها غالباً
12605,post,شركة مكافحة العقارب بالخبر,https://www.rukn-eltatawer.com/sa/scorpion-control-khobar/,scorpion-control-khobar,1701,0,23,32,2,58,0,2026-09-06,2026-09-10,39ff01ad0dec2c48|n=12,boilerplate_overuse,عبارات قالبية متكررة: تجهيزاً مرتباً قبل انتقال أو موسم ذروة | لا نضع رقماً ثابتاً لا يمثّل عقارك | نوضّح ما سيدخل في النطاق وما لن يدخل | حسب الجدولة اليومية، ومن الأحياء التي نصل إليها غالباً
10893,post,شركة تنظيف حمامات بجدة,https://www.rukn-eltatawer.com/sa/bathroom-cleaning-jeddah/,bathroom-cleaning-jeddah,1733,0,23,31,2,57,0,2026-09-06,2026-09-10,2f6688ed7b5d235f|n=12,boilerplate_overuse,عبارات قالبية متكررة: تجهيزاً مرتباً قبل انتقال أو موسم ذروة | لا نضع رقماً ثابتاً لا يمثّل عقارك | نوضّح ما سيدخل في النطاق وما لن يدخل | حسب الجدولة اليومية، ومن الأحياء التي نصل إليها غالباً
12629,post,شركة مكافحة الطيور بالخبر,https://www.rukn-eltatawer.com/sa/bird-control-khobar/,bird-control-khobar,1713,0,23,30,2,56,0,2026-09-06,2026-09-10,1ec6217a41601ddf|n=12,boilerplate_overuse,عبارات قالبية متكررة: تجهيزاً مرتباً قبل انتقال أو موسم ذروة | لا نضع رقماً ثابتاً لا يمثّل عقارك | نوضّح ما سيدخل في النطاق وما لن يدخل | حسب الجدولة اليومية، ومن الأحياء التي نصل إليها غالباً
10907,post,شركة تنظيف المداخن والشفاطات بجدة,https://www.rukn-eltatawer.com/sa/chimney-cleaning-jeddah/,chimney-cleaning-jeddah,1809,0,23,31,2,57,0,2026-09-06,2026-09-10,e3b24d76fb013c7d|n=12,boilerplate_overuse,عبارات قالبية متكررة: تجهيزاً مرتباً قبل انتقال أو موسم ذروة | لا نضع رقماً ثابتاً لا يمثّل عقارك | نوضّح ما سيدخل في النطاق وما لن يدخل | حسب الجدولة اليومية، ومن الأحياء التي نصل إليها غالباً
12549,post,شركة مكافحة الحشرات الطائرة بالخبر,https://www.rukn-eltatawer.com/sa/flying-pest-control-khobar/,flying-pest-control-khobar,1731,0,23,30,2,56,0,2026-09-06,2026-09-10,fe97b16a39a96a06|n=12,boilerplate_overuse,عبارات قالبية متكررة: تجهيزاً مرتباً قبل انتقال أو موسم ذروة | لا نضع رقماً ثابتاً لا يمثّل عقارك | نوضّح ما سيدخل في النطاق وما لن يدخل | حسب الجدولة اليومية، ومن الأحياء التي نصل إليها غالباً
12335,post,شركة تنسيق حدائق بأبها,https://www.rukn-eltatawer.com/sa/landscaping-abha/,landscaping-abha,1705,0,23,30,2,56,0,2026-09-06,2026-09-10,7fc384501d412117|n=12,boilerplate_overuse,عبارات قالبية متكررة: تجهيزاً مرتباً قبل انتقال أو موسم ذروة | لا نضع رقماً ثابتاً لا يمثّل عقارك | نوضّح ما سيدخل في النطاق وما لن يدخل | حسب الجدولة اليومية، ومن الأحياء التي نصل إليها غالباً
12541,post,شركة مكافحة الحشرات الزاحفة بالخبر,https://www.rukn-eltatawer.com/sa/crawling-pest-control-khobar/,crawling-pest-control-khobar,1822,0,23,33,2,59,0,2026-09-06,2026-09-10,54e58ad97618c1b2|n=12,boilerplate_overuse,عبارات قالبية متكررة: تجهيزاً مرتباً قبل انتقال أو موسم ذروة | لا نضع رقماً ثابتاً لا يمثّل عقارك | نوضّح ما سيدخل في النطاق وما لن يدخل | حسب الجدولة اليومية، ومن الأحياء التي نصل إليها غالباً
12489,post,شركة تغليف أثاث احترافي بجدة,https://www.rukn-eltatawer.com/sa/furniture-packaging-jeddah/,furniture-packaging-jeddah,1803,0,23,31,2,57,0,2026-09-06,2026-09-10,be50006efaa0d54e|n=12,boilerplate_overuse,عبارات قالبية متكررة: تجهيزاً مرتباً قبل انتقال أو موسم ذروة | لا نضع رقماً ثابتاً لا يمثّل عقارك | نوضّح ما سيدخل في النطاق وما لن يدخل | حسب الجدولة اليومية، ومن الأحياء التي نصل إليها غالباً
12637,post,شركة مكافحة البعوض والذباب بالخبر,https://www.rukn-eltatawer.com/sa/mosquito-fly-control-khobar/,mosquito-fly-control-khobar,1739,0,23,30,2,56,0,2026-09-06,2026-09-10,0468ad2b0b677176|n=12,boilerplate_overuse,عبارات قالبية متكررة: تجهيزاً مرتباً قبل انتقال أو موسم ذروة | لا نضع رقماً ثابتاً لا يمثّل عقارك | نوضّح ما سيدخل في النطاق وما لن يدخل | حسب الجدولة اليومية، ومن الأحياء التي نصل إليها غالباً
12325,post,شركة تصميم وتنفيذ ديكورات بالخبر,https://www.rukn-eltatawer.com/sa/decor-design-khobar/,decor-design-khobar,1760,0,23,30,2,56,0,2026-09-06,2026-09-10,3dad1e5ca132e42b|n=12,boilerplate_overuse,عبارات قالبية متكررة: تجهيزاً مرتباً قبل انتقال أو موسم ذروة | لا نضع رقماً ثابتاً لا يمثّل عقارك | نوضّح ما سيدخل في النطاق وما لن يدخل | حسب الجدولة اليومية، ومن الأحياء التي نصل إليها غالباً
12613,post,شركة مكافحة البراغيث بالخبر,https://www.rukn-eltatawer.com/sa/flea-control-khobar/,flea-control-khobar,1701,0,23,32,2,58,0,2026-09-06,2026-09-10,04145549da01d869|n=12,boilerplate_overuse,عبارات قالبية متكررة: تجهيزاً مرتباً قبل انتقال أو موسم ذروة | لا نضع رقماً ثابتاً لا يمثّل عقارك | نوضّح ما سيدخل في النطاق وما لن يدخل | حسب الجدولة اليومية، ومن الأحياء التي نصل إليها غالباً
12343,post,شركة تصميم حدائق داخلية بأبها,https://www.rukn-eltatawer.com/sa/indoor-garden-design-abha/,indoor-garden-design-abha,1765,0,23,32,2,58,0,2026-09-06,2026-09-10,fbacf2a9da8b3e07|n=12,boilerplate_overuse,عبارات قالبية متكررة: تجهيزاً مرتباً قبل انتقال أو موسم ذروة | لا نضع رقماً ثابتاً لا يمثّل عقارك | نوضّح ما سيدخل في النطاق وما لن يدخل | حسب الجدولة اليومية، ومن الأحياء التي نصل إليها غالباً
12597,post,شركة مكافحة الأفاعي بالخبر,https://www.rukn-eltatawer.com/sa/snake-control-khobar/,snake-control-khobar,1693,0,23,32,2,58,0,2026-09-06,2026-09-10,a583ec0ce95cb020|n=12,boilerplate_overuse,عبارات قالبية متكررة: تجهيزاً مرتباً قبل انتقال أو موسم ذروة | لا نضع رقماً ثابتاً لا يمثّل عقارك | نوضّح ما سيدخل في النطاق وما لن يدخل | حسب الجدولة اليومية، ومن الأحياء التي نصل إليها غالباً
12351,post,شركة تصميم حدائق أسطح بأبها,https://www.rukn-eltatawer.com/sa/roof-garden-design-abha/,roof-garden-design-abha,1769,0,23,32,2,58,0,2026-09-06,2026-09-10,4efad2d6f333a53e|n=12,boilerplate_overuse,عبارات قالبية متكررة: تجهيزاً مرتباً قبل انتقال أو موسم ذروة | لا نضع رقماً ثابتاً لا يمثّل عقارك | نوضّح ما سيدخل في النطاق وما لن يدخل | حسب الجدولة اليومية، ومن الأحياء التي نصل إليها غالباً
12905,post,شركة تشطيب ودهان فلل جديدة بجدة,https://www.rukn-eltatawer.com/sa/new-villa-finishing-painting-jeddah/,new-villa-finishing-painting-jeddah,1880,0,23,33,2,59,0,2026-09-06,2026-09-10,04145549da01d869|n=12,boilerplate_overuse,عبارات قالبية متكررة: تجهيزاً مرتباً قبل انتقال أو موسم ذروة | لا نضع رقماً ثابتاً لا يمثّل عقارك | نوضّح ما سيدخل في النطاق وما لن يدخل | حسب الجدولة اليومية، ومن الأحياء التي نصل إليها غالباً
12781,post,شركة مكاتب الشحن بالخبر,https://www.rukn-eltatawer.com/sa/shipping-offices-khobar/,shipping-offices-khobar,1709,0,23,32,2,58,0,2026-09-06,2026-09-10,6118b153de3060e9|n=12,boilerplate_overuse,عبارات قالبية متكررة: تجهيزاً مرتباً قبل انتقال أو موسم ذروة | لا نضع رقماً ثابتاً لا يمثّل عقارك | نوضّح ما سيدخل في النطاق وما لن يدخل | حسب الجدولة اليومية، ومن الأحياء التي نصل إليها غالباً
12025,post,شركة ترميم وصيانة مباني بجدة,https://www.rukn-eltatawer.com/sa/building-renovation-jeddah/,building-renovation-jeddah,1806,0,23,33,2,59,0,2026-09-06,2026-09-10,697cb8007f29c2f0|n=12,boilerplate_overuse,عبارات قالبية متكررة: تجهيزاً مرتباً قبل انتقال أو موسم ذروة | لا نضع رقماً ثابتاً لا يمثّل عقارك | نوضّح ما سيدخل في النطاق وما لن يدخل | حسب الجدولة اليومية، ومن الأحياء التي نصل إليها غالباً
11405,post,شركة معالجة الرطوبة والعفن بالخبر,https://www.rukn-eltatawer.com/sa/humidity-treatment-khobar/,humidity-treatment-khobar,1757,0,23,31,2,57,0,2026-09-06,2026-09-10,379ec4a9b91cdd96|n=12,boilerplate_overuse,عبارات قالبية متكررة: تجهيزاً مرتباً قبل انتقال أو موسم ذروة | لا نضع رقماً ثابتاً لا يمثّل عقارك | نوضّح ما سيدخل في النطاق وما لن يدخل | حسب الجدولة اليومية، ومن الأحياء التي نصل إليها غالباً
13141,post,شركة كشف أعطال تبريد بالخبر,https://www.rukn-eltatawer.com/sa/cooling-fault-detection-khobar/,cooling-fault-detection-khobar,1795,0,23,33,2,59,0,2026-09-06,2026-09-10,1e51eda9d07118ce|n=12,boilerplate_overuse,عبارات قالبية متكررة: تجهيزاً مرتباً قبل انتقال أو موسم ذروة | لا نضع رقماً ثابتاً لا يمثّل عقارك | نوضّح ما سيدخل في النطاق وما لن يدخل | حسب الجدولة اليومية، ومن الأحياء التي نصل إليها غالباً
12033,post,شركة ترميم منازل قديمة بجدة,https://www.rukn-eltatawer.com/sa/old-house-renovation-jeddah/,old-house-renovation-jeddah,1775,0,23,31,2,57,0,2026-09-06,2026-09-10,fca678a1146b98f1|n=12,boilerplate_overuse,عبارات قالبية متكررة: تجهيزاً مرتباً قبل انتقال أو موسم ذروة | لا نضع رقماً ثابتاً لا يمثّل عقارك | نوضّح ما سيدخل في النطاق وما لن يدخل | حسب الجدولة اليومية، ومن الأحياء التي نصل إليها غالباً
12045,post,شركة فحص فلل ومباني قبل الشراء بالخبر,https://www.rukn-eltatawer.com/sa/villa-inspection-khobar/,villa-inspection-khobar,1916,0,23,33,2,59,0,2026-09-06,2026-09-10,8680f866354d97a5|n=12,boilerplate_overuse,عبارات قالبية متكررة: تجهيزاً مرتباً قبل انتقال أو موسم ذروة | لا نضع رقماً ثابتاً لا يمثّل عقارك | نوضّح ما سيدخل في النطاق وما لن يدخل | حسب الجدولة اليومية، ومن الأحياء التي نصل إليها غالباً
12017,post,شركة ترميم مطابخ بجدة,https://www.rukn-eltatawer.com/sa/kitchen-renovation-jeddah/,kitchen-renovation-jeddah,1721,0,23,31,2,57,0,2026-09-06,2026-09-10,38cc40616fcba5bb|n=12,boilerplate_overuse,عبارات قالبية متكررة: تجهيزاً مرتباً قبل انتقال أو موسم ذروة | لا نضع رقماً ثابتاً لا يمثّل عقارك | نوضّح ما سيدخل في النطاق وما لن يدخل | حسب الجدولة اليومية، ومن الأحياء التي نصل إليها غالباً
12901,post,شركة عزل ودهان أسطح بالخبر,https://www.rukn-eltatawer.com/sa/roof-insulation-painting-khobar/,roof-insulation-painting-khobar,1798,0,23,33,2,59,0,2026-09-06,2026-09-10,ebba80df90639258|n=12,boilerplate_overuse,عبارات قالبية متكررة: تجهيزاً مرتباً قبل انتقال أو موسم ذروة | لا نضع رقماً ثابتاً لا يمثّل عقارك | نوضّح ما سيدخل في النطاق وما لن يدخل | حسب الجدولة اليومية، ومن الأحياء التي نصل إليها غالباً
12009,post,شركة ترميم حمامات بجدة,https://www.rukn-eltatawer.com/sa/bathroom-renovation-jeddah/,bathroom-renovation-jeddah,1732,0,23,33,2,59,0,2026-09-06,2026-09-10,ec80669155f643e9|n=12,boilerplate_overuse,عبارات قالبية متكررة: تجهيزاً مرتباً قبل انتقال أو موسم ذروة | لا نضع رقماً ثابتاً لا يمثّل عقارك | نوضّح ما سيدخل في النطاق وما لن يدخل | حسب الجدولة اليومية، ومن الأحياء التي نصل إليها غالباً
12497,post,شركة تركيب وفك الأثاث بجدة,https://www.rukn-eltatawer.com/sa/furniture-assembly-jeddah/,furniture-assembly-jeddah,1810,0,23,33,2,59,0,2026-09-06,2026-09-10,f7eba6d6985558fc|n=12,boilerplate_overuse,عبارات قالبية متكررة: تجهيزاً مرتباً قبل انتقال أو موسم ذروة | لا نضع رقماً ثابتاً لا يمثّل عقارك | نوضّح ما سيدخل في النطاق وما لن يدخل | حسب الجدولة اليومية، ومن الأحياء التي نصل إليها غالباً
11401,post,شركة عزل مطابخ بالخبر,https://www.rukn-eltatawer.com/sa/kitchen-insulation-khobar/,kitchen-insulation-khobar,1727,0,23,33,2,59,0,2026-09-06,2026-09-10,d4a5045c1688c153|n=12,boilerplate_overuse,عبارات قالبية متكررة: تجهيزاً مرتباً قبل انتقال أو موسم ذروة | لا نضع رقماً ثابتاً لا يمثّل عقارك | نوضّح ما سيدخل في النطاق وما لن يدخل | حسب الجدولة اليومية، ومن الأحياء التي نصل إليها غالباً
11403,post,شركة عزل مائي بالخبر,https://www.rukn-eltatawer.com/sa/waterproofing-khobar/,waterproofing-khobar,1785,0,23,31,2,57,0,2026-09-06,2026-09-10,c79e1edbf315ed8c|n=12,boilerplate_overuse,عبارات قالبية متكررة: تجهيزاً مرتباً قبل انتقال أو موسم ذروة | لا نضع رقماً ثابتاً لا يمثّل عقارك | نوضّح ما سيدخل في النطاق وما لن يدخل | حسب الجدولة اليومية، ومن الأحياء التي نصل إليها غالباً
11179,post,شركة تركيب وصيانة محطات تحلية المياه بجدة,https://www.rukn-eltatawer.com/sa/ro-plants-jeddah/,ro-plants-jeddah,1927,0,23,31,2,57,0,2026-09-06,2026-09-10,95276b511c65045d|n=12,boilerplate_overuse,عبارات قالبية متكررة: تجهيزاً مرتباً قبل انتقال أو موسم ذروة | لا نضع رقماً ثابتاً لا يمثّل عقارك | نوضّح ما سيدخل في النطاق وما لن يدخل | حسب الجدولة اليومية، ومن الأحياء التي نصل إليها غالباً
11404,post,شركة عزل صوتي بالخبر,https://www.rukn-eltatawer.com/sa/soundproofing-khobar/,soundproofing-khobar,1741,0,23,33,2,59,0,2026-09-06,2026-09-10,f6b2abbcaec150f9|n=12,boilerplate_overuse,عبارات قالبية متكررة: تجهيزاً مرتباً قبل انتقال أو موسم ذروة | لا نضع رقماً ثابتاً لا يمثّل عقارك | نوضّح ما سيدخل في النطاق وما لن يدخل | حسب الجدولة اليومية، ومن الأحياء التي نصل إليها غالباً
11180,post,شركة تركيب وصيانة فلاتر مياه بجدة,https://www.rukn-eltatawer.com/sa/water-filters-jeddah/,water-filters-jeddah,1890,0,23,33,2,59,0,2026-09-06,2026-09-10,340b5a2cb9a045a5|n=12,boilerplate_overuse,عبارات قالبية متكررة: تجهيزاً مرتباً قبل انتقال أو موسم ذروة | لا نضع رقماً ثابتاً لا يمثّل عقارك | نوضّح ما سيدخل في النطاق وما لن يدخل | حسب الجدولة اليومية، ومن الأحياء التي نصل إليها غالباً
11400,post,شركة عزل حمامات بالخبر,https://www.rukn-eltatawer.com/sa/bathroom-insulation-khobar/,bathroom-insulation-khobar,1732,0,23,33,2,59,0,2026-09-06,2026-09-10,25e3e0685edcbeb6|n=12,boilerplate_overuse,عبارات قالبية متكررة: تجهيزاً مرتباً قبل انتقال أو موسم ذروة | لا نضع رقماً ثابتاً لا يمثّل عقارك | نوضّح ما سيدخل في النطاق وما لن يدخل | حسب الجدولة اليومية، ومن الأحياء التي نصل إليها غالباً
11177,post,شركة تركيب وصيانة شفاطات مطابخ بجدة,https://www.rukn-eltatawer.com/sa/kitchen-hoods-jeddah/,kitchen-hoods-jeddah,1843,0,23,33,2,59,0,2026-09-06,2026-09-10,fdd70b9d23769620|n=12,boilerplate_overuse,عبارات قالبية متكررة: تجهيزاً مرتباً قبل انتقال أو موسم ذروة | لا نضع رقماً ثابتاً لا يمثّل عقارك | نوضّح ما سيدخل في النطاق وما لن يدخل | حسب الجدولة اليومية، ومن الأحياء التي نصل إليها غالباً
11402,post,شركة عزل حراري بالخبر,https://www.rukn-eltatawer.com/sa/thermal-insulation-khobar/,thermal-insulation-khobar,1755,0,23,32,2,58,0,2026-09-06,2026-09-10,8069fd86920d901f|n=12,boilerplate_overuse,عبارات قالبية متكررة: تجهيزاً مرتباً قبل انتقال أو موسم ذروة | لا نضع رقماً ثابتاً لا يمثّل عقارك | نوضّح ما سيدخل في النطاق وما لن يدخل | حسب الجدولة اليومية، ومن الأحياء التي نصل إليها غالباً
11182,post,شركة تركيب وصيانة أنظمة تنقية الهواء بجدة,https://www.rukn-eltatawer.com/sa/air-purification-jeddah/,air-purification-jeddah,1946,0,23,33,2,59,0,2026-09-06,2026-09-10,77196374559115b3|n=12,boilerplate_overuse,عبارات قالبية متكررة: تجهيزاً مرتباً قبل انتقال أو موسم ذروة | لا نضع رقماً ثابتاً لا يمثّل عقارك | نوضّح ما سيدخل في النطاق وما لن يدخل | حسب الجدولة اليومية، ومن الأحياء التي نصل إليها غالباً
12957,post,شركة صيانة ودهان بعد التسريبات بالخبر,https://www.rukn-eltatawer.com/sa/post-leak-repaint-maintenance-khobar/,post-leak-repaint-maintenance-khobar,2005,0,23,34,2,60,0,2026-09-06,2026-09-10,91d78f28440895b6|n=12,boilerplate_overuse,عبارات قالبية متكررة: تجهيزاً مرتباً قبل انتقال أو موسم ذروة | لا نضع رقماً ثابتاً لا يمثّل عقارك | نوضّح ما سيدخل في النطاق وما لن يدخل | حسب الجدولة اليومية، ومن الأحياء التي نصل إليها غالباً
11181,post,شركة تركيب وصيانة أجهزة تبريد مياه الخزانات بجدة,https://www.rukn-eltatawer.com/sa/tank-water-chiller-jeddah/,tank-water-chiller-jeddah,2026,0,23,31,2,57,0,2026-09-06,2026-09-10,517883b32a42c009|n=12,boilerplate_overuse,عبارات قالبية متكررة: تجهيزاً مرتباً قبل انتقال أو موسم ذروة | لا نضع رقماً ثابتاً لا يمثّل عقارك | نوضّح ما سيدخل في النطاق وما لن يدخل | حسب الجدولة اليومية، ومن الأحياء التي نصل إليها غالباً
12873,post,شركة تركيب ورق حائط بجدة,https://www.rukn-eltatawer.com/sa/wallpaper-installation-jeddah/,wallpaper-installation-jeddah,1797,0,23,33,2,59,0,2026-09-06,2026-09-10,908c9175fae55389|n=12,boilerplate_overuse,عبارات قالبية متكررة: تجهيزاً مرتباً قبل انتقال أو موسم ذروة | لا نضع رقماً ثابتاً لا يمثّل عقارك | نوضّح ما سيدخل في النطاق وما لن يدخل | حسب الجدولة اليومية، ومن الأحياء التي نصل إليها غالباً
11276,post,شركة صيانة نشافات بالخبر,https://www.rukn-eltatawer.com/sa/dryer-maintenance-khobar/,dryer-maintenance-khobar,1722,0,23,30,2,56,0,2026-09-06,2026-09-10,aa34b837eea2d037|n=12,boilerplate_overuse,عبارات قالبية متكررة: تجهيزاً مرتباً قبل انتقال أو موسم ذروة | لا نضع رقماً ثابتاً لا يمثّل عقارك | نوضّح ما سيدخل في النطاق وما لن يدخل | حسب الجدولة اليومية، ومن الأحياء التي نصل إليها غالباً
12169,post,شركة تركيب ورق جدران بجدة,https://www.rukn-eltatawer.com/sa/wallpaper-jeddah/,wallpaper-jeddah,1775,0,23,31,2,57,0,2026-09-06,2026-09-10,6e6aa9959b40aeeb|n=12,boilerplate_overuse,عبارات قالبية متكررة: تجهيزاً مرتباً قبل انتقال أو موسم ذروة | لا نضع رقماً ثابتاً لا يمثّل عقارك | نوضّح ما سيدخل في النطاق وما لن يدخل | حسب الجدولة اليومية، ومن الأحياء التي نصل إليها غالباً
11277,post,شركة صيانة ميكروويف بالخبر,https://www.rukn-eltatawer.com/sa/microwave-maintenance-khobar/,microwave-maintenance-khobar,1718,0,23,30,2,56,0,2026-09-06,2026-09-10,a0ee97120210d5bd|n=12,boilerplate_overuse,عبارات قالبية متكررة: تجهيزاً مرتباً قبل انتقال أو موسم ذروة | لا نضع رقماً ثابتاً لا يمثّل عقارك | نوضّح ما سيدخل في النطاق وما لن يدخل | حسب الجدولة اليومية، ومن الأحياء التي نصل إليها غالباً
12449,post,شركة تركيب نوافير جدارية بجدة,https://www.rukn-eltatawer.com/sa/wall-fountain-jeddah/,wall-fountain-jeddah,1773,0,23,31,2,57,0,2026-09-06,2026-09-10,e9aead553783da2a|n=12,boilerplate_overuse,عبارات قالبية متكررة: تجهيزاً مرتباً قبل انتقال أو موسم ذروة | لا نضع رقماً ثابتاً لا يمثّل عقارك | نوضّح ما سيدخل في النطاق وما لن يدخل | حسب الجدولة اليومية، ومن الأحياء التي نصل إليها غالباً
11268,post,شركة صيانة مصاعد بالخبر,https://www.rukn-eltatawer.com/sa/elevator-maintenance-khobar/,elevator-maintenance-khobar,1683,0,23,30,2,56,0,2026-09-06,2026-09-10,031b60718cca027d|n=12,boilerplate_overuse,عبارات قالبية متكررة: تجهيزاً مرتباً قبل انتقال أو موسم ذروة | لا نضع رقماً ثابتاً لا يمثّل عقارك | نوضّح ما سيدخل في النطاق وما لن يدخل | حسب الجدولة اليومية، ومن الأحياء التي نصل إليها غالباً
12233,post,شركة تركيب مظلات وسواتر بجدة,https://www.rukn-eltatawer.com/sa/shades-sails-jeddah/,shades-sails-jeddah,1781,0,23,32,2,58,0,2026-09-06,2026-09-10,04145549da01d869|n=12,boilerplate_overuse,عبارات قالبية متكررة: تجهيزاً مرتباً قبل انتقال أو موسم ذروة | لا نضع رقماً ثابتاً لا يمثّل عقارك | نوضّح ما سيدخل في النطاق وما لن يدخل | حسب الجدولة اليومية، ومن الأحياء التي نصل إليها غالباً
11279,post,شركة صيانة مبردات مياه بالخبر,https://www.rukn-eltatawer.com/sa/water-cooler-maintenance-khobar/,water-cooler-maintenance-khobar,1781,0,23,30,2,56,0,2026-09-06,2026-09-10,71e00261d4902cea|n=12,boilerplate_overuse,عبارات قالبية متكررة: تجهيزاً مرتباً قبل انتقال أو موسم ذروة | لا نضع رقماً ثابتاً لا يمثّل عقارك | نوضّح ما سيدخل في النطاق وما لن يدخل | حسب الجدولة اليومية، ومن الأحياء التي نصل إليها غالباً
12209,post,شركة تركيب مطابخ بجدة,https://www.rukn-eltatawer.com/sa/kitchen-installation-jeddah/,kitchen-installation-jeddah,1710,0,23,31,2,57,0,2026-09-06,2026-09-10,8d93c6feec9a6bbe|n=12,boilerplate_overuse,عبارات قالبية متكررة: تجهيزاً مرتباً قبل انتقال أو موسم ذروة | لا نضع رقماً ثابتاً لا يمثّل عقارك | نوضّح ما سيدخل في النطاق وما لن يدخل | حسب الجدولة اليومية، ومن الأحياء التي نصل إليها غالباً
11262,post,شركة صيانة مباني بالخبر,https://www.rukn-eltatawer.com/sa/building-maintenance-khobar/,building-maintenance-khobar,1708,0,23,31,2,57,0,2026-09-06,2026-09-10,9ac028c7eba79fb7|n=12,boilerplate_overuse,عبارات قالبية متكررة: تجهيزاً مرتباً قبل انتقال أو موسم ذروة | لا نضع رقماً ثابتاً لا يمثّل عقارك | نوضّح ما سيدخل في النطاق وما لن يدخل | حسب الجدولة اليومية، ومن الأحياء التي نصل إليها غالباً
12649,post,شركة تركيب مسامير طاردة للحمام بجدة,https://www.rukn-eltatawer.com/sa/pigeon-spikes-installation-jeddah/,pigeon-spikes-installation-jeddah,1862,0,23,32,2,58,0,2026-09-06,2026-09-10,8061562b1dbd2501|n=12,boilerplate_overuse,عبارات قالبية متكررة: تجهيزاً مرتباً قبل انتقال أو موسم ذروة | لا نضع رقماً ثابتاً لا يمثّل عقارك | نوضّح ما سيدخل في النطاق وما لن يدخل | حسب الجدولة اليومية، ومن الأحياء التي نصل إليها غالباً
11275,post,شركة صيانة غسالات بالخبر,https://www.rukn-eltatawer.com/sa/washer-maintenance-khobar/,washer-maintenance-khobar,1715,0,23,30,2,56,0,2026-09-06,2026-09-10,321483652416ff41|n=12,boilerplate_overuse,عبارات قالبية متكررة: تجهيزاً مرتباً قبل انتقال أو موسم ذروة | لا نضع رقماً ثابتاً لا يمثّل عقارك | نوضّح ما سيدخل في النطاق وما لن يدخل | حسب الجدولة اليومية، ومن الأحياء التي نصل إليها غالباً
12081,post,شركة تركيب كربستون بجدة,https://www.rukn-eltatawer.com/sa/kerbstone-jeddah/,kerbstone-jeddah,1704,0,23,30,2,56,0,2026-09-06,2026-09-10,352f8b45ee1a562a|n=12,boilerplate_overuse,عبارات قالبية متكررة: تجهيزاً مرتباً قبل انتقال أو موسم ذروة | لا نضع رقماً ثابتاً لا يمثّل عقارك | نوضّح ما سيدخل في النطاق وما لن يدخل | حسب الجدولة اليومية، ومن الأحياء التي نصل إليها غالباً
11261,post,شركة صيانة عامة بالخبر,https://www.rukn-eltatawer.com/sa/general-maintenance-khobar/,general-maintenance-khobar,1727,0,23,33,2,59,0,2026-09-06,2026-09-10,9fe98677970aec68|n=12,boilerplate_overuse,عبارات قالبية متكررة: تجهيزاً مرتباً قبل انتقال أو موسم ذروة | لا نضع رقماً ثابتاً لا يمثّل عقارك | نوضّح ما سيدخل في النطاق وما لن يدخل | حسب الجدولة اليومية، ومن الأحياء التي نصل إليها غالباً
13149,post,شركة صيانة ثلاجات وتبريد تجاري بالخبر,https://www.rukn-eltatawer.com/sa/commercial-refrigeration-maintenance-khobar/,commercial-refrigeration-maintenance-khobar,1856,0,23,33,2,59,0,2026-09-06,2026-09-10,4b3c007df711d0a7|n=12,boilerplate_overuse,عبارات قالبية متكررة: تجهيزاً مرتباً قبل انتقال أو موسم ذروة | لا نضع رقماً ثابتاً لا يمثّل عقارك | نوضّح ما سيدخل في النطاق وما لن يدخل | حسب الجدولة اليومية، ومن الأحياء التي نصل إليها غالباً
12145,post,شركة تركيب فوم للجدران بجدة,https://www.rukn-eltatawer.com/sa/wall-foam-jeddah/,wall-foam-jeddah,1874,0,23,33,2,59,0,2026-09-06,2026-09-09,c78b35095d742bed|n=12,boilerplate_overuse,عبارات قالبية متكررة: تجهيزاً مرتباً قبل انتقال أو موسم ذروة | لا نضع رقماً ثابتاً لا يمثّل عقارك | نوضّح ما سيدخل في النطاق وما لن يدخل | حسب الجدولة اليومية، ومن الأحياء التي نصل إليها غالباً
12193,post,شركة تركيب فواصل زجاجية وألومنيوم بجدة,https://www.rukn-eltatawer.com/sa/glass-aluminium-partitions-jeddah/,glass-aluminium-partitions-jeddah,1834,0,23,30,2,56,0,2026-09-06,2026-09-10,e375afafa06f1e78|n=12,boilerplate_overuse,عبارات قالبية متكررة: تجهيزاً مرتباً قبل انتقال أو موسم ذروة | لا نضع رقماً ثابتاً لا يمثّل عقارك | نوضّح ما سيدخل في النطاق وما لن يدخل | حسب الجدولة اليومية، ومن الأحياء التي نصل إليها غالباً
11274,post,شركة صيانة ثلاجات بالخبر,https://www.rukn-eltatawer.com/sa/fridge-maintenance-khobar/,fridge-maintenance-khobar,1720,0,23,30,2,56,0,2026-09-06,2026-09-10,f0794229b78e7231|n=12,boilerplate_overuse,عبارات قالبية متكررة: تجهيزاً مرتباً قبل انتقال أو موسم ذروة | لا نضع رقماً ثابتاً لا يمثّل عقارك | نوضّح ما سيدخل في النطاق وما لن يدخل | حسب الجدولة اليومية، ومن الأحياء التي نصل إليها غالباً
12247,post,شركة تركيب عشب صناعي بأبها,https://www.rukn-eltatawer.com/sa/artificial-grass-abha/,artificial-grass-abha,1756,0,23,30,2,56,0,2026-09-06,2026-09-10,66f6891297de18f3|n=12,boilerplate_overuse,عبارات قالبية متكررة: تجهيزاً مرتباً قبل انتقال أو موسم ذروة | لا نضع رقماً ثابتاً لا يمثّل عقارك | نوضّح ما سيدخل في النطاق وما لن يدخل | حسب الجدولة اليومية، ومن الأحياء التي نصل إليها غالباً
11272,post,شركة صيانة بوتاجازات بالخبر,https://www.rukn-eltatawer.com/sa/stove-maintenance-khobar/,stove-maintenance-khobar,1734,0,23,32,2,58,0,2026-09-06,2026-09-10,be8bb768ad58116f|n=12,boilerplate_overuse,عبارات قالبية متكررة: تجهيزاً مرتباً قبل انتقال أو موسم ذروة | لا نضع رقماً ثابتاً لا يمثّل عقارك | نوضّح ما سيدخل في النطاق وما لن يدخل | حسب الجدولة اليومية، ومن الأحياء التي نصل إليها غالباً
12255,post,شركة تركيب عشب جداري بأبها,https://www.rukn-eltatawer.com/sa/grass-wall-abha/,grass-wall-abha,1769,0,23,32,2,58,0,2026-09-06,2026-09-10,a5d861a3cf80d04f|n=12,boilerplate_overuse,عبارات قالبية متكررة: تجهيزاً مرتباً قبل انتقال أو موسم ذروة | لا نضع رقماً ثابتاً لا يمثّل عقارك | نوضّح ما سيدخل في النطاق وما لن يدخل | حسب الجدولة اليومية، ومن الأحياء التي نصل إليها غالباً
11271,post,شركة صيانة أفران بالخبر,https://www.rukn-eltatawer.com/sa/oven-maintenance-khobar/,oven-maintenance-khobar,1739,0,23,32,2,58,0,2026-09-06,2026-09-10,6b5f728e322bdff3|n=12,boilerplate_overuse,عبارات قالبية متكررة: تجهيزاً مرتباً قبل انتقال أو موسم ذروة | لا نضع رقماً ثابتاً لا يمثّل عقارك | نوضّح ما سيدخل في النطاق وما لن يدخل | حسب الجدولة اليومية، ومن الأحياء التي نصل إليها غالباً
12089,post,شركة تركيب طابوق بجدة,https://www.rukn-eltatawer.com/sa/brickwork-jeddah/,brickwork-jeddah,1731,0,23,32,2,58,0,2026-09-06,2026-09-10,d821019aa3e00d21|n=12,boilerplate_overuse,عبارات قالبية متكررة: تجهيزاً مرتباً قبل انتقال أو موسم ذروة | لا نضع رقماً ثابتاً لا يمثّل عقارك | نوضّح ما سيدخل في النطاق وما لن يدخل | حسب الجدولة اليومية، ومن الأحياء التي نصل إليها غالباً
11270,post,شركة صيانة أبواب أوتوماتيكية بالخبر,https://www.rukn-eltatawer.com/sa/automatic-doors-maintenance-khobar/,automatic-doors-maintenance-khobar,1741,0,23,30,2,56,0,2026-09-06,2026-09-10,54d2d07d86e87924|n=12,boilerplate_overuse,عبارات قالبية متكررة: تجهيزاً مرتباً قبل انتقال أو موسم ذروة | لا نضع رقماً ثابتاً لا يمثّل عقارك | نوضّح ما سيدخل في النطاق وما لن يدخل | حسب الجدولة اليومية، ومن الأحياء التي نصل إليها غالباً
12441,post,شركة تركيب شلالات اصطناعية بجدة,https://www.rukn-eltatawer.com/sa/artificial-waterfall-jeddah/,artificial-waterfall-jeddah,1771,0,23,31,2,57,0,2026-09-06,2026-09-10,0f6f2af150e26246|n=12,boilerplate_overuse,عبارات قالبية متكررة: تجهيزاً مرتباً قبل انتقال أو موسم ذروة | لا نضع رقماً ثابتاً لا يمثّل عقارك | نوضّح ما سيدخل في النطاق وما لن يدخل | حسب الجدولة اليومية، ومن الأحياء التي نصل إليها غالباً
12425,post,شركة تركيب عرائش خشبية بجدة,https://www.rukn-eltatawer.com/sa/wooden-arbor-installation-jeddah/,wooden-arbor-installation-jeddah,1777,0,23,30,2,56,0,2026-09-06,2026-09-10,98947eb0fd4805af|n=12,boilerplate_overuse,عبارات قالبية متكررة: تجهيزاً مرتباً قبل انتقال أو موسم ذروة | لا نضع رقماً ثابتاً لا يمثّل عقارك | نوضّح ما سيدخل في النطاق وما لن يدخل | حسب الجدولة اليومية، ومن الأحياء التي نصل إليها غالباً
12061,post,شركة شفط بيارات بالخبر,https://www.rukn-eltatawer.com/sa/septic-tank-emptying-khobar/,septic-tank-emptying-khobar,1720,0,23,33,2,59,0,2026-09-06,2026-09-10,9b85a74b03dbbabc|n=12,boilerplate_overuse,عبارات قالبية متكررة: تجهيزاً مرتباً قبل انتقال أو موسم ذروة | لا نضع رقماً ثابتاً لا يمثّل عقارك | نوضّح ما سيدخل في النطاق وما لن يدخل | حسب الجدولة اليومية، ومن الأحياء التي نصل إليها غالباً
12813,post,شركة شحن طرود سريعة بالخبر,https://www.rukn-eltatawer.com/sa/express-parcel-shipping-khobar/,express-parcel-shipping-khobar,1770,0,23,32,2,58,0,2026-09-06,2026-09-10,dd242fc87b40a91b|n=12,boilerplate_overuse,عبارات قالبية متكررة: تجهيزاً مرتباً قبل انتقال أو موسم ذروة | لا نضع رقماً ثابتاً لا يمثّل عقارك | نوضّح ما سيدخل في النطاق وما لن يدخل | حسب الجدولة اليومية، ومن الأحياء التي نصل إليها غالباً
12377,post,شركة تركيب شبكات ري حديثة بجدة,https://www.rukn-eltatawer.com/sa/modern-irrigation-jeddah/,modern-irrigation-jeddah,1843,0,23,30,2,56,0,2026-09-06,2026-09-10,414e7e1f1167d65b|n=12,boilerplate_overuse,عبارات قالبية متكررة: تجهيزاً مرتباً قبل انتقال أو موسم ذروة | لا نضع رقماً ثابتاً لا يمثّل عقارك | نوضّح ما سيدخل في النطاق وما لن يدخل | حسب الجدولة اليومية، ومن الأحياء التي نصل إليها غالباً
12805,post,شركة شحن سيارات بالخبر,https://www.rukn-eltatawer.com/sa/car-shipping-khobar/,car-shipping-khobar,1724,0,23,32,2,58,0,2026-09-06,2026-09-10,357a0f11c3f81c1a|n=12,boilerplate_overuse|intent_mismatch,عبارات قالبية متكررة: تجهيزاً مرتباً قبل انتقال أو موسم ذروة | لا نضع رقماً ثابتاً لا يمثّل عقارك | نوضّح ما سيدخل في النطاق وما لن يدخل | حسب الجدولة اليومية، ومن الأحياء التي نصل إليها غالباً || عنوان شحن سيارات بينما النص يعامل الخدمة كخدمة منزل/عقار || شحن سيارات يستخدم صياغة انتقال المنازل
12385,post,شركة تركيب شبكات ري أوتوماتيكية بجدة,https://www.rukn-eltatawer.com/sa/automatic-irrigation-jeddah/,automatic-irrigation-jeddah,1827,0,23,30,2,56,0,2026-09-06,2026-09-10,ac9b9393fc640e1d|n=12,boilerplate_overuse,عبارات قالبية متكررة: تجهيزاً مرتباً قبل انتقال أو موسم ذروة | لا نضع رقماً ثابتاً لا يمثّل عقارك | نوضّح ما سيدخل في النطاق وما لن يدخل | حسب الجدولة اليومية، ومن الأحياء التي نصل إليها غالباً
12845,post,شركة شحن دولي جوي بالخبر,https://www.rukn-eltatawer.com/sa/air-freight-khobar/,air-freight-khobar,1774,0,23,32,2,58,0,2026-09-06,2026-09-10,1053702384a3b72f|n=12,boilerplate_overuse,عبارات قالبية متكررة: تجهيزاً مرتباً قبل انتقال أو موسم ذروة | لا نضع رقماً ثابتاً لا يمثّل عقارك | نوضّح ما سيدخل في النطاق وما لن يدخل | حسب الجدولة اليومية، ومن الأحياء التي نصل إليها غالباً
12641,post,شركة تركيب شبك طارد للحمام بجدة,https://www.rukn-eltatawer.com/sa/pigeon-net-installation-jeddah/,pigeon-net-installation-jeddah,1863,0,23,32,2,58,0,2026-09-06,2026-09-10,025b1446b363f332|n=12,boilerplate_overuse,عبارات قالبية متكررة: تجهيزاً مرتباً قبل انتقال أو موسم ذروة | لا نضع رقماً ثابتاً لا يمثّل عقارك | نوضّح ما سيدخل في النطاق وما لن يدخل | حسب الجدولة اليومية، ومن الأحياء التي نصل إليها غالباً
12829,post,شركة شحن دولي بري بالخبر,https://www.rukn-eltatawer.com/sa/land-freight-khobar/,land-freight-khobar,1779,0,23,32,2,58,0,2026-09-06,2026-09-10,eab60382cec303e9|n=12,boilerplate_overuse,عبارات قالبية متكررة: تجهيزاً مرتباً قبل انتقال أو موسم ذروة | لا نضع رقماً ثابتاً لا يمثّل عقارك | نوضّح ما سيدخل في النطاق وما لن يدخل | حسب الجدولة اليومية، ومن الأحياء التي نصل إليها غالباً
12225,post,شركة تركيب شبابيك بجدة,https://www.rukn-eltatawer.com/sa/windows-installation-jeddah/,windows-installation-jeddah,1740,0,23,32,2,58,0,2026-09-06,2026-09-10,49607c0efdc7d5a0|n=12,boilerplate_overuse,عبارات قالبية متكررة: تجهيزاً مرتباً قبل انتقال أو موسم ذروة | لا نضع رقماً ثابتاً لا يمثّل عقارك | نوضّح ما سيدخل في النطاق وما لن يدخل | حسب الجدولة اليومية، ومن الأحياء التي نصل إليها غالباً
12837,post,شركة شحن دولي بحري بالخبر,https://www.rukn-eltatawer.com/sa/sea-freight-khobar/,sea-freight-khobar,1774,0,23,32,2,58,0,2026-09-06,2026-09-10,04145549da01d869|n=12,boilerplate_overuse,عبارات قالبية متكررة: تجهيزاً مرتباً قبل انتقال أو موسم ذروة | لا نضع رقماً ثابتاً لا يمثّل عقارك | نوضّح ما سيدخل في النطاق وما لن يدخل | حسب الجدولة اليومية، ومن الأحياء التي نصل إليها غالباً
12105,post,شركة تركيب سيراميك وبورسلين بجدة,https://www.rukn-eltatawer.com/sa/ceramic-porcelain-jeddah/,ceramic-porcelain-jeddah,1782,0,23,32,2,58,0,2026-09-06,2026-09-10,b4769896990230b0|n=12,boilerplate_overuse,عبارات قالبية متكررة: تجهيزاً مرتباً قبل انتقال أو موسم ذروة | لا نضع رقماً ثابتاً لا يمثّل عقارك | نوضّح ما سيدخل في النطاق وما لن يدخل | حسب الجدولة اليومية، ومن الأحياء التي نصل إليها غالباً
12821,post,شركة شحن داخلي داخل بالخبر,https://www.rukn-eltatawer.com/sa/domestic-shipping-khobar/,domestic-shipping-khobar,1706,0,23,30,2,56,0,2026-09-06,2026-09-10,5c25ceb6ea941684|n=12,boilerplate_overuse|intent_mismatch,عبارات قالبية متكررة: تجهيزاً مرتباً قبل انتقال أو موسم ذروة | لا نضع رقماً ثابتاً لا يمثّل عقارك | نوضّح ما سيدخل في النطاق وما لن يدخل | حسب الجدولة اليومية، ومن الأحياء التي نصل إليها غالباً || عنوان شحن بينما الأسئلة تفترض شقق وفلل
12177,post,شركة تركيب سجاد أرضيات بجدة,https://www.rukn-eltatawer.com/sa/floor-carpeting-jeddah/,floor-carpeting-jeddah,1764,0,23,32,2,58,0,2026-09-06,2026-09-10,067eb88cb1a65ec9|n=12,boilerplate_overuse,عبارات قالبية متكررة: تجهيزاً مرتباً قبل انتقال أو موسم ذروة | لا نضع رقماً ثابتاً لا يمثّل عقارك | نوضّح ما سيدخل في النطاق وما لن يدخل | حسب الجدولة اليومية، ومن الأحياء التي نصل إليها غالباً
12789,post,شركة شحن بضائع بالخبر,https://www.rukn-eltatawer.com/sa/cargo-shipping-khobar/,cargo-shipping-khobar,1709,0,23,30,2,56,0,2026-09-06,2026-09-10,249502a487d9ba71|n=12,boilerplate_overuse,عبارات قالبية متكررة: تجهيزاً مرتباً قبل انتقال أو موسم ذروة | لا نضع رقماً ثابتاً لا يمثّل عقارك | نوضّح ما سيدخل في النطاق وما لن يدخل | حسب الجدولة اليومية، ومن الأحياء التي نصل إليها غالباً
12201,post,شركة تركيب زجاج وألوميتال بجدة,https://www.rukn-eltatawer.com/sa/glass-alumetal-jeddah/,glass-alumetal-jeddah,1786,0,23,32,2,58,0,2026-09-06,2026-09-10,a4837a5e60ac667a|n=12,boilerplate_overuse,عبارات قالبية متكررة: تجهيزاً مرتباً قبل انتقال أو موسم ذروة | لا نضع رقماً ثابتاً لا يمثّل عقارك | نوضّح ما سيدخل في النطاق وما لن يدخل | حسب الجدولة اليومية، ومن الأحياء التي نصل إليها غالباً
12797,post,شركة شحن أثاث بالخبر,https://www.rukn-eltatawer.com/sa/furniture-shipping-khobar/,furniture-shipping-khobar,1714,0,23,32,2,58,0,2026-09-06,2026-09-10,925ddac2f12db196|n=12,boilerplate_overuse|intent_mismatch,عبارات قالبية متكررة: تجهيزاً مرتباً قبل انتقال أو موسم ذروة | لا نضع رقماً ثابتاً لا يمثّل عقارك | نوضّح ما سيدخل في النطاق وما لن يدخل | حسب الجدولة اليومية، ومن الأحياء التي نصل إليها غالباً || عنوان شحن بينما الأسئلة تفترض شقق وفلل
12137,post,شركة تركيب رخام وجرانيت بجدة,https://www.rukn-eltatawer.com/sa/marble-granite-jeddah/,marble-granite-jeddah,1787,0,23,32,2,58,0,2026-09-06,2026-09-10,1ee365b06d49e3a3|n=12,boilerplate_overuse,عبارات قالبية متكررة: تجهيزاً مرتباً قبل انتقال أو موسم ذروة | لا نضع رقماً ثابتاً لا يمثّل عقارك | نوضّح ما سيدخل في النطاق وما لن يدخل | حسب الجدولة اليومية، ومن الأحياء التي نصل إليها غالباً
12365,post,شركة زرع نخيل وأشجار بالخبر,https://www.rukn-eltatawer.com/sa/palm-tree-planting-khobar/,palm-tree-planting-khobar,1742,0,23,30,2,56,0,2026-09-06,2026-09-10,aa34b837eea2d037|n=12,boilerplate_overuse,عبارات قالبية متكررة: تجهيزاً مرتباً قبل انتقال أو موسم ذروة | لا نضع رقماً ثابتاً لا يمثّل عقارك | نوضّح ما سيدخل في النطاق وما لن يدخل | حسب الجدولة اليومية، ومن الأحياء التي نصل إليها غالباً
12129,post,شركة تركيب حجر طبيعي وصناعي بجدة,https://www.rukn-eltatawer.com/sa/stone-jeddah/,stone-jeddah,1829,0,23,32,2,58,0,2026-09-06,2026-09-10,3d4ce83e72bc7f82|n=12,boilerplate_overuse,عبارات قالبية متكررة: تجهيزاً مرتباً قبل انتقال أو موسم ذروة | لا نضع رقماً ثابتاً لا يمثّل عقارك | نوضّح ما سيدخل في النطاق وما لن يدخل | حسب الجدولة اليومية، ومن الأحياء التي نصل إليها غالباً
12309,post,شركة دهانات داخلية بالخبر,https://www.rukn-eltatawer.com/sa/interior-painting-khobar/,interior-painting-khobar,1733,0,23,31,2,57,0,2026-09-06,2026-09-10,65a993aaee50d324|n=12,boilerplate_overuse,عبارات قالبية متكررة: تجهيزاً مرتباً قبل انتقال أو موسم ذروة | لا نضع رقماً ثابتاً لا يمثّل عقارك | نوضّح ما سيدخل في النطاق وما لن يدخل | حسب الجدولة اليومية، ومن الأحياء التي نصل إليها غالباً
12157,post,شركة تركيب جبس بورد بالخبر,https://www.rukn-eltatawer.com/sa/gypsum-board-khobar/,gypsum-board-khobar,1772,0,23,31,2,57,0,2026-09-06,2026-09-10,4651038f291009f1|n=12,boilerplate_overuse,عبارات قالبية متكررة: تجهيزاً مرتباً قبل انتقال أو موسم ذروة | لا نضع رقماً ثابتاً لا يمثّل عقارك | نوضّح ما سيدخل في النطاق وما لن يدخل | حسب الجدولة اليومية، ومن الأحياء التي نصل إليها غالباً
12317,post,شركة دهانات خارجية بالخبر,https://www.rukn-eltatawer.com/sa/exterior-painting-khobar/,exterior-painting-khobar,1741,0,23,33,2,59,0,2026-09-06,2026-09-10,25928d5999a2d654|n=12,boilerplate_overuse,عبارات قالبية متكررة: تجهيزاً مرتباً قبل انتقال أو موسم ذروة | لا نضع رقماً ثابتاً لا يمثّل عقارك | نوضّح ما سيدخل في النطاق وما لن يدخل | حسب الجدولة اليومية، ومن الأحياء التي نصل إليها غالباً
12097,post,شركة تركيب بلاستر بجدة,https://www.rukn-eltatawer.com/sa/plastering-jeddah/,plastering-jeddah,1728,0,23,32,2,58,0,2026-09-06,2026-09-10,a0e6ffe5c63d52a0|n=12,boilerplate_overuse,عبارات قالبية متكررة: تجهيزاً مرتباً قبل انتقال أو موسم ذروة | لا نضع رقماً ثابتاً لا يمثّل عقارك | نوضّح ما سيدخل في النطاق وما لن يدخل | حسب الجدولة اليومية، ومن الأحياء التي نصل إليها غالباً
12869,post,شركة دهان واجهات خارجية بالخبر,https://www.rukn-eltatawer.com/sa/exterior-facade-painting-khobar/,exterior-facade-painting-khobar,1803,0,23,33,2,59,0,2026-09-06,2026-09-10,c9ef9bbc94007e70|n=12,boilerplate_overuse,عبارات قالبية متكررة: تجهيزاً مرتباً قبل انتقال أو موسم ذروة | لا نضع رقماً ثابتاً لا يمثّل عقارك | نوضّح ما سيدخل في النطاق وما لن يدخل | حسب الجدولة اليومية، ومن الأحياء التي نصل إليها غالباً
12417,post,شركة تركيب برجولات بجدة,https://www.rukn-eltatawer.com/sa/pergola-installation-jeddah/,pergola-installation-jeddah,1701,0,23,30,2,56,0,2026-09-06,2026-09-10,6a4d673e9ca44483|n=12,boilerplate_overuse,عبارات قالبية متكررة: تجهيزاً مرتباً قبل انتقال أو موسم ذروة | لا نضع رقماً ثابتاً لا يمثّل عقارك | نوضّح ما سيدخل في النطاق وما لن يدخل | حسب الجدولة اليومية، ومن الأحياء التي نصل إليها غالباً
12917,post,شركة دهان مكاتب وشركات بالخبر,https://www.rukn-eltatawer.com/sa/office-painting-khobar/,office-painting-khobar,1799,0,23,33,2,59,0,2026-09-06,2026-09-10,c72c9d0f3caadde3|n=12,boilerplate_overuse,عبارات قالبية متكررة: تجهيزاً مرتباً قبل انتقال أو موسم ذروة | لا نضع رقماً ثابتاً لا يمثّل عقارك | نوضّح ما سيدخل في النطاق وما لن يدخل | حسب الجدولة اليومية، ومن الأحياء التي نصل إليها غالباً
12117,post,شركة تركيب باركيه وأرضيات خشب بالخبر,https://www.rukn-eltatawer.com/sa/parquet-khobar/,parquet-khobar,1821,0,23,32,2,58,0,2026-09-06,2026-09-10,7f32b4a293be851d|n=12,boilerplate_overuse,عبارات قالبية متكررة: تجهيزاً مرتباً قبل انتقال أو موسم ذروة | لا نضع رقماً ثابتاً لا يمثّل عقارك | نوضّح ما سيدخل في النطاق وما لن يدخل | حسب الجدولة اليومية، ومن الأحياء التي نصل إليها غالباً
12861,post,شركة دهان فلل بالخبر,https://www.rukn-eltatawer.com/sa/villa-painting-khobar/,villa-painting-khobar,1719,0,23,31,2,57,0,2026-09-06,2026-09-10,bdca90ed4617220f|n=12,boilerplate_overuse,عبارات قالبية متكررة: تجهيزاً مرتباً قبل انتقال أو موسم ذروة | لا نضع رقماً ثابتاً لا يمثّل عقارك | نوضّح ما سيدخل في النطاق وما لن يدخل | حسب الجدولة اليومية، ومن الأحياء التي نصل إليها غالباً
12073,post,شركة تركيب انترلوك بجدة,https://www.rukn-eltatawer.com/sa/interlock-jeddah/,interlock-jeddah,1734,0,23,32,2,58,0,2026-09-06,2026-09-09,4b9bf3e6b6cb8e19|n=12,boilerplate_overuse,عبارات قالبية متكررة: تجهيزاً مرتباً قبل انتقال أو موسم ذروة | لا نضع رقماً ثابتاً لا يمثّل عقارك | نوضّح ما سيدخل في النطاق وما لن يدخل | حسب الجدولة اليومية، ومن الأحياء التي نصل إليها غالباً
12853,post,شركة دهان شقق بالخبر,https://www.rukn-eltatawer.com/sa/apartment-painting-khobar/,apartment-painting-khobar,1721,0,23,31,2,57,0,2026-09-06,2026-09-10,f8a6e0a4e53d8f8b|n=12,boilerplate_overuse,عبارات قالبية متكررة: تجهيزاً مرتباً قبل انتقال أو موسم ذروة | لا نضع رقماً ثابتاً لا يمثّل عقارك | نوضّح ما سيدخل في النطاق وما لن يدخل | حسب الجدولة اليومية، ومن الأحياء التي نصل إليها غالباً
12513,post,شركة تركيب أنظمة طاقة شمسية بجدة,https://www.rukn-eltatawer.com/sa/solar-systems-installation-jeddah/,solar-systems-installation-jeddah,1862,0,23,31,2,57,0,2026-09-06,2026-09-10,269d8d1a31a10e54|n=12,boilerplate_overuse,عبارات قالبية متكررة: تجهيزاً مرتباً قبل انتقال أو موسم ذروة | لا نضع رقماً ثابتاً لا يمثّل عقارك | نوضّح ما سيدخل في النطاق وما لن يدخل | حسب الجدولة اليومية، ومن الأحياء التي نصل إليها غالباً
12893,post,شركة دهان بويات عالية الجودة بالخبر,https://www.rukn-eltatawer.com/sa/premium-paint-finishing-khobar/,premium-paint-finishing-khobar,1885,0,23,33,2,59,0,2026-09-06,2026-09-10,184f0283fb07ffed|n=12,boilerplate_overuse,عبارات قالبية متكررة: تجهيزاً مرتباً قبل انتقال أو موسم ذروة | لا نضع رقماً ثابتاً لا يمثّل عقارك | نوضّح ما سيدخل في النطاق وما لن يدخل | حسب الجدولة اليومية، ومن الأحياء التي نصل إليها غالباً
12185,post,شركة تركيب أسقف مستعارة بجدة,https://www.rukn-eltatawer.com/sa/suspended-ceiling-jeddah/,suspended-ceiling-jeddah,1788,0,23,31,2,57,0,2026-09-06,2026-09-10,0cb35a73cd4a08aa|n=12,boilerplate_overuse,عبارات قالبية متكررة: تجهيزاً مرتباً قبل انتقال أو موسم ذروة | لا نضع رقماً ثابتاً لا يمثّل عقارك | نوضّح ما سيدخل في النطاق وما لن يدخل | حسب الجدولة اليومية، ومن الأحياء التي نصل إليها غالباً
12949,post,شركة دهان أبواب وشبابيك خشبية بالخبر,https://www.rukn-eltatawer.com/sa/wood-doors-windows-painting-khobar/,wood-doors-windows-painting-khobar,1865,0,23,33,2,59,0,2026-09-06,2026-09-10,09215411d38218df|n=12,boilerplate_overuse,عبارات قالبية متكررة: تجهيزاً مرتباً قبل انتقال أو موسم ذروة | لا نضع رقماً ثابتاً لا يمثّل عقارك | نوضّح ما سيدخل في النطاق وما لن يدخل | حسب الجدولة اليومية، ومن الأحياء التي نصل إليها غالباً
12165,post,شركة تركيب أسقف جبسية / فورسيلنج بالخبر,https://www.rukn-eltatawer.com/sa/false-ceiling-khobar/,false-ceiling-khobar,1867,0,23,33,2,59,0,2026-09-06,2026-09-10,bddb7f83488ae317|n=12,boilerplate_overuse,عبارات قالبية متكررة: تجهيزاً مرتباً قبل انتقال أو موسم ذروة | لا نضع رقماً ثابتاً لا يمثّل عقارك | نوضّح ما سيدخل في النطاق وما لن يدخل | حسب الجدولة اليومية، ومن الأحياء التي نصل إليها غالباً
12121,post,شركة تركيب أرضيات فينيل بجدة,https://www.rukn-eltatawer.com/sa/vinyl-flooring-jeddah/,vinyl-flooring-jeddah,1779,0,23,32,2,58,0,2026-09-06,2026-09-10,2a0765d0a788a44d|n=12,boilerplate_overuse,عبارات قالبية متكررة: تجهيزاً مرتباً قبل انتقال أو موسم ذروة | لا نضع رقماً ثابتاً لا يمثّل عقارك | نوضّح ما سيدخل في النطاق وما لن يدخل | حسب الجدولة اليومية، ومن الأحياء التي نصل إليها غالباً
11010,post,شركة تنظيف وصيانة دكتات المكيفات بالخبر,https://www.rukn-eltatawer.com/sa/duct-cleaning-khobar/,duct-cleaning-khobar,1840,0,23,31,2,57,0,2026-09-06,2026-09-10,1df1a18ebe7d5d42|n=12,boilerplate_overuse|intent_mismatch,عبارات قالبية متكررة: تجهيزاً مرتباً قبل انتقال أو موسم ذروة | لا نضع رقماً ثابتاً لا يمثّل عقارك | نوضّح ما سيدخل في النطاق وما لن يدخل | حسب الجدولة اليومية، ومن الأحياء التي نصل إليها غالباً || عنوان عن تكييف بينما النص/الأسئلة تتحدث عن تنظيف منازل أو رخام وخشب
13033,post,شركة تركيب أدوات صحية بجدة,https://www.rukn-eltatawer.com/sa/sanitary-fixtures-installation-jeddah/,sanitary-fixtures-installation-jeddah,1804,0,23,33,2,59,0,2026-09-06,2026-09-10,3b6059f15d6c3114|n=12,boilerplate_overuse,عبارات قالبية متكررة: تجهيزاً مرتباً قبل انتقال أو موسم ذروة | لا نضع رقماً ثابتاً لا يمثّل عقارك | نوضّح ما سيدخل في النطاق وما لن يدخل | حسب الجدولة اليومية، ومن الأحياء التي نصل إليها غالباً
11006,post,شركة تنظيف واجهات زجاجية بالخبر,https://www.rukn-eltatawer.com/sa/glass-facade-cleaning-khobar/,glass-facade-cleaning-khobar,1776,0,23,32,2,58,0,2026-09-06,2026-09-10,8ae09d7e0ac6cb6e|n=12,boilerplate_overuse,عبارات قالبية متكررة: تجهيزاً مرتباً قبل انتقال أو موسم ذروة | لا نضع رقماً ثابتاً لا يمثّل عقارك | نوضّح ما سيدخل في النطاق وما لن يدخل | حسب الجدولة اليومية، ومن الأحياء التي نصل إليها غالباً
12657,post,شركة تركيب أجهزة صوتية لطرد الطيور بجدة,https://www.rukn-eltatawer.com/sa/bird-sound-device-jeddah/,bird-sound-device-jeddah,1923,0,23,30,2,56,0,2026-09-06,2026-09-10,6307199134bccc80|n=12,boilerplate_overuse,عبارات قالبية متكررة: تجهيزاً مرتباً قبل انتقال أو موسم ذروة | لا نضع رقماً ثابتاً لا يمثّل عقارك | نوضّح ما سيدخل في النطاق وما لن يدخل | حسب الجدولة اليومية، ومن الأحياء التي نصل إليها غالباً
11007,post,شركة تنظيف واجهات حجرية بالخبر,https://www.rukn-eltatawer.com/sa/stone-facade-cleaning-khobar/,stone-facade-cleaning-khobar,1759,0,23,30,2,56,0,2026-09-06,2026-09-10,aa34b837eea2d037|n=12,boilerplate_overuse,عبارات قالبية متكررة: تجهيزاً مرتباً قبل انتقال أو موسم ذروة | لا نضع رقماً ثابتاً لا يمثّل عقارك | نوضّح ما سيدخل في النطاق وما لن يدخل | حسب الجدولة اليومية، ومن الأحياء التي نصل إليها غالباً
12217,post,شركة تركيب أبواب بجدة,https://www.rukn-eltatawer.com/sa/doors-installation-jeddah/,doors-installation-jeddah,1735,0,23,32,2,58,0,2026-09-06,2026-09-10,6208b6398992ff6a|n=12,boilerplate_overuse,عبارات قالبية متكررة: تجهيزاً مرتباً قبل انتقال أو موسم ذروة | لا نضع رقماً ثابتاً لا يمثّل عقارك | نوضّح ما سيدخل في النطاق وما لن يدخل | حسب الجدولة اليومية، ومن الأحياء التي نصل إليها غالباً
11001,post,شركة تنظيف موكيت بالخبر,https://www.rukn-eltatawer.com/sa/moquette-cleaning-khobar/,moquette-cleaning-khobar,1719,0,23,31,2,57,0,2026-09-06,2026-09-10,98b13f7a6e347af8|n=12,boilerplate_overuse,عبارات قالبية متكررة: تجهيزاً مرتباً قبل انتقال أو موسم ذروة | لا نضع رقماً ثابتاً لا يمثّل عقارك | نوضّح ما سيدخل في النطاق وما لن يدخل | حسب الجدولة اليومية، ومن الأحياء التي نصل إليها غالباً
12505,post,شركة تخزين أثاث بجدة,https://www.rukn-eltatawer.com/sa/furniture-storage-jeddah/,furniture-storage-jeddah,1730,0,23,31,2,57,0,2026-09-06,2026-09-10,7e2014fad34892dc|n=12,boilerplate_overuse,عبارات قالبية متكررة: تجهيزاً مرتباً قبل انتقال أو موسم ذروة | لا نضع رقماً ثابتاً لا يمثّل عقارك | نوضّح ما سيدخل في النطاق وما لن يدخل | حسب الجدولة اليومية، ومن الأحياء التي نصل إليها غالباً
10990,post,شركة تنظيف مكاتب بالخبر,https://www.rukn-eltatawer.com/sa/office-cleaning-khobar/,office-cleaning-khobar,1725,0,23,31,2,57,0,2026-09-06,2026-09-10,73e65f1aa3e1fa00|n=12,boilerplate_overuse,عبارات قالبية متكررة: تجهيزاً مرتباً قبل انتقال أو موسم ذروة | لا نضع رقماً ثابتاً لا يمثّل عقارك | نوضّح ما سيدخل في النطاق وما لن يدخل | حسب الجدولة اليومية، ومن الأحياء التي نصل إليها غالباً
11360,post,شركة تبطين وصيانة خزانات مياه بجدة,https://www.rukn-eltatawer.com/sa/tank-lining-maintenance-jeddah/,tank-lining-maintenance-jeddah,1898,0,23,31,2,57,0,2026-09-06,2026-09-10,d61b30e41f3eec44|n=12,boilerplate_overuse,عبارات قالبية متكررة: تجهيزاً مرتباً قبل انتقال أو موسم ذروة | لا نضع رقماً ثابتاً لا يمثّل عقارك | نوضّح ما سيدخل في النطاق وما لن يدخل | حسب الجدولة اليومية، ومن الأحياء التي نصل إليها غالباً
10996,post,شركة تنظيف مطابخ بالخبر,https://www.rukn-eltatawer.com/sa/kitchen-cleaning-khobar/,kitchen-cleaning-khobar,1731,0,23,33,2,59,0,2026-09-06,2026-09-10,70845f35da023ac9|n=12,boilerplate_overuse,عبارات قالبية متكررة: تجهيزاً مرتباً قبل انتقال أو موسم ذروة | لا نضع رقماً ثابتاً لا يمثّل عقارك | نوضّح ما سيدخل في النطاق وما لن يدخل | حسب الجدولة اليومية، ومن الأحياء التي نصل إليها غالباً
12257,post,شركة بناء ملاحق بجدة,https://www.rukn-eltatawer.com/sa/annex-building-jeddah/,annex-building-jeddah,1716,0,23,30,2,56,0,2026-09-06,2026-09-10,766ab14ecc9247e0|n=12,boilerplate_overuse,عبارات قالبية متكررة: تجهيزاً مرتباً قبل انتقال أو موسم ذروة | لا نضع رقماً ثابتاً لا يمثّل عقارك | نوضّح ما سيدخل في النطاق وما لن يدخل | حسب الجدولة اليومية، ومن الأحياء التي نصل إليها غالباً
10993,post,شركة تنظيف مستشفيات وعيادات بالخبر,https://www.rukn-eltatawer.com/sa/hospital-clinic-cleaning-khobar/,hospital-clinic-cleaning-khobar,1777,0,23,31,2,57,0,2026-09-06,2026-09-10,a03545b5736ea391|n=12,boilerplate_overuse,عبارات قالبية متكررة: تجهيزاً مرتباً قبل انتقال أو موسم ذروة | لا نضع رقماً ثابتاً لا يمثّل عقارك | نوضّح ما سيدخل في النطاق وما لن يدخل | حسب الجدولة اليومية، ومن الأحياء التي نصل إليها غالباً
12281,post,شركة بناء مطابخ خارجية بجدة,https://www.rukn-eltatawer.com/sa/outdoor-kitchens-jeddah/,outdoor-kitchens-jeddah,1766,0,23,31,2,57,0,2026-09-06,2026-09-10,2157b753c8ac4d1f|n=12,boilerplate_overuse,عبارات قالبية متكررة: تجهيزاً مرتباً قبل انتقال أو موسم ذروة | لا نضع رقماً ثابتاً لا يمثّل عقارك | نوضّح ما سيدخل في النطاق وما لن يدخل | حسب الجدولة اليومية، ومن الأحياء التي نصل إليها غالباً
11004,post,شركة تنظيف مراتب بالخبر,https://www.rukn-eltatawer.com/sa/mattress-cleaning-khobar/,mattress-cleaning-khobar,1733,0,23,33,2,59,0,2026-09-06,2026-09-10,4f81f12e4d295d86|n=12,boilerplate_overuse,عبارات قالبية متكررة: تجهيزاً مرتباً قبل انتقال أو موسم ذروة | لا نضع رقماً ثابتاً لا يمثّل عقارك | نوضّح ما سيدخل في النطاق وما لن يدخل | حسب الجدولة اليومية، ومن الأحياء التي نصل إليها غالباً
12289,post,شركة بناء مجالس خارجية بجدة,https://www.rukn-eltatawer.com/sa/outdoor-majlis-jeddah/,outdoor-majlis-jeddah,1764,0,23,32,2,58,0,2026-09-06,2026-09-10,b68e8cddaeed9f9e|n=12,boilerplate_overuse,عبارات قالبية متكررة: تجهيزاً مرتباً قبل انتقال أو موسم ذروة | لا نضع رقماً ثابتاً لا يمثّل عقارك | نوضّح ما سيدخل في النطاق وما لن يدخل | حسب الجدولة اليومية، ومن الأحياء التي نصل إليها غالباً
10992,post,شركة تنظيف مدارس وحضانات بالخبر,https://www.rukn-eltatawer.com/sa/school-nursery-cleaning-khobar/,school-nursery-cleaning-khobar,1790,0,23,33,2,59,0,2026-09-06,2026-09-10,04145549da01d869|n=12,boilerplate_overuse,عبارات قالبية متكررة: تجهيزاً مرتباً قبل انتقال أو موسم ذروة | لا نضع رقماً ثابتاً لا يمثّل عقارك | نوضّح ما سيدخل في النطاق وما لن يدخل | حسب الجدولة اليومية، ومن الأحياء التي نصل إليها غالباً
12273,post,شركة بناء حمامات خارجية بجدة,https://www.rukn-eltatawer.com/sa/outdoor-bathrooms-jeddah/,outdoor-bathrooms-jeddah,1792,0,23,30,2,56,0,2026-09-06,2026-09-10,753665909704ac7b|n=12,boilerplate_overuse,عبارات قالبية متكررة: تجهيزاً مرتباً قبل انتقال أو موسم ذروة | لا نضع رقماً ثابتاً لا يمثّل عقارك | نوضّح ما سيدخل في النطاق وما لن يدخل | حسب الجدولة اليومية، ومن الأحياء التي نصل إليها غالباً
10994,post,شركة تنظيف محلات تجارية ومولات بالخبر,https://www.rukn-eltatawer.com/sa/mall-cleaning-khobar/,mall-cleaning-khobar,1865,0,23,31,2,57,0,2026-09-06,2026-09-10,defa10f7ac6cec8b|n=12,boilerplate_overuse,عبارات قالبية متكررة: تجهيزاً مرتباً قبل انتقال أو موسم ذروة | لا نضع رقماً ثابتاً لا يمثّل عقارك | نوضّح ما سيدخل في النطاق وما لن يدخل | حسب الجدولة اليومية، ومن الأحياء التي نصل إليها غالباً
12265,post,شركة بناء استراحات بجدة,https://www.rukn-eltatawer.com/sa/majlis-building-jeddah/,majlis-building-jeddah,1747,0,23,32,2,58,0,2026-09-06,2026-09-10,27e5459bd43f6326|n=12,boilerplate_overuse,عبارات قالبية متكررة: تجهيزاً مرتباً قبل انتقال أو موسم ذروة | لا نضع رقماً ثابتاً لا يمثّل عقارك | نوضّح ما سيدخل في النطاق وما لن يدخل | حسب الجدولة اليومية، ومن الأحياء التي نصل إليها غالباً
10991,post,شركة تنظيف مجالس بالخبر,https://www.rukn-eltatawer.com/sa/majlis-cleaning-khobar/,majlis-cleaning-khobar,1670,0,23,30,2,56,0,2026-09-06,2026-09-10,aa34b837eea2d037|n=12,boilerplate_overuse,عبارات قالبية متكررة: تجهيزاً مرتباً قبل انتقال أو موسم ذروة | لا نضع رقماً ثابتاً لا يمثّل عقارك | نوضّح ما سيدخل في النطاق وما لن يدخل | حسب الجدولة اليومية، ومن الأحياء التي نصل إليها غالباً
12297,post,شركة بناء أسوار طابوق بجدة,https://www.rukn-eltatawer.com/sa/block-fences-jeddah/,block-fences-jeddah,1785,0,23,30,2,56,0,2026-09-06,2026-09-10,635f702ecc170d3a|n=12,boilerplate_overuse,عبارات قالبية متكررة: تجهيزاً مرتباً قبل انتقال أو موسم ذروة | لا نضع رقماً ثابتاً لا يمثّل عقارك | نوضّح ما سيدخل في النطاق وما لن يدخل | حسب الجدولة اليومية، ومن الأحياء التي نصل إليها غالباً
11008,post,شركة تنظيف كراجات ومواقف سيارات بالخبر,https://www.rukn-eltatawer.com/sa/garage-cleaning-khobar/,garage-cleaning-khobar,1874,0,23,33,2,59,0,2026-09-06,2026-09-10,e930672930e6183b|n=12,boilerplate_overuse,عبارات قالبية متكررة: تجهيزاً مرتباً قبل انتقال أو موسم ذروة | لا نضع رقماً ثابتاً لا يمثّل عقارك | نوضّح ما سيدخل في النطاق وما لن يدخل | حسب الجدولة اليومية، ومن الأحياء التي نصل إليها غالباً
12433,post,شركة إنشاء ممرات حجرية بجدة,https://www.rukn-eltatawer.com/sa/stone-pathway-jeddah/,stone-pathway-jeddah,1752,0,23,30,2,56,0,2026-09-06,2026-09-10,1ae530be539963c0|n=12,boilerplate_overuse,عبارات قالبية متكررة: تجهيزاً مرتباً قبل انتقال أو موسم ذروة | لا نضع رقماً ثابتاً لا يمثّل عقارك | نوضّح ما سيدخل في النطاق وما لن يدخل | حسب الجدولة اليومية، ومن الأحياء التي نصل إليها غالباً
10989,post,شركة تنظيف قصور بالخبر,https://www.rukn-eltatawer.com/sa/palace-cleaning-khobar/,palace-cleaning-khobar,1732,0,23,31,2,57,0,2026-09-06,2026-09-10,11d40329d5f2ec7c|n=12,boilerplate_overuse,عبارات قالبية متكررة: تجهيزاً مرتباً قبل انتقال أو موسم ذروة | لا نضع رقماً ثابتاً لا يمثّل عقارك | نوضّح ما سيدخل في النطاق وما لن يدخل | حسب الجدولة اليومية، ومن الأحياء التي نصل إليها غالباً
12415,post,شركة إنشاء جلسات حدائق بأبها,https://www.rukn-eltatawer.com/sa/garden-seating-abha/,garden-seating-abha,1766,0,23,30,2,56,0,2026-09-06,2026-09-10,c3688ec9e4c84644|n=12,boilerplate_overuse,عبارات قالبية متكررة: تجهيزاً مرتباً قبل انتقال أو موسم ذروة | لا نضع رقماً ثابتاً لا يمثّل عقارك | نوضّح ما سيدخل في النطاق وما لن يدخل | حسب الجدولة اليومية، ومن الأحياء التي نصل إليها غالباً
11003,post,شركة تنظيف ستائر بالخبر,https://www.rukn-eltatawer.com/sa/curtain-cleaning-khobar/,curtain-cleaning-khobar,1717,0,23,31,2,57,0,2026-09-06,2026-09-10,bef3c3c236d6d63c|n=12,boilerplate_overuse,عبارات قالبية متكررة: تجهيزاً مرتباً قبل انتقال أو موسم ذروة | لا نضع رقماً ثابتاً لا يمثّل عقارك | نوضّح ما سيدخل في النطاق وما لن يدخل | حسب الجدولة اليومية، ومن الأحياء التي نصل إليها غالباً
12049,post,شركة إصلاح تشققات الأسقف والجدران بجدة,https://www.rukn-eltatawer.com/sa/crack-repair-jeddah/,crack-repair-jeddah,1858,0,23,30,2,56,0,2026-09-06,2026-09-10,b36528027945df1f|n=12,boilerplate_overuse,عبارات قالبية متكررة: تجهيزاً مرتباً قبل انتقال أو موسم ذروة | لا نضع رقماً ثابتاً لا يمثّل عقارك | نوضّح ما سيدخل في النطاق وما لن يدخل | حسب الجدولة اليومية، ومن الأحياء التي نصل إليها غالباً
10998,post,شركة تنظيف خزانات مياه بالخبر,https://www.rukn-eltatawer.com/sa/water-tank-cleaning-khobar/,water-tank-cleaning-khobar,1805,0,23,31,2,57,0,2026-09-06,2026-09-10,5fc58ec2998ae07c|n=12,boilerplate_overuse,عبارات قالبية متكررة: تجهيزاً مرتباً قبل انتقال أو موسم ذروة | لا نضع رقماً ثابتاً لا يمثّل عقارك | نوضّح ما سيدخل في النطاق وما لن يدخل | حسب الجدولة اليومية، ومن الأحياء التي نصل إليها غالباً
12921,post,شركة إزالة دهان قديم وتحضير أسطح بجدة,https://www.rukn-eltatawer.com/sa/paint-removal-surface-prep-jeddah/,paint-removal-surface-prep-jeddah,1944,0,23,31,2,57,0,2026-09-06,2026-09-10,03204377b80bfca1|n=12,boilerplate_overuse,عبارات قالبية متكررة: تجهيزاً مرتباً قبل انتقال أو موسم ذروة | لا نضع رقماً ثابتاً لا يمثّل عقارك | نوضّح ما سيدخل في النطاق وما لن يدخل | حسب الجدولة اليومية، ومن الأحياء التي نصل إليها غالباً
10999,post,شركة تنظيف خزانات ديزل بالخبر,https://www.rukn-eltatawer.com/sa/diesel-tank-cleaning-khobar/,diesel-tank-cleaning-khobar,1818,0,23,31,2,57,0,2026-09-06,2026-09-10,41815ed984ee41a0|n=12,boilerplate_overuse,عبارات قالبية متكررة: تجهيزاً مرتباً قبل انتقال أو موسم ذروة | لا نضع رقماً ثابتاً لا يمثّل عقارك | نوضّح ما سيدخل في النطاق وما لن يدخل | حسب الجدولة اليومية، ومن الأحياء التي نصل إليها غالباً
12704,post,نجار أثاث بالرياض,https://www.rukn-eltatawer.com/sa/carpenter-riyadh/,carpenter-riyadh,1728,0,23,32,2,58,0,2026-09-06,2026-09-10,878c41b71f264d70|n=12,boilerplate_overuse,عبارات قالبية متكررة: تجهيزاً مرتباً قبل انتقال أو موسم ذروة | لا نضع رقماً ثابتاً لا يمثّل عقارك | نوضّح ما سيدخل في النطاق وما لن يدخل | حسب الجدولة اليومية، ومن الأحياء التي نصل إليها غالباً
10997,post,شركة تنظيف حمامات بالخبر,https://www.rukn-eltatawer.com/sa/bathroom-cleaning-khobar/,bathroom-cleaning-khobar,1724,0,23,31,2,57,0,2026-09-06,2026-09-10,ad1bf611597c5131|n=12,boilerplate_overuse,عبارات قالبية متكررة: تجهيزاً مرتباً قبل انتقال أو موسم ذروة | لا نضع رقماً ثابتاً لا يمثّل عقارك | نوضّح ما سيدخل في النطاق وما لن يدخل | حسب الجدولة اليومية، ومن الأحياء التي نصل إليها غالباً
12731,post,فني جبس بورد بالمدينة المنورة,https://www.rukn-eltatawer.com/sa/gypsum-tech-medina/,gypsum-tech-medina,1826,0,23,33,2,59,0,2026-09-06,2026-09-10,afdb210b91cb28ea|n=12,boilerplate_overuse,عبارات قالبية متكررة: تجهيزاً مرتباً قبل انتقال أو موسم ذروة | لا نضع رقماً ثابتاً لا يمثّل عقارك | نوضّح ما سيدخل في النطاق وما لن يدخل | حسب الجدولة اليومية، ومن الأحياء التي نصل إليها غالباً
11011,post,شركة تنظيف المداخن والشفاطات بالخبر,https://www.rukn-eltatawer.com/sa/chimney-cleaning-khobar/,chimney-cleaning-khobar,1794,0,23,33,2,59,0,2026-09-06,2026-09-10,7a01197277454d20|n=12,boilerplate_overuse,عبارات قالبية متكررة: تجهيزاً مرتباً قبل انتقال أو موسم ذروة | لا نضع رقماً ثابتاً لا يمثّل عقارك | نوضّح ما سيدخل في النطاق وما لن يدخل | حسب الجدولة اليومية، ومن الأحياء التي نصل إليها غالباً
12765,post,فني تركيب كاميرات مراقبة بالخبر,https://www.rukn-eltatawer.com/sa/cctv-tech-khobar/,cctv-tech-khobar,1775,0,23,32,2,58,0,2026-09-06,2026-09-10,04145549da01d869|n=12,boilerplate_overuse,عبارات قالبية متكررة: تجهيزاً مرتباً قبل انتقال أو موسم ذروة | لا نضع رقماً ثابتاً لا يمثّل عقارك | نوضّح ما سيدخل في النطاق وما لن يدخل | حسب الجدولة اليومية، ومن الأحياء التي نصل إليها غالباً
12493,post,شركة تغليف أثاث احترافي بالخبر,https://www.rukn-eltatawer.com/sa/furniture-packaging-khobar/,furniture-packaging-khobar,1775,0,23,31,2,57,0,2026-09-06,2026-09-10,932e1287cb4c8a99|n=12,boilerplate_overuse,عبارات قالبية متكررة: تجهيزاً مرتباً قبل انتقال أو موسم ذروة | لا نضع رقماً ثابتاً لا يمثّل عقارك | نوضّح ما سيدخل في النطاق وما لن يدخل | حسب الجدولة اليومية، ومن الأحياء التي نصل إليها غالباً
12909,post,شركة تشطيب ودهان فلل جديدة بالخبر,https://www.rukn-eltatawer.com/sa/new-villa-finishing-painting-khobar/,new-villa-finishing-painting-khobar,1885,0,23,33,2,59,0,2026-09-06,2026-09-10,03da3ab53c22bbc1|n=12,boilerplate_overuse,عبارات قالبية متكررة: تجهيزاً مرتباً قبل انتقال أو موسم ذروة | لا نضع رقماً ثابتاً لا يمثّل عقارك | نوضّح ما سيدخل في النطاق وما لن يدخل | حسب الجدولة اليومية، ومن الأحياء التي نصل إليها غالباً
12736,post,فني تركيب دش بالرياض,https://www.rukn-eltatawer.com/sa/sat-dish-tech-riyadh/,sat-dish-tech-riyadh,1699,0,23,30,2,56,0,2026-09-06,2026-09-10,dcf12fddf912fb8d|n=12,boilerplate_overuse,عبارات قالبية متكررة: تجهيزاً مرتباً قبل انتقال أو موسم ذروة | لا نضع رقماً ثابتاً لا يمثّل عقارك | نوضّح ما سيدخل في النطاق وما لن يدخل | حسب الجدولة اليومية، ومن الأحياء التي نصل إليها غالباً
12744,post,فني تركيب أقمار صناعية بالرياض,https://www.rukn-eltatawer.com/sa/satellite-tech-riyadh/,satellite-tech-riyadh,1776,0,23,30,2,56,0,2026-09-06,2026-09-09,86189aa8071fd909|n=12,boilerplate_overuse,عبارات قالبية متكررة: تجهيزاً مرتباً قبل انتقال أو موسم ذروة | لا نضع رقماً ثابتاً لا يمثّل عقارك | نوضّح ما سيدخل في النطاق وما لن يدخل | حسب الجدولة اليومية، ومن الأحياء التي نصل إليها غالباً
12029,post,شركة ترميم وصيانة مباني بالخبر,https://www.rukn-eltatawer.com/sa/building-renovation-khobar/,building-renovation-khobar,1771,0,23,33,2,59,0,2026-09-06,2026-09-09,c06c8b1707bf7e2f|n=12,boilerplate_overuse,عبارات قالبية متكررة: تجهيزاً مرتباً قبل انتقال أو موسم ذروة | لا نضع رقماً ثابتاً لا يمثّل عقارك | نوضّح ما سيدخل في النطاق وما لن يدخل | حسب الجدولة اليومية، ومن الأحياء التي نصل إليها غالباً
12768,post,فني أنظمة صوت منزلية بالرياض,https://www.rukn-eltatawer.com/sa/home-audio-tech-riyadh/,home-audio-tech-riyadh,1769,0,23,30,2,56,0,2026-09-06,2026-09-09,c9e7620a8d6e485c|n=12,boilerplate_overuse,عبارات قالبية متكررة: تجهيزاً مرتباً قبل انتقال أو موسم ذروة | لا نضع رقماً ثابتاً لا يمثّل عقارك | نوضّح ما سيدخل في النطاق وما لن يدخل | حسب الجدولة اليومية، ومن الأحياء التي نصل إليها غالباً
12037,post,شركة ترميم منازل قديمة بالخبر,https://www.rukn-eltatawer.com/sa/old-house-renovation-khobar/,old-house-renovation-khobar,1777,0,23,33,2,59,0,2026-09-06,2026-09-10,05be18fad1e46574|n=12,boilerplate_overuse,عبارات قالبية متكررة: تجهيزاً مرتباً قبل انتقال أو موسم ذروة | لا نضع رقماً ثابتاً لا يمثّل عقارك | نوضّح ما سيدخل في النطاق وما لن يدخل | حسب الجدولة اليومية، ومن الأحياء التي نصل إليها غالباً
12720,post,عامل دهانات بالرياض,https://www.rukn-eltatawer.com/sa/painter-riyadh/,painter-riyadh,1772,0,23,33,2,59,0,2026-09-06,2026-09-09,5c69fa581e64941e|n=12,boilerplate_overuse,عبارات قالبية متكررة: تجهيزاً مرتباً قبل انتقال أو موسم ذروة | لا نضع رقماً ثابتاً لا يمثّل عقارك | نوضّح ما سيدخل في النطاق وما لن يدخل | حسب الجدولة اليومية، ومن الأحياء التي نصل إليها غالباً
12021,post,شركة ترميم مطابخ بالخبر,https://www.rukn-eltatawer.com/sa/kitchen-renovation-khobar/,kitchen-renovation-khobar,1709,0,23,33,2,59,0,2026-09-06,2026-09-10,04145549da01d869|n=12,boilerplate_overuse,عبارات قالبية متكررة: تجهيزاً مرتباً قبل انتقال أو موسم ذروة | لا نضع رقماً ثابتاً لا يمثّل عقارك | نوضّح ما سيدخل في النطاق وما لن يدخل | حسب الجدولة اليومية، ومن الأحياء التي نصل إليها غالباً
12358,post,شركة قص عشب طبيعي بالطائف,https://www.rukn-eltatawer.com/sa/natural-grass-cutting-taif/,natural-grass-cutting-taif,1778,0,23,30,2,56,0,2026-09-06,2026-09-10,21243a95cd5f3b1b|n=12,boilerplate_overuse,عبارات قالبية متكررة: تجهيزاً مرتباً قبل انتقال أو موسم ذروة | لا نضع رقماً ثابتاً لا يمثّل عقارك | نوضّح ما سيدخل في النطاق وما لن يدخل | حسب الجدولة اليومية، ومن الأحياء التي نصل إليها غالباً
12013,post,شركة ترميم حمامات بالخبر,https://www.rukn-eltatawer.com/sa/bathroom-renovation-khobar/,bathroom-renovation-khobar,1696,0,23,31,2,57,0,2026-09-06,2026-09-09,6ac0e24b933c711a|n=12,boilerplate_overuse,عبارات قالبية متكررة: تجهيزاً مرتباً قبل انتقال أو موسم ذروة | لا نضع رقماً ثابتاً لا يمثّل عقارك | نوضّح ما سيدخل في النطاق وما لن يدخل | حسب الجدولة اليومية، ومن الأحياء التي نصل إليها غالباً
12501,post,شركة تركيب وفك الأثاث بالخبر,https://www.rukn-eltatawer.com/sa/furniture-assembly-khobar/,furniture-assembly-khobar,1787,0,23,31,2,57,0,2026-09-06,2026-09-09,26c3a81541b13064|n=12,boilerplate_overuse,عبارات قالبية متكررة: تجهيزاً مرتباً قبل انتقال أو موسم ذروة | لا نضع رقماً ثابتاً لا يمثّل عقارك | نوضّح ما سيدخل في النطاق وما لن يدخل | حسب الجدولة اليومية، ومن الأحياء التي نصل إليها غالباً
11319,post,شركة صيانة مسابح بأبها,https://www.rukn-eltatawer.com/sa/pool-maintenance-abha/,pool-maintenance-abha,1723,0,23,33,2,59,0,2026-09-06,2026-09-09,8c7044fe2de3a786|n=12,boilerplate_overuse,عبارات قالبية متكررة: تجهيزاً مرتباً قبل انتقال أو موسم ذروة | لا نضع رقماً ثابتاً لا يمثّل عقارك | نوضّح ما سيدخل في النطاق وما لن يدخل | حسب الجدولة اليومية، ومن الأحياء التي نصل إليها غالباً
12884,post,شركة ديكورات جبس بورد بالدمام,https://www.rukn-eltatawer.com/sa/gypsum-board-decor-dammam/,gypsum-board-decor-dammam,1797,0,23,31,2,57,0,2026-09-06,2026-09-09,a44d5200259a5810|n=12,boilerplate_overuse,عبارات قالبية متكررة: تجهيزاً مرتباً قبل انتقال أو موسم ذروة | لا نضع رقماً ثابتاً لا يمثّل عقارك | نوضّح ما سيدخل في النطاق وما لن يدخل | حسب الجدولة اليومية، ومن الأحياء التي نصل إليها غالباً
11283,post,شركة تركيب وصيانة محطات تحلية المياه بالخبر,https://www.rukn-eltatawer.com/sa/ro-plants-khobar/,ro-plants-khobar,1916,0,23,33,2,59,0,2026-09-06,2026-09-09,75e618560f861092|n=12,boilerplate_overuse,عبارات قالبية متكررة: تجهيزاً مرتباً قبل انتقال أو موسم ذروة | لا نضع رقماً ثابتاً لا يمثّل عقارك | نوضّح ما سيدخل في النطاق وما لن يدخل | حسب الجدولة اليومية، ومن الأحياء التي نصل إليها غالباً
12940,post,شركة دهانات ديكورية وتأثيرات جدارية بالدمام,https://www.rukn-eltatawer.com/sa/decorative-wall-effects-dammam/,decorative-wall-effects-dammam,1856,0,23,31,2,57,0,2026-09-06,2026-09-10,a5ec4f243b7c2849|n=12,boilerplate_overuse,عبارات قالبية متكررة: تجهيزاً مرتباً قبل انتقال أو موسم ذروة | لا نضع رقماً ثابتاً لا يمثّل عقارك | نوضّح ما سيدخل في النطاق وما لن يدخل | حسب الجدولة اليومية، ومن الأحياء التي نصل إليها غالباً
11284,post,شركة تركيب وصيانة فلاتر مياه بالخبر,https://www.rukn-eltatawer.com/sa/water-filters-khobar/,water-filters-khobar,1830,0,23,31,2,57,0,2026-09-06,2026-09-09,076a02d462306cc3|n=12,boilerplate_overuse,عبارات قالبية متكررة: تجهيزاً مرتباً قبل انتقال أو موسم ذروة | لا نضع رقماً ثابتاً لا يمثّل عقارك | نوضّح ما سيدخل في النطاق وما لن يدخل | حسب الجدولة اليومية، ومن الأحياء التي نصل إليها غالباً
12374,post,شركة تنظيف وتزيين الحدائق بالطائف,https://www.rukn-eltatawer.com/sa/garden-cleaning-taif/,garden-cleaning-taif,1791,0,23,31,2,57,0,2026-09-06,2026-09-10,6e0b2ab7a278fb94|n=12,boilerplate_overuse,عبارات قالبية متكررة: تجهيزاً مرتباً قبل انتقال أو موسم ذروة | لا نضع رقماً ثابتاً لا يمثّل عقارك | نوضّح ما سيدخل في النطاق وما لن يدخل | حسب الجدولة اليومية، ومن الأحياء التي نصل إليها غالباً
11281,post,شركة تركيب وصيانة شفاطات مطابخ بالخبر,https://www.rukn-eltatawer.com/sa/kitchen-hoods-khobar/,kitchen-hoods-khobar,1833,0,23,33,2,59,0,2026-09-06,2026-09-10,d6e09903f8f2f84e|n=12,boilerplate_overuse,عبارات قالبية متكررة: تجهيزاً مرتباً قبل انتقال أو موسم ذروة | لا نضع رقماً ثابتاً لا يمثّل عقارك | نوضّح ما سيدخل في النطاق وما لن يدخل | حسب الجدولة اليومية، ومن الأحياء التي نصل إليها غالباً
11286,post,شركة تركيب وصيانة أنظمة تنقية الهواء بالخبر,https://www.rukn-eltatawer.com/sa/air-purification-khobar/,air-purification-khobar,1897,0,23,31,2,57,0,2026-09-06,2026-09-10,aa34b837eea2d037|n=12,boilerplate_overuse,عبارات قالبية متكررة: تجهيزاً مرتباً قبل انتقال أو موسم ذروة | لا نضع رقماً ثابتاً لا يمثّل عقارك | نوضّح ما سيدخل في النطاق وما لن يدخل | حسب الجدولة اليومية، ومن الأحياء التي نصل إليها غالباً
11047,post,شركة تنظيف مسابح بأبها,https://www.rukn-eltatawer.com/sa/pool-cleaning-abha/,pool-cleaning-abha,1721,0,23,31,2,57,0,2026-09-06,2026-09-10,aa34b837eea2d037|n=12,boilerplate_overuse,عبارات قالبية متكررة: تجهيزاً مرتباً قبل انتقال أو موسم ذروة | لا نضع رقماً ثابتاً لا يمثّل عقارك | نوضّح ما سيدخل في النطاق وما لن يدخل | حسب الجدولة اليومية، ومن الأحياء التي نصل إليها غالباً
12334,post,شركة تنسيق حدائق بالطائف,https://www.rukn-eltatawer.com/sa/landscaping-taif/,landscaping-taif,1716,0,23,32,2,58,0,2026-09-06,2026-09-10,6816f4ee672d0bba|n=12,boilerplate_overuse,عبارات قالبية متكررة: تجهيزاً مرتباً قبل انتقال أو موسم ذروة | لا نضع رقماً ثابتاً لا يمثّل عقارك | نوضّح ما سيدخل في النطاق وما لن يدخل | حسب الجدولة اليومية، ومن الأحياء التي نصل إليها غالباً
11285,post,شركة تركيب وصيانة أجهزة تبريد مياه الخزانات بالخبر,https://www.rukn-eltatawer.com/sa/tank-water-chiller-khobar/,tank-water-chiller-khobar,1981,0,23,31,2,57,0,2026-09-06,2026-09-10,aa34b837eea2d037|n=12,boilerplate_overuse,عبارات قالبية متكررة: تجهيزاً مرتباً قبل انتقال أو موسم ذروة | لا نضع رقماً ثابتاً لا يمثّل عقارك | نوضّح ما سيدخل في النطاق وما لن يدخل | حسب الجدولة اليومية، ومن الأحياء التي نصل إليها غالباً
12877,post,شركة تركيب ورق حائط بالخبر,https://www.rukn-eltatawer.com/sa/wallpaper-installation-khobar/,wallpaper-installation-khobar,1778,0,23,33,2,59,0,2026-09-06,2026-09-10,04145549da01d869|n=12,boilerplate_overuse,عبارات قالبية متكررة: تجهيزاً مرتباً قبل انتقال أو موسم ذروة | لا نضع رقماً ثابتاً لا يمثّل عقارك | نوضّح ما سيدخل في النطاق وما لن يدخل | حسب الجدولة اليومية، ومن الأحياء التي نصل إليها غالباً
12324,post,شركة تصميم وتنفيذ ديكورات بالدمام,https://www.rukn-eltatawer.com/sa/decor-design-dammam/,decor-design-dammam,1802,0,23,32,2,58,0,2026-09-06,2026-09-09,0bf91f27a2f97a5c|n=12,boilerplate_overuse,عبارات قالبية متكررة: تجهيزاً مرتباً قبل انتقال أو موسم ذروة | لا نضع رقماً ثابتاً لا يمثّل عقارك | نوضّح ما سيدخل في النطاق وما لن يدخل | حسب الجدولة اليومية، ومن الأحياء التي نصل إليها غالباً
12342,post,شركة تصميم حدائق داخلية بالطائف,https://www.rukn-eltatawer.com/sa/indoor-garden-design-taif/,indoor-garden-design-taif,1795,0,23,32,2,58,0,2026-09-06,2026-09-09,bad1598553948b2f|n=12,boilerplate_overuse,عبارات قالبية متكررة: تجهيزاً مرتباً قبل انتقال أو موسم ذروة | لا نضع رقماً ثابتاً لا يمثّل عقارك | نوضّح ما سيدخل في النطاق وما لن يدخل | حسب الجدولة اليومية، ومن الأحياء التي نصل إليها غالباً
12173,post,شركة تركيب ورق جدران بالخبر,https://www.rukn-eltatawer.com/sa/wallpaper-khobar/,wallpaper-khobar,1759,0,23,31,2,57,0,2026-09-06,2026-09-09,6e6aa9959b40aeeb|n=12,boilerplate_overuse,عبارات قالبية متكررة: تجهيزاً مرتباً قبل انتقال أو موسم ذروة | لا نضع رقماً ثابتاً لا يمثّل عقارك | نوضّح ما سيدخل في النطاق وما لن يدخل | حسب الجدولة اليومية، ومن الأحياء التي نصل إليها غالباً
12453,post,شركة تركيب نوافير جدارية بالخبر,https://www.rukn-eltatawer.com/sa/wall-fountain-khobar/,wall-fountain-khobar,1757,0,23,31,2,57,0,2026-09-06,2026-09-09,30e32379a35dfee1|n=12,boilerplate_overuse,عبارات قالبية متكررة: تجهيزاً مرتباً قبل انتقال أو موسم ذروة | لا نضع رقماً ثابتاً لا يمثّل عقارك | نوضّح ما سيدخل في النطاق وما لن يدخل | حسب الجدولة اليومية، ومن الأحياء التي نصل إليها غالباً
12350,post,شركة تصميم حدائق أسطح بالطائف,https://www.rukn-eltatawer.com/sa/roof-garden-design-taif/,roof-garden-design-taif,1777,0,23,32,2,58,0,2026-09-06,2026-09-09,04145549da01d869|n=12,boilerplate_overuse,عبارات قالبية متكررة: تجهيزاً مرتباً قبل انتقال أو موسم ذروة | لا نضع رقماً ثابتاً لا يمثّل عقارك | نوضّح ما سيدخل في النطاق وما لن يدخل | حسب الجدولة اليومية، ومن الأحياء التي نصل إليها غالباً
12246,post,شركة تركيب عشب صناعي بالطائف,https://www.rukn-eltatawer.com/sa/artificial-grass-taif/,artificial-grass-taif,1756,0,23,30,2,56,0,2026-09-06,2026-09-09,aa34b837eea2d037|n=12,boilerplate_overuse,عبارات قالبية متكررة: تجهيزاً مرتباً قبل انتقال أو موسم ذروة | لا نضع رقماً ثابتاً لا يمثّل عقارك | نوضّح ما سيدخل في النطاق وما لن يدخل | حسب الجدولة اليومية، ومن الأحياء التي نصل إليها غالباً
12237,post,شركة تركيب مظلات وسواتر بالخبر,https://www.rukn-eltatawer.com/sa/shades-sails-khobar/,shades-sails-khobar,1751,0,23,30,2,56,0,2026-09-06,2026-09-10,51e111415041bdb3|n=12,boilerplate_overuse,عبارات قالبية متكررة: تجهيزاً مرتباً قبل انتقال أو موسم ذروة | لا نضع رقماً ثابتاً لا يمثّل عقارك | نوضّح ما سيدخل في النطاق وما لن يدخل | حسب الجدولة اليومية، ومن الأحياء التي نصل إليها غالباً
12254,post,شركة تركيب عشب جداري بالطائف,https://www.rukn-eltatawer.com/sa/grass-wall-taif/,grass-wall-taif,1758,0,23,30,2,56,0,2026-09-06,2026-09-09,530bc06eeecf4d29|n=12,boilerplate_overuse,عبارات قالبية متكررة: تجهيزاً مرتباً قبل انتقال أو موسم ذروة | لا نضع رقماً ثابتاً لا يمثّل عقارك | نوضّح ما سيدخل في النطاق وما لن يدخل | حسب الجدولة اليومية، ومن الأحياء التي نصل إليها غالباً
12213,post,شركة تركيب مطابخ بالخبر,https://www.rukn-eltatawer.com/sa/kitchen-installation-khobar/,kitchen-installation-khobar,1701,0,23,31,2,57,0,2026-09-06,2026-09-09,e0a3f8d11de71c42|n=12,boilerplate_overuse,عبارات قالبية متكررة: تجهيزاً مرتباً قبل انتقال أو موسم ذروة | لا نضع رقماً ثابتاً لا يمثّل عقارك | نوضّح ما سيدخل في النطاق وما لن يدخل | حسب الجدولة اليومية، ومن الأحياء التي نصل إليها غالباً
12653,post,شركة تركيب مسامير طاردة للحمام بالخبر,https://www.rukn-eltatawer.com/sa/pigeon-spikes-installation-khobar/,pigeon-spikes-installation-khobar,1841,0,23,32,2,58,0,2026-09-06,2026-09-09,b1131e1057bed693|n=12,boilerplate_overuse,عبارات قالبية متكررة: تجهيزاً مرتباً قبل انتقال أو موسم ذروة | لا نضع رقماً ثابتاً لا يمثّل عقارك | نوضّح ما سيدخل في النطاق وما لن يدخل | حسب الجدولة اليومية، ومن الأحياء التي نصل إليها غالباً
12156,post,شركة تركيب جبس بورد بالدمام,https://www.rukn-eltatawer.com/sa/gypsum-board-dammam/,gypsum-board-dammam,1780,0,23,31,2,57,0,2026-09-06,2026-09-10,741bbc93a9f01598|n=12,boilerplate_overuse,عبارات قالبية متكررة: تجهيزاً مرتباً قبل انتقال أو موسم ذروة | لا نضع رقماً ثابتاً لا يمثّل عقارك | نوضّح ما سيدخل في النطاق وما لن يدخل | حسب الجدولة اليومية، ومن الأحياء التي نصل إليها غالباً
12116,post,شركة تركيب باركيه وأرضيات خشب بالدمام,https://www.rukn-eltatawer.com/sa/parquet-dammam/,parquet-dammam,1824,0,23,32,2,58,0,2026-09-06,2026-09-10,7a7b514f563d1824|n=12,boilerplate_overuse,عبارات قالبية متكررة: تجهيزاً مرتباً قبل انتقال أو موسم ذروة | لا نضع رقماً ثابتاً لا يمثّل عقارك | نوضّح ما سيدخل في النطاق وما لن يدخل | حسب الجدولة اليومية، ومن الأحياء التي نصل إليها غالباً
12085,post,شركة تركيب كربستون بالخبر,https://www.rukn-eltatawer.com/sa/kerbstone-khobar/,kerbstone-khobar,1686,0,23,30,2,56,0,2026-09-06,2026-09-09,aa34b837eea2d037|n=12,boilerplate_overuse,عبارات قالبية متكررة: تجهيزاً مرتباً قبل انتقال أو موسم ذروة | لا نضع رقماً ثابتاً لا يمثّل عقارك | نوضّح ما سيدخل في النطاق وما لن يدخل | حسب الجدولة اليومية، ومن الأحياء التي نصل إليها غالباً
12164,post,شركة تركيب أسقف جبسية / فورسيلنج بالدمام,https://www.rukn-eltatawer.com/sa/false-ceiling-dammam/,false-ceiling-dammam,1861,0,23,33,2,59,0,2026-09-06,2026-09-09,04145549da01d869|n=12,boilerplate_overuse,عبارات قالبية متكررة: تجهيزاً مرتباً قبل انتقال أو موسم ذروة | لا نضع رقماً ثابتاً لا يمثّل عقارك | نوضّح ما سيدخل في النطاق وما لن يدخل | حسب الجدولة اليومية، ومن الأحياء التي نصل إليها غالباً
12149,post,شركة تركيب فوم للجدران بالخبر,https://www.rukn-eltatawer.com/sa/wall-foam-khobar/,wall-foam-khobar,1846,0,23,33,2,59,0,2026-09-06,2026-09-09,485ca03546bb26e6|n=12,boilerplate_overuse,عبارات قالبية متكررة: تجهيزاً مرتباً قبل انتقال أو موسم ذروة | لا نضع رقماً ثابتاً لا يمثّل عقارك | نوضّح ما سيدخل في النطاق وما لن يدخل | حسب الجدولة اليومية، ومن الأحياء التي نصل إليها غالباً
12414,post,شركة إنشاء جلسات حدائق بالطائف,https://www.rukn-eltatawer.com/sa/garden-seating-taif/,garden-seating-taif,1760,0,23,30,2,56,0,2026-09-06,2026-09-09,8c7b2da725a89f85|n=12,boilerplate_overuse,عبارات قالبية متكررة: تجهيزاً مرتباً قبل انتقال أو موسم ذروة | لا نضع رقماً ثابتاً لا يمثّل عقارك | نوضّح ما سيدخل في النطاق وما لن يدخل | حسب الجدولة اليومية، ومن الأحياء التي نصل إليها غالباً
12197,post,شركة تركيب فواصل زجاجية وألومنيوم بالخبر,https://www.rukn-eltatawer.com/sa/glass-aluminium-partitions-khobar/,glass-aluminium-partitions-khobar,1810,0,23,30,2,56,0,2026-09-06,2026-09-10,ee3a5f777d1a1127|n=12,boilerplate_overuse,عبارات قالبية متكررة: تجهيزاً مرتباً قبل انتقال أو موسم ذروة | لا نضع رقماً ثابتاً لا يمثّل عقارك | نوضّح ما سيدخل في النطاق وما لن يدخل | حسب الجدولة اليومية، ومن الأحياء التي نصل إليها غالباً
12712,post,حداد أبواب ونوافذ بالرياض,https://www.rukn-eltatawer.com/sa/blacksmith-doors-windows-riyadh/,blacksmith-doors-windows-riyadh,1779,0,23,32,2,58,0,2026-09-06,2026-09-10,1f64f009a7855fba|n=12,boilerplate_overuse,عبارات قالبية متكررة: تجهيزاً مرتباً قبل انتقال أو موسم ذروة | لا نضع رقماً ثابتاً لا يمثّل عقارك | نوضّح ما سيدخل في النطاق وما لن يدخل | حسب الجدولة اليومية، ومن الأحياء التي نصل إليها غالباً
12429,post,شركة تركيب عرائش خشبية بالخبر,https://www.rukn-eltatawer.com/sa/wooden-arbor-installation-khobar/,wooden-arbor-installation-khobar,1747,0,23,30,2,56,0,2026-09-06,2026-09-09,dba2be20865cfb66|n=12,boilerplate_overuse,عبارات قالبية متكررة: تجهيزاً مرتباً قبل انتقال أو موسم ذروة | لا نضع رقماً ثابتاً لا يمثّل عقارك | نوضّح ما سيدخل في النطاق وما لن يدخل | حسب الجدولة اليومية، ومن الأحياء التي نصل إليها غالباً
12730,post,فني جبس بورد بمكة المكرمة,https://www.rukn-eltatawer.com/sa/gypsum-tech-mecca/,gypsum-tech-mecca,1791,0,23,31,2,57,0,2026-09-06,2026-09-09,d5662172100d4b5f|n=12,boilerplate_overuse,عبارات قالبية متكررة: تجهيزاً مرتباً قبل انتقال أو موسم ذروة | لا نضع رقماً ثابتاً لا يمثّل عقارك | نوضّح ما سيدخل في النطاق وما لن يدخل | حسب الجدولة اليومية، ومن الأحياء التي نصل إليها غالباً
12093,post,شركة تركيب طابوق بالخبر,https://www.rukn-eltatawer.com/sa/brickwork-khobar/,brickwork-khobar,1703,0,23,30,2,56,0,2026-09-06,2026-09-09,17b77a8b2a1eb62a|n=12,boilerplate_overuse,عبارات قالبية متكررة: تجهيزاً مرتباً قبل انتقال أو موسم ذروة | لا نضع رقماً ثابتاً لا يمثّل عقارك | نوضّح ما سيدخل في النطاق وما لن يدخل | حسب الجدولة اليومية، ومن الأحياء التي نصل إليها غالباً
12764,post,فني تركيب كاميرات مراقبة بالدمام,https://www.rukn-eltatawer.com/sa/cctv-tech-dammam/,cctv-tech-dammam,1783,0,23,32,2,58,0,2026-09-06,2026-09-09,0dc9456b07b283c8|n=12,boilerplate_overuse,عبارات قالبية متكررة: تجهيزاً مرتباً قبل انتقال أو موسم ذروة | لا نضع رقماً ثابتاً لا يمثّل عقارك | نوضّح ما سيدخل في النطاق وما لن يدخل | حسب الجدولة اليومية، ومن الأحياء التي نصل إليها غالباً
12445,post,شركة تركيب شلالات اصطناعية بالخبر,https://www.rukn-eltatawer.com/sa/artificial-waterfall-khobar/,artificial-waterfall-khobar,1757,0,23,31,2,57,0,2026-09-06,2026-09-09,af27c4d9f56dd265|n=12,boilerplate_overuse,عبارات قالبية متكررة: تجهيزاً مرتباً قبل انتقال أو موسم ذروة | لا نضع رقماً ثابتاً لا يمثّل عقارك | نوضّح ما سيدخل في النطاق وما لن يدخل | حسب الجدولة اليومية، ومن الأحياء التي نصل إليها غالباً
13112,post,شركة نقل وتركيب مكيفات بالرياض,https://www.rukn-eltatawer.com/sa/ac-relocation-installation-riyadh/,ac-relocation-installation-riyadh,1828,0,23,31,2,57,0,2026-09-06,2026-09-10,7060fe4fc50252f7|n=12,boilerplate_overuse,عبارات قالبية متكررة: تجهيزاً مرتباً قبل انتقال أو موسم ذروة | لا نضع رقماً ثابتاً لا يمثّل عقارك | نوضّح ما سيدخل في النطاق وما لن يدخل | حسب الجدولة اليومية، ومن الأحياء التي نصل إليها غالباً
12381,post,شركة تركيب شبكات ري حديثة بالخبر,https://www.rukn-eltatawer.com/sa/modern-irrigation-khobar/,modern-irrigation-khobar,1828,0,23,32,2,58,0,2026-09-06,2026-09-09,6566928e0ac86af4|n=12,boilerplate_overuse,عبارات قالبية متكررة: تجهيزاً مرتباً قبل انتقال أو موسم ذروة | لا نضع رقماً ثابتاً لا يمثّل عقارك | نوضّح ما سيدخل في النطاق وما لن يدخل | حسب الجدولة اليومية، ومن الأحياء التي نصل إليها غالباً
12480,post,شركة نقل بيانو بالرياض,https://www.rukn-eltatawer.com/sa/piano-moving-riyadh/,piano-moving-riyadh,1728,0,23,30,2,56,0,2026-09-06,2026-09-09,7da5db4d95be701b|n=12,boilerplate_overuse,عبارات قالبية متكررة: تجهيزاً مرتباً قبل انتقال أو موسم ذروة | لا نضع رقماً ثابتاً لا يمثّل عقارك | نوضّح ما سيدخل في النطاق وما لن يدخل | حسب الجدولة اليومية، ومن الأحياء التي نصل إليها غالباً
12389,post,شركة تركيب شبكات ري أوتوماتيكية بالخبر,https://www.rukn-eltatawer.com/sa/automatic-irrigation-khobar/,automatic-irrigation-khobar,1822,0,23,32,2,58,0,2026-09-06,2026-09-09,8b91e6a6a8d958d0|n=12,boilerplate_overuse,عبارات قالبية متكررة: تجهيزاً مرتباً قبل انتقال أو موسم ذروة | لا نضع رقماً ثابتاً لا يمثّل عقارك | نوضّح ما سيدخل في النطاق وما لن يدخل | حسب الجدولة اليومية، ومن الأحياء التي نصل إليها غالباً
12645,post,شركة تركيب شبك طارد للحمام بالخبر,https://www.rukn-eltatawer.com/sa/pigeon-net-installation-khobar/,pigeon-net-installation-khobar,1841,0,23,32,2,58,0,2026-09-06,2026-09-09,9bd776b4718146ff|n=12,boilerplate_overuse,عبارات قالبية متكررة: تجهيزاً مرتباً قبل انتقال أو موسم ذروة | لا نضع رقماً ثابتاً لا يمثّل عقارك | نوضّح ما سيدخل في النطاق وما لن يدخل | حسب الجدولة اليومية، ومن الأحياء التي نصل إليها غالباً
12576,post,شركة مكافحة بق الفراش بالرياض,https://www.rukn-eltatawer.com/sa/bed-bug-control-riyadh/,bed-bug-control-riyadh,2136,0,28,32,2,63,0,2026-09-06,2026-09-10,d4436dd129159791|n=12,boilerplate_overuse,عبارات قالبية متكررة: تجهيزاً مرتباً قبل انتقال أو موسم ذروة | لا نضع رقماً ثابتاً لا يمثّل عقارك | نوضّح ما سيدخل في النطاق وما لن يدخل | حسب الجدولة اليومية، ومن الأحياء التي نصل إليها غالباً
12616,post,شركة مكافحة الوزغ (البرص) بالرياض,https://www.rukn-eltatawer.com/sa/lizard-control-riyadh/,lizard-control-riyadh,1825,0,23,32,2,58,0,2026-09-06,2026-09-10,2405ed52c32c7b2a|n=12,boilerplate_overuse,عبارات قالبية متكررة: تجهيزاً مرتباً قبل انتقال أو موسم ذروة | لا نضع رقماً ثابتاً لا يمثّل عقارك | نوضّح ما سيدخل في النطاق وما لن يدخل | حسب الجدولة اليومية، ومن الأحياء التي نصل إليها غالباً
12229,post,شركة تركيب شبابيك بالخبر,https://www.rukn-eltatawer.com/sa/windows-installation-khobar/,windows-installation-khobar,1695,0,23,30,2,56,0,2026-09-06,2026-09-09,54069de4e7ad0141|n=12,boilerplate_overuse,عبارات قالبية متكررة: تجهيزاً مرتباً قبل انتقال أو موسم ذروة | لا نضع رقماً ثابتاً لا يمثّل عقارك | نوضّح ما سيدخل في النطاق وما لن يدخل | حسب الجدولة اليومية، ومن الأحياء التي نصل إليها غالباً
12584,post,شركة مكافحة الفئران والقوارض بالرياض,https://www.rukn-eltatawer.com/sa/rodent-control-riyadh/,rodent-control-riyadh,1848,0,23,33,2,59,0,2026-09-06,2026-09-10,d83c1ad86de00bf7|n=12,boilerplate_overuse,عبارات قالبية متكررة: تجهيزاً مرتباً قبل انتقال أو موسم ذروة | لا نضع رقماً ثابتاً لا يمثّل عقارك | نوضّح ما سيدخل في النطاق وما لن يدخل | حسب الجدولة اليومية، ومن الأحياء التي نصل إليها غالباً
12109,post,شركة تركيب سيراميك وبورسلين بالخبر,https://www.rukn-eltatawer.com/sa/ceramic-porcelain-khobar/,ceramic-porcelain-khobar,1742,0,23,30,2,56,0,2026-09-06,2026-09-09,f5e33a9a38aba208|n=12,boilerplate_overuse,عبارات قالبية متكررة: تجهيزاً مرتباً قبل انتقال أو موسم ذروة | لا نضع رقماً ثابتاً لا يمثّل عقارك | نوضّح ما سيدخل في النطاق وما لن يدخل | حسب الجدولة اليومية، ومن الأحياء التي نصل إليها غالباً
12600,post,شركة مكافحة العقارب بالرياض,https://www.rukn-eltatawer.com/sa/scorpion-control-riyadh/,scorpion-control-riyadh,1731,0,23,32,2,58,0,2026-09-06,2026-09-10,fbc6bedb06bbafcb|n=12,boilerplate_overuse,عبارات قالبية متكررة: تجهيزاً مرتباً قبل انتقال أو موسم ذروة | لا نضع رقماً ثابتاً لا يمثّل عقارك | نوضّح ما سيدخل في النطاق وما لن يدخل | حسب الجدولة اليومية، ومن الأحياء التي نصل إليها غالباً
12181,post,شركة تركيب سجاد أرضيات بالخبر,https://www.rukn-eltatawer.com/sa/floor-carpeting-khobar/,floor-carpeting-khobar,1746,0,23,32,2,58,0,2026-09-06,2026-09-10,453de71c813690ed|n=12,boilerplate_overuse,عبارات قالبية متكررة: تجهيزاً مرتباً قبل انتقال أو موسم ذروة | لا نضع رقماً ثابتاً لا يمثّل عقارك | نوضّح ما سيدخل في النطاق وما لن يدخل | حسب الجدولة اليومية، ومن الأحياء التي نصل إليها غالباً
12624,post,شركة مكافحة الطيور بالرياض,https://www.rukn-eltatawer.com/sa/bird-control-riyadh/,bird-control-riyadh,1730,0,23,30,2,56,0,2026-09-06,2026-09-10,3ccaf4455714670e|n=12,boilerplate_overuse,عبارات قالبية متكررة: تجهيزاً مرتباً قبل انتقال أو موسم ذروة | لا نضع رقماً ثابتاً لا يمثّل عقارك | نوضّح ما سيدخل في النطاق وما لن يدخل | حسب الجدولة اليومية، ومن الأحياء التي نصل إليها غالباً
12205,post,شركة تركيب زجاج وألوميتال بالخبر,https://www.rukn-eltatawer.com/sa/glass-alumetal-khobar/,glass-alumetal-khobar,1773,0,23,32,2,58,0,2026-09-06,2026-09-09,19cf0b2d2c7ef59d|n=12,boilerplate_overuse,عبارات قالبية متكررة: تجهيزاً مرتباً قبل انتقال أو موسم ذروة | لا نضع رقماً ثابتاً لا يمثّل عقارك | نوضّح ما سيدخل في النطاق وما لن يدخل | حسب الجدولة اليومية، ومن الأحياء التي نصل إليها غالباً
12544,post,شركة مكافحة الحشرات الطائرة بالرياض,https://www.rukn-eltatawer.com/sa/flying-pest-control-riyadh/,flying-pest-control-riyadh,1773,0,23,30,2,56,0,2026-09-06,2026-09-10,62c6e67245ae79c1|n=12,boilerplate_overuse,عبارات قالبية متكررة: تجهيزاً مرتباً قبل انتقال أو موسم ذروة | لا نضع رقماً ثابتاً لا يمثّل عقارك | نوضّح ما سيدخل في النطاق وما لن يدخل | حسب الجدولة اليومية، ومن الأحياء التي نصل إليها غالباً
12141,post,شركة تركيب رخام وجرانيت بالخبر,https://www.rukn-eltatawer.com/sa/marble-granite-khobar/,marble-granite-khobar,1757,0,23,30,2,56,0,2026-09-06,2026-09-10,16419f5091e1f6ad|n=12,boilerplate_overuse,عبارات قالبية متكررة: تجهيزاً مرتباً قبل انتقال أو موسم ذروة | لا نضع رقماً ثابتاً لا يمثّل عقارك | نوضّح ما سيدخل في النطاق وما لن يدخل | حسب الجدولة اليومية، ومن الأحياء التي نصل إليها غالباً
12536,post,شركة مكافحة الحشرات الزاحفة بالرياض,https://www.rukn-eltatawer.com/sa/crawling-pest-control-riyadh/,crawling-pest-control-riyadh,1833,0,23,33,2,59,0,2026-09-06,2026-09-10,dbb65d0be4c92594|n=12,boilerplate_overuse,عبارات قالبية متكررة: تجهيزاً مرتباً قبل انتقال أو موسم ذروة | لا نضع رقماً ثابتاً لا يمثّل عقارك | نوضّح ما سيدخل في النطاق وما لن يدخل | حسب الجدولة اليومية، ومن الأحياء التي نصل إليها غالباً
12133,post,شركة تركيب حجر طبيعي وصناعي بالخبر,https://www.rukn-eltatawer.com/sa/stone-khobar/,stone-khobar,1814,0,23,32,2,58,0,2026-09-06,2026-09-09,b639cfe92f67628c|n=12,boilerplate_overuse,عبارات قالبية متكررة: تجهيزاً مرتباً قبل انتقال أو موسم ذروة | لا نضع رقماً ثابتاً لا يمثّل عقارك | نوضّح ما سيدخل في النطاق وما لن يدخل | حسب الجدولة اليومية، ومن الأحياء التي نصل إليها غالباً
12632,post,شركة مكافحة البعوض والذباب بالرياض,https://www.rukn-eltatawer.com/sa/mosquito-fly-control-riyadh/,mosquito-fly-control-riyadh,1762,0,23,30,2,56,0,2026-09-06,2026-09-10,79aba8906b69c51f|n=12,boilerplate_overuse,عبارات قالبية متكررة: تجهيزاً مرتباً قبل انتقال أو موسم ذروة | لا نضع رقماً ثابتاً لا يمثّل عقارك | نوضّح ما سيدخل في النطاق وما لن يدخل | حسب الجدولة اليومية، ومن الأحياء التي نصل إليها غالباً
12101,post,شركة تركيب بلاستر بالخبر,https://www.rukn-eltatawer.com/sa/plastering-khobar/,plastering-khobar,1693,0,23,30,2,56,0,2026-09-06,2026-09-10,39d64a87bc5e41f8|n=12,boilerplate_overuse,عبارات قالبية متكررة: تجهيزاً مرتباً قبل انتقال أو موسم ذروة | لا نضع رقماً ثابتاً لا يمثّل عقارك | نوضّح ما سيدخل في النطاق وما لن يدخل | حسب الجدولة اليومية، ومن الأحياء التي نصل إليها غالباً
12608,post,شركة مكافحة البراغيث بالرياض,https://www.rukn-eltatawer.com/sa/flea-control-riyadh/,flea-control-riyadh,1733,0,23,32,2,58,0,2026-09-06,2026-09-10,a978a6be1a9d5fb4|n=12,boilerplate_overuse,عبارات قالبية متكررة: تجهيزاً مرتباً قبل انتقال أو موسم ذروة | لا نضع رقماً ثابتاً لا يمثّل عقارك | نوضّح ما سيدخل في النطاق وما لن يدخل | حسب الجدولة اليومية، ومن الأحياء التي نصل إليها غالباً
12421,post,شركة تركيب برجولات بالخبر,https://www.rukn-eltatawer.com/sa/pergola-installation-khobar/,pergola-installation-khobar,1704,0,23,32,2,58,0,2026-09-06,2026-09-10,04145549da01d869|n=12,boilerplate_overuse,عبارات قالبية متكررة: تجهيزاً مرتباً قبل انتقال أو موسم ذروة | لا نضع رقماً ثابتاً لا يمثّل عقارك | نوضّح ما سيدخل في النطاق وما لن يدخل | حسب الجدولة اليومية، ومن الأحياء التي نصل إليها غالباً
12592,post,شركة مكافحة الأفاعي بالرياض,https://www.rukn-eltatawer.com/sa/snake-control-riyadh/,snake-control-riyadh,1729,0,23,32,2,58,0,2026-09-06,2026-09-10,2b1a123cddad524b|n=12,boilerplate_overuse,عبارات قالبية متكررة: تجهيزاً مرتباً قبل انتقال أو موسم ذروة | لا نضع رقماً ثابتاً لا يمثّل عقارك | نوضّح ما سيدخل في النطاق وما لن يدخل | حسب الجدولة اليومية، ومن الأحياء التي نصل إليها غالباً
12077,post,شركة تركيب انترلوك بالخبر,https://www.rukn-eltatawer.com/sa/interlock-khobar/,interlock-khobar,1707,0,23,32,2,58,0,2026-09-06,2026-09-10,04145549da01d869|n=12,boilerplate_overuse,عبارات قالبية متكررة: تجهيزاً مرتباً قبل انتقال أو موسم ذروة | لا نضع رقماً ثابتاً لا يمثّل عقارك | نوضّح ما سيدخل في النطاق وما لن يدخل | حسب الجدولة اليومية، ومن الأحياء التي نصل إليها غالباً
12776,post,شركة مكاتب الشحن بالرياض,https://www.rukn-eltatawer.com/sa/shipping-offices-riyadh/,shipping-offices-riyadh,1713,0,23,30,2,56,0,2026-09-06,2026-09-09,4b83026b906a4985|n=12,boilerplate_overuse,عبارات قالبية متكررة: تجهيزاً مرتباً قبل انتقال أو موسم ذروة | لا نضع رقماً ثابتاً لا يمثّل عقارك | نوضّح ما سيدخل في النطاق وما لن يدخل | حسب الجدولة اليومية، ومن الأحياء التي نصل إليها غالباً
12517,post,شركة تركيب أنظمة طاقة شمسية بالخبر,https://www.rukn-eltatawer.com/sa/solar-systems-installation-khobar/,solar-systems-installation-khobar,1828,0,23,31,2,57,0,2026-09-06,2026-09-10,458dcb73140b26d9|n=12,boilerplate_overuse,عبارات قالبية متكررة: تجهيزاً مرتباً قبل انتقال أو موسم ذروة | لا نضع رقماً ثابتاً لا يمثّل عقارك | نوضّح ما سيدخل في النطاق وما لن يدخل | حسب الجدولة اليومية، ومن الأحياء التي نصل إليها غالباً
12189,post,شركة تركيب أسقف مستعارة بالخبر,https://www.rukn-eltatawer.com/sa/suspended-ceiling-khobar/,suspended-ceiling-khobar,1793,0,23,33,2,59,0,2026-09-06,2026-09-09,3e9ddc2c56f848fd|n=12,boilerplate_overuse,عبارات قالبية متكررة: تجهيزاً مرتباً قبل انتقال أو موسم ذروة | لا نضع رقماً ثابتاً لا يمثّل عقارك | نوضّح ما سيدخل في النطاق وما لن يدخل | حسب الجدولة اليومية، ومن الأحياء التي نصل إليها غالباً
11347,post,شركة معالجة الرطوبة والعفن بالرياض,https://www.rukn-eltatawer.com/sa/humidity-treatment-riyadh/,humidity-treatment-riyadh,1803,0,23,31,2,57,0,2026-09-06,2026-09-10,5c4b08ba70a8f24d|n=12,boilerplate_overuse,عبارات قالبية متكررة: تجهيزاً مرتباً قبل انتقال أو موسم ذروة | لا نضع رقماً ثابتاً لا يمثّل عقارك | نوضّح ما سيدخل في النطاق وما لن يدخل | حسب الجدولة اليومية، ومن الأحياء التي نصل إليها غالباً
13136,post,شركة كشف أعطال تبريد بالرياض,https://www.rukn-eltatawer.com/sa/cooling-fault-detection-riyadh/,cooling-fault-detection-riyadh,1828,0,23,31,2,57,0,2026-09-06,2026-09-10,036978c600507c6e|n=12,boilerplate_overuse,عبارات قالبية متكررة: تجهيزاً مرتباً قبل انتقال أو موسم ذروة | لا نضع رقماً ثابتاً لا يمثّل عقارك | نوضّح ما سيدخل في النطاق وما لن يدخل | حسب الجدولة اليومية، ومن الأحياء التي نصل إليها غالباً
12125,post,شركة تركيب أرضيات فينيل بالخبر,https://www.rukn-eltatawer.com/sa/vinyl-flooring-khobar/,vinyl-flooring-khobar,1723,0,23,30,2,56,0,2026-09-06,2026-09-09,e05410806d6a9264|n=12,boilerplate_overuse,عبارات قالبية متكررة: تجهيزاً مرتباً قبل انتقال أو موسم ذروة | لا نضع رقماً ثابتاً لا يمثّل عقارك | نوضّح ما سيدخل في النطاق وما لن يدخل | حسب الجدولة اليومية، ومن الأحياء التي نصل إليها غالباً
13037,post,شركة تركيب أدوات صحية بالخبر,https://www.rukn-eltatawer.com/sa/sanitary-fixtures-installation-khobar/,sanitary-fixtures-installation-khobar,1790,0,23,31,2,57,0,2026-09-06,2026-09-09,0432eeaf2610f93e|n=12,boilerplate_overuse,عبارات قالبية متكررة: تجهيزاً مرتباً قبل انتقال أو موسم ذروة | لا نضع رقماً ثابتاً لا يمثّل عقارك | نوضّح ما سيدخل في النطاق وما لن يدخل | حسب الجدولة اليومية، ومن الأحياء التي نصل إليها غالباً
12040,post,شركة فحص فلل ومباني قبل الشراء بالرياض,https://www.rukn-eltatawer.com/sa/villa-inspection-riyadh/,villa-inspection-riyadh,1901,0,23,31,2,57,0,2026-09-06,2026-09-10,a3d2aae29a1b1232|n=12,boilerplate_overuse,عبارات قالبية متكررة: تجهيزاً مرتباً قبل انتقال أو موسم ذروة | لا نضع رقماً ثابتاً لا يمثّل عقارك | نوضّح ما سيدخل في النطاق وما لن يدخل | حسب الجدولة اليومية، ومن الأحياء التي نصل إليها غالباً
12896,post,شركة عزل ودهان أسطح بالرياض,https://www.rukn-eltatawer.com/sa/roof-insulation-painting-riyadh/,roof-insulation-painting-riyadh,1840,0,23,33,2,59,0,2026-09-06,2026-09-09,a370177c40ed2bc9|n=12,boilerplate_overuse,عبارات قالبية متكررة: تجهيزاً مرتباً قبل انتقال أو موسم ذروة | لا نضع رقماً ثابتاً لا يمثّل عقارك | نوضّح ما سيدخل في النطاق وما لن يدخل | حسب الجدولة اليومية، ومن الأحياء التي نصل إليها غالباً
12661,post,شركة تركيب أجهزة صوتية لطرد الطيور بالخبر,https://www.rukn-eltatawer.com/sa/bird-sound-device-khobar/,bird-sound-device-khobar,1895,0,23,32,2,58,0,2026-09-06,2026-09-10,508d5a1e5a7c565d|n=12,boilerplate_overuse,عبارات قالبية متكررة: تجهيزاً مرتباً قبل انتقال أو موسم ذروة | لا نضع رقماً ثابتاً لا يمثّل عقارك | نوضّح ما سيدخل في النطاق وما لن يدخل | حسب الجدولة اليومية، ومن الأحياء التي نصل إليها غالباً
12221,post,شركة تركيب أبواب بالخبر,https://www.rukn-eltatawer.com/sa/doors-installation-khobar/,doors-installation-khobar,1693,0,23,30,2,56,0,2026-09-06,2026-09-10,fdf0603d213bdc76|n=12,boilerplate_overuse,عبارات قالبية متكررة: تجهيزاً مرتباً قبل انتقال أو موسم ذروة | لا نضع رقماً ثابتاً لا يمثّل عقارك | نوضّح ما سيدخل في النطاق وما لن يدخل | حسب الجدولة اليومية، ومن الأحياء التي نصل إليها غالباً
11343,post,شركة عزل مطابخ بالرياض,https://www.rukn-eltatawer.com/sa/kitchen-insulation-riyadh/,kitchen-insulation-riyadh,1732,0,23,31,2,57,0,2026-09-06,2026-09-09,1bf8b4cf16edafeb|n=12,boilerplate_overuse,عبارات قالبية متكررة: تجهيزاً مرتباً قبل انتقال أو موسم ذروة | لا نضع رقماً ثابتاً لا يمثّل عقارك | نوضّح ما سيدخل في النطاق وما لن يدخل | حسب الجدولة اليومية، ومن الأحياء التي نصل إليها غالباً
12509,post,شركة تخزين أثاث بالخبر,https://www.rukn-eltatawer.com/sa/furniture-storage-khobar/,furniture-storage-khobar,1720,0,23,31,2,57,0,2026-09-06,2026-09-09,f2c917d3357ef009|n=12,boilerplate_overuse,عبارات قالبية متكررة: تجهيزاً مرتباً قبل انتقال أو موسم ذروة | لا نضع رقماً ثابتاً لا يمثّل عقارك | نوضّح ما سيدخل في النطاق وما لن يدخل | حسب الجدولة اليومية، ومن الأحياء التي نصل إليها غالباً
11345,post,شركة عزل مائي بالرياض,https://www.rukn-eltatawer.com/sa/waterproofing-riyadh/,waterproofing-riyadh,1808,0,23,31,2,57,0,2026-09-06,2026-09-09,c79e1edbf315ed8c|n=12,boilerplate_overuse,عبارات قالبية متكررة: تجهيزاً مرتباً قبل انتقال أو موسم ذروة | لا نضع رقماً ثابتاً لا يمثّل عقارك | نوضّح ما سيدخل في النطاق وما لن يدخل | حسب الجدولة اليومية، ومن الأحياء التي نصل إليها غالباً
11406,post,شركة تبطين وصيانة خزانات مياه بالخبر,https://www.rukn-eltatawer.com/sa/tank-lining-maintenance-khobar/,tank-lining-maintenance-khobar,1884,0,23,33,2,59,0,2026-09-06,2026-09-10,76861252f1eebafd|n=12,boilerplate_overuse,عبارات قالبية متكررة: تجهيزاً مرتباً قبل انتقال أو موسم ذروة | لا نضع رقماً ثابتاً لا يمثّل عقارك | نوضّح ما سيدخل في النطاق وما لن يدخل | حسب الجدولة اليومية، ومن الأحياء التي نصل إليها غالباً
11346,post,شركة عزل صوتي بالرياض,https://www.rukn-eltatawer.com/sa/soundproofing-riyadh/,soundproofing-riyadh,1763,0,23,33,2,59,0,2026-09-06,2026-09-09,191d4f822a6289ad|n=12,boilerplate_overuse,عبارات قالبية متكررة: تجهيزاً مرتباً قبل انتقال أو موسم ذروة | لا نضع رقماً ثابتاً لا يمثّل عقارك | نوضّح ما سيدخل في النطاق وما لن يدخل | حسب الجدولة اليومية، ومن الأحياء التي نصل إليها غالباً
12261,post,شركة بناء ملاحق بالخبر,https://www.rukn-eltatawer.com/sa/annex-building-khobar/,annex-building-khobar,1699,0,23,30,2,56,0,2026-09-06,2026-09-10,e6c6e7fb260b6fbf|n=12,boilerplate_overuse,عبارات قالبية متكررة: تجهيزاً مرتباً قبل انتقال أو موسم ذروة | لا نضع رقماً ثابتاً لا يمثّل عقارك | نوضّح ما سيدخل في النطاق وما لن يدخل | حسب الجدولة اليومية، ومن الأحياء التي نصل إليها غالباً
11342,post,شركة عزل حمامات بالرياض,https://www.rukn-eltatawer.com/sa/bathroom-insulation-riyadh/,bathroom-insulation-riyadh,1757,0,23,33,2,59,0,2026-09-06,2026-09-09,ee1b69406b670b01|n=12,boilerplate_overuse,عبارات قالبية متكررة: تجهيزاً مرتباً قبل انتقال أو موسم ذروة | لا نضع رقماً ثابتاً لا يمثّل عقارك | نوضّح ما سيدخل في النطاق وما لن يدخل | حسب الجدولة اليومية، ومن الأحياء التي نصل إليها غالباً
12285,post,شركة بناء مطابخ خارجية بالخبر,https://www.rukn-eltatawer.com/sa/outdoor-kitchens-khobar/,outdoor-kitchens-khobar,1786,0,23,33,2,59,0,2026-09-06,2026-09-09,f154263b45bcf20a|n=12,boilerplate_overuse,عبارات قالبية متكررة: تجهيزاً مرتباً قبل انتقال أو موسم ذروة | لا نضع رقماً ثابتاً لا يمثّل عقارك | نوضّح ما سيدخل في النطاق وما لن يدخل | حسب الجدولة اليومية، ومن الأحياء التي نصل إليها غالباً
11344,post,شركة عزل حراري بالرياض,https://www.rukn-eltatawer.com/sa/thermal-insulation-riyadh/,thermal-insulation-riyadh,1749,0,23,30,2,56,0,2026-09-06,2026-09-09,b9b7bf8c36c6005d|n=12,boilerplate_overuse,عبارات قالبية متكررة: تجهيزاً مرتباً قبل انتقال أو موسم ذروة | لا نضع رقماً ثابتاً لا يمثّل عقارك | نوضّح ما سيدخل في النطاق وما لن يدخل | حسب الجدولة اليومية، ومن الأحياء التي نصل إليها غالباً
12952,post,شركة صيانة ودهان بعد التسريبات بالرياض,https://www.rukn-eltatawer.com/sa/post-leak-repaint-maintenance-riyadh/,post-leak-repaint-maintenance-riyadh,2041,0,23,34,2,60,0,2026-09-06,2026-09-09,dac94915c2091ce6|n=12,boilerplate_overuse,عبارات قالبية متكررة: تجهيزاً مرتباً قبل انتقال أو موسم ذروة | لا نضع رقماً ثابتاً لا يمثّل عقارك | نوضّح ما سيدخل في النطاق وما لن يدخل | حسب الجدولة اليومية، ومن الأحياء التي نصل إليها غالباً
12293,post,شركة بناء مجالس خارجية بالخبر,https://www.rukn-eltatawer.com/sa/outdoor-majlis-khobar/,outdoor-majlis-khobar,1764,0,23,32,2,58,0,2026-09-06,2026-09-09,5499515dec7c1e35|n=12,boilerplate_overuse,عبارات قالبية متكررة: تجهيزاً مرتباً قبل انتقال أو موسم ذروة | لا نضع رقماً ثابتاً لا يمثّل عقارك | نوضّح ما سيدخل في النطاق وما لن يدخل | حسب الجدولة اليومية، ومن الأحياء التي نصل إليها غالباً
12277,post,شركة بناء حمامات خارجية بالخبر,https://www.rukn-eltatawer.com/sa/outdoor-bathrooms-khobar/,outdoor-bathrooms-khobar,1764,0,23,30,2,56,0,2026-09-06,2026-09-10,aa34b837eea2d037|n=12,boilerplate_overuse,عبارات قالبية متكررة: تجهيزاً مرتباً قبل انتقال أو موسم ذروة | لا نضع رقماً ثابتاً لا يمثّل عقارك | نوضّح ما سيدخل في النطاق وما لن يدخل | حسب الجدولة اليومية، ومن الأحياء التي نصل إليها غالباً
11146,post,شركة صيانة نشافات بالرياض,https://www.rukn-eltatawer.com/sa/dryer-maintenance-riyadh/,dryer-maintenance-riyadh,1756,0,23,32,2,58,0,2026-09-06,2026-09-10,57975dfa7fb9f230|n=12,boilerplate_overuse,عبارات قالبية متكررة: تجهيزاً مرتباً قبل انتقال أو موسم ذروة | لا نضع رقماً ثابتاً لا يمثّل عقارك | نوضّح ما سيدخل في النطاق وما لن يدخل | حسب الجدولة اليومية، ومن الأحياء التي نصل إليها غالباً
12269,post,شركة بناء استراحات بالخبر,https://www.rukn-eltatawer.com/sa/majlis-building-khobar/,majlis-building-khobar,1700,0,23,30,2,56,0,2026-09-06,2026-09-09,60c83ae0d0ef7fd6|n=12,boilerplate_overuse,عبارات قالبية متكررة: تجهيزاً مرتباً قبل انتقال أو موسم ذروة | لا نضع رقماً ثابتاً لا يمثّل عقارك | نوضّح ما سيدخل في النطاق وما لن يدخل | حسب الجدولة اليومية، ومن الأحياء التي نصل إليها غالباً
11147,post,شركة صيانة ميكروويف بالرياض,https://www.rukn-eltatawer.com/sa/microwave-maintenance-riyadh/,microwave-maintenance-riyadh,1751,0,23,30,2,56,0,2026-09-06,2026-09-09,a0ee97120210d5bd|n=12,boilerplate_overuse,عبارات قالبية متكررة: تجهيزاً مرتباً قبل انتقال أو موسم ذروة | لا نضع رقماً ثابتاً لا يمثّل عقارك | نوضّح ما سيدخل في النطاق وما لن يدخل | حسب الجدولة اليومية، ومن الأحياء التي نصل إليها غالباً
12301,post,شركة بناء أسوار طابوق بالخبر,https://www.rukn-eltatawer.com/sa/block-fences-khobar/,block-fences-khobar,1793,0,23,32,2,58,0,2026-09-06,2026-09-10,a2559b27430ece93|n=12,boilerplate_overuse,عبارات قالبية متكررة: تجهيزاً مرتباً قبل انتقال أو موسم ذروة | لا نضع رقماً ثابتاً لا يمثّل عقارك | نوضّح ما سيدخل في النطاق وما لن يدخل | حسب الجدولة اليومية، ومن الأحياء التي نصل إليها غالباً
11138,post,شركة صيانة مصاعد بالرياض,https://www.rukn-eltatawer.com/sa/elevator-maintenance-riyadh/,elevator-maintenance-riyadh,1727,0,23,32,2,58,0,2026-09-06,2026-09-09,a79a150b31038bcb|n=12,boilerplate_overuse,عبارات قالبية متكررة: تجهيزاً مرتباً قبل انتقال أو موسم ذروة | لا نضع رقماً ثابتاً لا يمثّل عقارك | نوضّح ما سيدخل في النطاق وما لن يدخل | حسب الجدولة اليومية، ومن الأحياء التي نصل إليها غالباً
12437,post,شركة إنشاء ممرات حجرية بالخبر,https://www.rukn-eltatawer.com/sa/stone-pathway-khobar/,stone-pathway-khobar,1740,0,23,30,2,56,0,2026-09-06,2026-09-09,ee6505c5887c8f03|n=12,boilerplate_overuse,عبارات قالبية متكررة: تجهيزاً مرتباً قبل انتقال أو موسم ذروة | لا نضع رقماً ثابتاً لا يمثّل عقارك | نوضّح ما سيدخل في النطاق وما لن يدخل | حسب الجدولة اليومية، ومن الأحياء التي نصل إليها غالباً
11293,post,شركة صيانة مسابح بالطائف,https://www.rukn-eltatawer.com/sa/pool-maintenance-taif/,pool-maintenance-taif,1709,0,23,31,2,57,0,2026-09-06,2026-09-09,aa34b837eea2d037|n=12,boilerplate_overuse,عبارات قالبية متكررة: تجهيزاً مرتباً قبل انتقال أو موسم ذروة | لا نضع رقماً ثابتاً لا يمثّل عقارك | نوضّح ما سيدخل في النطاق وما لن يدخل | حسب الجدولة اليومية، ومن الأحياء التي نصل إليها غالباً
12053,post,شركة إصلاح تشققات الأسقف والجدران بالخبر,https://www.rukn-eltatawer.com/sa/crack-repair-khobar/,crack-repair-khobar,1834,0,23,32,2,58,0,2026-09-06,2026-09-09,397a46f24d06feb8|n=12,boilerplate_overuse,عبارات قالبية متكررة: تجهيزاً مرتباً قبل انتقال أو موسم ذروة | لا نضع رقماً ثابتاً لا يمثّل عقارك | نوضّح ما سيدخل في النطاق وما لن يدخل | حسب الجدولة اليومية، ومن الأحياء التي نصل إليها غالباً
11149,post,شركة صيانة مبردات مياه بالرياض,https://www.rukn-eltatawer.com/sa/water-cooler-maintenance-riyadh/,water-cooler-maintenance-riyadh,1815,0,23,32,2,58,0,2026-09-06,2026-09-10,44c3c86707b1c22e|n=12,boilerplate_overuse,عبارات قالبية متكررة: تجهيزاً مرتباً قبل انتقال أو موسم ذروة | لا نضع رقماً ثابتاً لا يمثّل عقارك | نوضّح ما سيدخل في النطاق وما لن يدخل | حسب الجدولة اليومية، ومن الأحياء التي نصل إليها غالباً
12925,post,شركة إزالة دهان قديم وتحضير أسطح بالخبر,https://www.rukn-eltatawer.com/sa/paint-removal-surface-prep-khobar/,paint-removal-surface-prep-khobar,1918,0,23,33,2,59,0,2026-09-06,2026-09-09,665e8a7bfddea06d|n=12,boilerplate_overuse,عبارات قالبية متكررة: تجهيزاً مرتباً قبل انتقال أو موسم ذروة | لا نضع رقماً ثابتاً لا يمثّل عقارك | نوضّح ما سيدخل في النطاق وما لن يدخل | حسب الجدولة اليومية، ومن الأحياء التي نصل إليها غالباً
11132,post,شركة صيانة مباني بالرياض,https://www.rukn-eltatawer.com/sa/building-maintenance-riyadh/,building-maintenance-riyadh,1726,0,23,31,2,57,0,2026-09-06,2026-09-09,a023d6eeb01a761b|n=12,boilerplate_overuse,عبارات قالبية متكررة: تجهيزاً مرتباً قبل انتقال أو موسم ذروة | لا نضع رقماً ثابتاً لا يمثّل عقارك | نوضّح ما سيدخل في النطاق وما لن يدخل | حسب الجدولة اليومية، ومن الأحياء التي نصل إليها غالباً
11269,post,شركة صيانة كاميرات مراقبة بالخبر,https://www.rukn-eltatawer.com/sa/cctv-maintenance-khobar/,cctv-maintenance-khobar,1776,0,23,32,2,58,0,2026-09-05,2026-09-09,b04faf4d6819b31b|n=12,boilerplate_overuse,عبارات قالبية متكررة: تجهيزاً مرتباً قبل انتقال أو موسم ذروة | لا نضع رقماً ثابتاً لا يمثّل عقارك | نوضّح ما سيدخل في النطاق وما لن يدخل | حسب الجدولة اليومية، ومن الأحياء التي نصل إليها غالباً
11145,post,شركة صيانة غسالات بالرياض,https://www.rukn-eltatawer.com/sa/washer-maintenance-riyadh/,washer-maintenance-riyadh,1766,0,23,32,2,58,0,2026-09-05,2026-09-09,47877a0c10499ab5|n=12,boilerplate_overuse,عبارات قالبية متكررة: تجهيزاً مرتباً قبل انتقال أو موسم ذروة | لا نضع رقماً ثابتاً لا يمثّل عقارك | نوضّح ما سيدخل في النطاق وما لن يدخل | حسب الجدولة اليومية، ومن الأحياء التي نصل إليها غالباً
11131,post,شركة صيانة عامة بالرياض,https://www.rukn-eltatawer.com/sa/general-maintenance-riyadh/,general-maintenance-riyadh,1752,0,23,33,2,59,0,2026-09-05,2026-09-10,9fe98677970aec68|n=12,boilerplate_overuse,عبارات قالبية متكررة: تجهيزاً مرتباً قبل انتقال أو موسم ذروة | لا نضع رقماً ثابتاً لا يمثّل عقارك | نوضّح ما سيدخل في النطاق وما لن يدخل | حسب الجدولة اليومية، ومن الأحياء التي نصل إليها غالباً
13144,post,شركة صيانة ثلاجات وتبريد تجاري بالرياض,https://www.rukn-eltatawer.com/sa/commercial-refrigeration-maintenance-riyadh/,commercial-refrigeration-maintenance-riyadh,1906,0,23,33,2,59,0,2026-09-05,2026-09-10,b89d3c19b83cb9bf|n=12,boilerplate_overuse,عبارات قالبية متكررة: تجهيزاً مرتباً قبل انتقال أو موسم ذروة | لا نضع رقماً ثابتاً لا يمثّل عقارك | نوضّح ما سيدخل في النطاق وما لن يدخل | حسب الجدولة اليومية، ومن الأحياء التي نصل إليها غالباً
11144,post,شركة صيانة ثلاجات بالرياض,https://www.rukn-eltatawer.com/sa/fridge-maintenance-riyadh/,fridge-maintenance-riyadh,1767,0,23,32,2,58,0,2026-09-05,2026-09-09,c88785fc1e5de076|n=12,boilerplate_overuse,عبارات قالبية متكررة: تجهيزاً مرتباً قبل انتقال أو موسم ذروة | لا نضع رقماً ثابتاً لا يمثّل عقارك | نوضّح ما سيدخل في النطاق وما لن يدخل | حسب الجدولة اليومية، ومن الأحياء التي نصل إليها غالباً
11142,post,شركة صيانة بوتاجازات بالرياض,https://www.rukn-eltatawer.com/sa/stove-maintenance-riyadh/,stove-maintenance-riyadh,1738,0,23,30,2,56,0,2026-09-05,2026-09-09,00edecf0c7edb288|n=12,boilerplate_overuse,عبارات قالبية متكررة: تجهيزاً مرتباً قبل انتقال أو موسم ذروة | لا نضع رقماً ثابتاً لا يمثّل عقارك | نوضّح ما سيدخل في النطاق وما لن يدخل | حسب الجدولة اليومية، ومن الأحياء التي نصل إليها غالباً
11141,post,شركة صيانة أفران بالرياض,https://www.rukn-eltatawer.com/sa/oven-maintenance-riyadh/,oven-maintenance-riyadh,1771,0,23,32,2,58,0,2026-09-05,2026-09-09,e0ce8e234db7feaf|n=12,boilerplate_overuse,عبارات قالبية متكررة: تجهيزاً مرتباً قبل انتقال أو موسم ذروة | لا نضع رقماً ثابتاً لا يمثّل عقارك | نوضّح ما سيدخل في النطاق وما لن يدخل | حسب الجدولة اليومية، ومن الأحياء التي نصل إليها غالباً
11140,post,شركة صيانة أبواب أوتوماتيكية بالرياض,https://www.rukn-eltatawer.com/sa/automatic-doors-maintenance-riyadh/,automatic-doors-maintenance-riyadh,1763,0,23,30,2,56,0,2026-09-05,2026-09-10,4bdb2d09ec9ba428|n=12,boilerplate_overuse,عبارات قالبية متكررة: تجهيزاً مرتباً قبل انتقال أو موسم ذروة | لا نضع رقماً ثابتاً لا يمثّل عقارك | نوضّح ما سيدخل في النطاق وما لن يدخل | حسب الجدولة اليومية، ومن الأحياء التي نصل إليها غالباً
12056,post,شركة شفط بيارات بالرياض,https://www.rukn-eltatawer.com/sa/septic-tank-emptying-riyadh/,septic-tank-emptying-riyadh,1728,0,23,31,2,57,0,2026-09-05,2026-09-09,8de10e4480126cad|n=12,boilerplate_overuse,عبارات قالبية متكررة: تجهيزاً مرتباً قبل انتقال أو موسم ذروة | لا نضع رقماً ثابتاً لا يمثّل عقارك | نوضّح ما سيدخل في النطاق وما لن يدخل | حسب الجدولة اليومية، ومن الأحياء التي نصل إليها غالباً
13007,post,شركة سباك منازل بأبها,https://www.rukn-eltatawer.com/sa/home-plumber-elec-abha/,home-plumber-elec-abha,1742,0,23,33,2,59,0,2026-09-05,2026-09-10,3f2a1af973037232|n=12,boilerplate_overuse,عبارات قالبية متكررة: تجهيزاً مرتباً قبل انتقال أو موسم ذروة | لا نضع رقماً ثابتاً لا يمثّل عقارك | نوضّح ما سيدخل في النطاق وما لن يدخل | حسب الجدولة اليومية، ومن الأحياء التي نصل إليها غالباً
12808,post,شركة شحن طرود سريعة بالرياض,https://www.rukn-eltatawer.com/sa/express-parcel-shipping-riyadh/,express-parcel-shipping-riyadh,1796,0,23,32,2,58,0,2026-09-05,2026-09-10,82daa2c5ea2f3c6f|n=12,boilerplate_overuse,عبارات قالبية متكررة: تجهيزاً مرتباً قبل انتقال أو موسم ذروة | لا نضع رقماً ثابتاً لا يمثّل عقارك | نوضّح ما سيدخل في النطاق وما لن يدخل | حسب الجدولة اليومية، ومن الأحياء التي نصل إليها غالباً
12800,post,شركة شحن سيارات بالرياض,https://www.rukn-eltatawer.com/sa/car-shipping-riyadh/,car-shipping-riyadh,1723,0,23,30,2,56,0,2026-09-05,2026-09-09,7440465f86b4100d|n=12,boilerplate_overuse|intent_mismatch,عبارات قالبية متكررة: تجهيزاً مرتباً قبل انتقال أو موسم ذروة | لا نضع رقماً ثابتاً لا يمثّل عقارك | نوضّح ما سيدخل في النطاق وما لن يدخل | حسب الجدولة اليومية، ومن الأحياء التي نصل إليها غالباً || عنوان شحن سيارات بينما النص يعامل الخدمة كخدمة منزل/عقار || شحن سيارات يستخدم صياغة انتقال المنازل
12840,post,شركة شحن دولي جوي بالرياض,https://www.rukn-eltatawer.com/sa/air-freight-riyadh/,air-freight-riyadh,1778,0,23,30,2,56,0,2026-09-05,2026-09-09,2daab3790d445c69|n=12,boilerplate_overuse,عبارات قالبية متكررة: تجهيزاً مرتباً قبل انتقال أو موسم ذروة | لا نضع رقماً ثابتاً لا يمثّل عقارك | نوضّح ما سيدخل في النطاق وما لن يدخل | حسب الجدولة اليومية، ومن الأحياء التي نصل إليها غالباً
12824,post,شركة شحن دولي بري بالرياض,https://www.rukn-eltatawer.com/sa/land-freight-riyadh/,land-freight-riyadh,1814,0,23,32,2,58,0,2026-09-05,2026-09-09,bc0daa3d76553276|n=12,boilerplate_overuse,عبارات قالبية متكررة: تجهيزاً مرتباً قبل انتقال أو موسم ذروة | لا نضع رقماً ثابتاً لا يمثّل عقارك | نوضّح ما سيدخل في النطاق وما لن يدخل | حسب الجدولة اليومية، ومن الأحياء التي نصل إليها غالباً
12832,post,شركة شحن دولي بحري بالرياض,https://www.rukn-eltatawer.com/sa/sea-freight-riyadh/,sea-freight-riyadh,1812,0,23,32,2,58,0,2026-09-05,2026-09-10,e46ba32e0a7c54ef|n=12,boilerplate_overuse,عبارات قالبية متكررة: تجهيزاً مرتباً قبل انتقال أو موسم ذروة | لا نضع رقماً ثابتاً لا يمثّل عقارك | نوضّح ما سيدخل في النطاق وما لن يدخل | حسب الجدولة اليومية، ومن الأحياء التي نصل إليها غالباً
12816,post,شركة شحن داخلي داخل بالرياض,https://www.rukn-eltatawer.com/sa/domestic-shipping-riyadh/,domestic-shipping-riyadh,1752,0,23,32,2,58,0,2026-09-05,2026-09-09,0bd909191b493d26|n=12,boilerplate_overuse|intent_mismatch,عبارات قالبية متكررة: تجهيزاً مرتباً قبل انتقال أو موسم ذروة | لا نضع رقماً ثابتاً لا يمثّل عقارك | نوضّح ما سيدخل في النطاق وما لن يدخل | حسب الجدولة اليومية، ومن الأحياء التي نصل إليها غالباً || عنوان شحن بينما الأسئلة تفترض شقق وفلل
12784,post,شركة شحن بضائع بالرياض,https://www.rukn-eltatawer.com/sa/cargo-shipping-riyadh/,cargo-shipping-riyadh,1751,0,23,32,2,58,0,2026-09-05,2026-09-10,4fca409352539635|n=12,boilerplate_overuse,عبارات قالبية متكررة: تجهيزاً مرتباً قبل انتقال أو موسم ذروة | لا نضع رقماً ثابتاً لا يمثّل عقارك | نوضّح ما سيدخل في النطاق وما لن يدخل | حسب الجدولة اليومية، ومن الأحياء التي نصل إليها غالباً
12792,post,شركة شحن أثاث بالرياض,https://www.rukn-eltatawer.com/sa/furniture-shipping-riyadh/,furniture-shipping-riyadh,1735,0,23,32,2,58,0,2026-09-05,2026-09-09,e1ab655b263c02e8|n=12,boilerplate_overuse|intent_mismatch,عبارات قالبية متكررة: تجهيزاً مرتباً قبل انتقال أو موسم ذروة | لا نضع رقماً ثابتاً لا يمثّل عقارك | نوضّح ما سيدخل في النطاق وما لن يدخل | حسب الجدولة اليومية، ومن الأحياء التي نصل إليها غالباً || عنوان شحن بينما الأسئلة تفترض شقق وفلل
12360,post,شركة زرع نخيل وأشجار بالرياض,https://www.rukn-eltatawer.com/sa/palm-tree-planting-riyadh/,palm-tree-planting-riyadh,1803,0,23,32,2,58,0,2026-09-05,2026-09-09,91ab2f442c019359|n=12,boilerplate_overuse,عبارات قالبية متكررة: تجهيزاً مرتباً قبل انتقال أو موسم ذروة | لا نضع رقماً ثابتاً لا يمثّل عقارك | نوضّح ما سيدخل في النطاق وما لن يدخل | حسب الجدولة اليومية، ومن الأحياء التي نصل إليها غالباً
12883,post,شركة ديكورات جبس بورد بالمدينة المنورة,https://www.rukn-eltatawer.com/sa/gypsum-board-decor-medina/,gypsum-board-decor-medina,1869,0,23,31,2,57,0,2026-09-05,2026-09-09,9758e593e97c9f45|n=12,boilerplate_overuse,عبارات قالبية متكررة: تجهيزاً مرتباً قبل انتقال أو موسم ذروة | لا نضع رقماً ثابتاً لا يمثّل عقارك | نوضّح ما سيدخل في النطاق وما لن يدخل | حسب الجدولة اليومية، ومن الأحياء التي نصل إليها غالباً
12939,post,شركة دهانات ديكورية وتأثيرات جدارية بالمدينة المنورة,https://www.rukn-eltatawer.com/sa/decorative-wall-effects-medina/,decorative-wall-effects-medina,1963,0,23,33,2,59,0,2026-09-05,2026-09-09,71ed6c9b9560ca4a|n=12,boilerplate_overuse,عبارات قالبية متكررة: تجهيزاً مرتباً قبل انتقال أو موسم ذروة | لا نضع رقماً ثابتاً لا يمثّل عقارك | نوضّح ما سيدخل في النطاق وما لن يدخل | حسب الجدولة اليومية، ومن الأحياء التي نصل إليها غالباً
12304,post,شركة دهانات داخلية بالرياض,https://www.rukn-eltatawer.com/sa/interior-painting-riyadh/,interior-painting-riyadh,1742,0,23,31,2,57,0,2026-09-05,2026-09-10,ce22f2cb6f306b31|n=12,boilerplate_overuse,عبارات قالبية متكررة: تجهيزاً مرتباً قبل انتقال أو موسم ذروة | لا نضع رقماً ثابتاً لا يمثّل عقارك | نوضّح ما سيدخل في النطاق وما لن يدخل | حسب الجدولة اليومية، ومن الأحياء التي نصل إليها غالباً
12312,post,شركة دهانات خارجية بالرياض,https://www.rukn-eltatawer.com/sa/exterior-painting-riyadh/,exterior-painting-riyadh,1755,0,23,31,2,57,0,2026-09-05,2026-09-09,8b786e2cadaee683|n=12,boilerplate_overuse,عبارات قالبية متكررة: تجهيزاً مرتباً قبل انتقال أو موسم ذروة | لا نضع رقماً ثابتاً لا يمثّل عقارك | نوضّح ما سيدخل في النطاق وما لن يدخل | حسب الجدولة اليومية، ومن الأحياء التي نصل إليها غالباً
12864,post,شركة دهان واجهات خارجية بالرياض,https://www.rukn-eltatawer.com/sa/exterior-facade-painting-riyadh/,exterior-facade-painting-riyadh,1805,0,23,31,2,57,0,2026-09-05,2026-09-09,1cac00d0b2d56f0d|n=12,boilerplate_overuse,عبارات قالبية متكررة: تجهيزاً مرتباً قبل انتقال أو موسم ذروة | لا نضع رقماً ثابتاً لا يمثّل عقارك | نوضّح ما سيدخل في النطاق وما لن يدخل | حسب الجدولة اليومية، ومن الأحياء التي نصل إليها غالباً
12912,post,شركة دهان مكاتب وشركات بالرياض,https://www.rukn-eltatawer.com/sa/office-painting-riyadh/,office-painting-riyadh,1818,0,23,31,2,57,0,2026-09-05,2026-09-09,f37bed559344c4a1|n=12,boilerplate_overuse,عبارات قالبية متكررة: تجهيزاً مرتباً قبل انتقال أو موسم ذروة | لا نضع رقماً ثابتاً لا يمثّل عقارك | نوضّح ما سيدخل في النطاق وما لن يدخل | حسب الجدولة اليومية، ومن الأحياء التي نصل إليها غالباً
12856,post,شركة دهان فلل بالرياض,https://www.rukn-eltatawer.com/sa/villa-painting-riyadh/,villa-painting-riyadh,1760,0,23,33,2,59,0,2026-09-05,2026-09-10,d7b59d486a9a64db|n=12,boilerplate_overuse,عبارات قالبية متكررة: تجهيزاً مرتباً قبل انتقال أو موسم ذروة | لا نضع رقماً ثابتاً لا يمثّل عقارك | نوضّح ما سيدخل في النطاق وما لن يدخل | حسب الجدولة اليومية، ومن الأحياء التي نصل إليها غالباً
12848,post,شركة دهان شقق بالرياض,https://www.rukn-eltatawer.com/sa/apartment-painting-riyadh/,apartment-painting-riyadh,1760,0,23,33,2,59,0,2026-09-05,2026-09-09,d2693cc7f2be32b4|n=12,boilerplate_overuse,عبارات قالبية متكررة: تجهيزاً مرتباً قبل انتقال أو موسم ذروة | لا نضع رقماً ثابتاً لا يمثّل عقارك | نوضّح ما سيدخل في النطاق وما لن يدخل | حسب الجدولة اليومية، ومن الأحياء التي نصل إليها غالباً
12888,post,شركة دهان بويات عالية الجودة بالرياض,https://www.rukn-eltatawer.com/sa/premium-paint-finishing-riyadh/,premium-paint-finishing-riyadh,1903,0,23,33,2,59,0,2026-09-05,2026-09-09,e8c293cd43b86ed8|n=12,boilerplate_overuse,عبارات قالبية متكررة: تجهيزاً مرتباً قبل انتقال أو موسم ذروة | لا نضع رقماً ثابتاً لا يمثّل عقارك | نوضّح ما سيدخل في النطاق وما لن يدخل | حسب الجدولة اليومية، ومن الأحياء التي نصل إليها غالباً
12944,post,شركة دهان أبواب وشبابيك خشبية بالرياض,https://www.rukn-eltatawer.com/sa/wood-doors-windows-painting-riyadh/,wood-doors-windows-painting-riyadh,1883,0,23,33,2,59,0,2026-09-05,2026-09-09,f23a242ecf2f3141|n=12,boilerplate_overuse,عبارات قالبية متكررة: تجهيزاً مرتباً قبل انتقال أو موسم ذروة | لا نضع رقماً ثابتاً لا يمثّل عقارك | نوضّح ما سيدخل في النطاق وما لن يدخل | حسب الجدولة اليومية، ومن الأحياء التي نصل إليها غالباً
10880,post,شركة تنظيف وصيانة دكتات المكيفات بالرياض,https://www.rukn-eltatawer.com/sa/duct-cleaning-riyadh/,duct-cleaning-riyadh,1875,0,23,33,2,59,0,2026-09-05,2026-09-10,c2e005783d8d9170|n=12,boilerplate_overuse|intent_mismatch,عبارات قالبية متكررة: تجهيزاً مرتباً قبل انتقال أو موسم ذروة | لا نضع رقماً ثابتاً لا يمثّل عقارك | نوضّح ما سيدخل في النطاق وما لن يدخل | حسب الجدولة اليومية، ومن الأحياء التي نصل إليها غالباً || عنوان عن تكييف بينما النص/الأسئلة تتحدث عن تنظيف منازل أو رخام وخشب
10876,post,شركة تنظيف واجهات زجاجية بالرياض,https://www.rukn-eltatawer.com/sa/glass-facade-cleaning-riyadh/,glass-facade-cleaning-riyadh,1816,0,23,32,2,58,0,2026-09-05,2026-09-10,a76f3dfc4ece8278|n=12,boilerplate_overuse,عبارات قالبية متكررة: تجهيزاً مرتباً قبل انتقال أو موسم ذروة | لا نضع رقماً ثابتاً لا يمثّل عقارك | نوضّح ما سيدخل في النطاق وما لن يدخل | حسب الجدولة اليومية، ومن الأحياء التي نصل إليها غالباً
10877,post,شركة تنظيف واجهات حجرية بالرياض,https://www.rukn-eltatawer.com/sa/stone-facade-cleaning-riyadh/,stone-facade-cleaning-riyadh,1802,0,23,30,2,56,0,2026-09-05,2026-09-10,d04f5a74fa051d3f|n=12,boilerplate_overuse,عبارات قالبية متكررة: تجهيزاً مرتباً قبل انتقال أو موسم ذروة | لا نضع رقماً ثابتاً لا يمثّل عقارك | نوضّح ما سيدخل في النطاق وما لن يدخل | حسب الجدولة اليومية، ومن الأحياء التي نصل إليها غالباً
10871,post,شركة تنظيف موكيت بالرياض,https://www.rukn-eltatawer.com/sa/moquette-cleaning-riyadh/,moquette-cleaning-riyadh,1761,0,23,33,2,59,0,2026-09-05,2026-09-10,56210a99d3353d9b|n=12,boilerplate_overuse,عبارات قالبية متكررة: تجهيزاً مرتباً قبل انتقال أو موسم ذروة | لا نضع رقماً ثابتاً لا يمثّل عقارك | نوضّح ما سيدخل في النطاق وما لن يدخل | حسب الجدولة اليومية، ومن الأحياء التي نصل إليها غالباً
10860,post,شركة تنظيف مكاتب بالرياض,https://www.rukn-eltatawer.com/sa/office-cleaning-riyadh/,office-cleaning-riyadh,1740,0,23,31,2,57,0,2026-09-05,2026-09-10,88fdcb2c0e6be7f1|n=12,boilerplate_overuse,عبارات قالبية متكررة: تجهيزاً مرتباً قبل انتقال أو موسم ذروة | لا نضع رقماً ثابتاً لا يمثّل عقارك | نوضّح ما سيدخل في النطاق وما لن يدخل | حسب الجدولة اليومية، ومن الأحياء التي نصل إليها غالباً
10866,post,شركة تنظيف مطابخ بالرياض,https://www.rukn-eltatawer.com/sa/kitchen-cleaning-riyadh/,kitchen-cleaning-riyadh,1756,0,23,33,2,59,0,2026-09-05,2026-09-10,030d28e536977d6d|n=12,boilerplate_overuse,عبارات قالبية متكررة: تجهيزاً مرتباً قبل انتقال أو موسم ذروة | لا نضع رقماً ثابتاً لا يمثّل عقارك | نوضّح ما سيدخل في النطاق وما لن يدخل | حسب الجدولة اليومية، ومن الأحياء التي نصل إليها غالباً
10863,post,شركة تنظيف مستشفيات وعيادات بالرياض,https://www.rukn-eltatawer.com/sa/hospital-clinic-cleaning-riyadh/,hospital-clinic-cleaning-riyadh,1820,0,23,31,2,57,0,2026-09-05,2026-09-10,4218acaccf10579a|n=12,boilerplate_overuse,عبارات قالبية متكررة: تجهيزاً مرتباً قبل انتقال أو موسم ذروة | لا نضع رقماً ثابتاً لا يمثّل عقارك | نوضّح ما سيدخل في النطاق وما لن يدخل | حسب الجدولة اليومية، ومن الأحياء التي نصل إليها غالباً
11021,post,شركة تنظيف مسابح بالطائف,https://www.rukn-eltatawer.com/sa/pool-cleaning-taif/,pool-cleaning-taif,1760,0,23,33,2,59,0,2026-09-05,2026-09-10,928c97966166ffda|n=12,boilerplate_overuse,عبارات قالبية متكررة: تجهيزاً مرتباً قبل انتقال أو موسم ذروة | لا نضع رقماً ثابتاً لا يمثّل عقارك | نوضّح ما سيدخل في النطاق وما لن يدخل | حسب الجدولة اليومية، ومن الأحياء التي نصل إليها غالباً
10874,post,شركة تنظيف مراتب بالرياض,https://www.rukn-eltatawer.com/sa/mattress-cleaning-riyadh/,mattress-cleaning-riyadh,1756,0,23,33,2,59,0,2026-09-05,2026-09-10,e130495a6b7037d0|n=12,boilerplate_overuse,عبارات قالبية متكررة: تجهيزاً مرتباً قبل انتقال أو موسم ذروة | لا نضع رقماً ثابتاً لا يمثّل عقارك | نوضّح ما سيدخل في النطاق وما لن يدخل | حسب الجدولة اليومية، ومن الأحياء التي نصل إليها غالباً
10862,post,شركة تنظيف مدارس وحضانات بالرياض,https://www.rukn-eltatawer.com/sa/school-nursery-cleaning-riyadh/,school-nursery-cleaning-riyadh,1821,0,23,33,2,59,0,2026-09-05,2026-09-10,7ded025d77d0dee1|n=12,boilerplate_overuse,عبارات قالبية متكررة: تجهيزاً مرتباً قبل انتقال أو موسم ذروة | لا نضع رقماً ثابتاً لا يمثّل عقارك | نوضّح ما سيدخل في النطاق وما لن يدخل | حسب الجدولة اليومية، ومن الأحياء التي نصل إليها غالباً
10864,post,شركة تنظيف محلات تجارية ومولات بالرياض,https://www.rukn-eltatawer.com/sa/mall-cleaning-riyadh/,mall-cleaning-riyadh,1863,0,23,31,2,57,0,2026-09-05,2026-09-10,9dcc7ff7469e24d9|n=12,boilerplate_overuse,عبارات قالبية متكررة: تجهيزاً مرتباً قبل انتقال أو موسم ذروة | لا نضع رقماً ثابتاً لا يمثّل عقارك | نوضّح ما سيدخل في النطاق وما لن يدخل | حسب الجدولة اليومية، ومن الأحياء التي نصل إليها غالباً
10861,post,شركة تنظيف مجالس بالرياض,https://www.rukn-eltatawer.com/sa/majlis-cleaning-riyadh/,majlis-cleaning-riyadh,1697,0,23,30,2,56,0,2026-09-05,2026-09-10,8493a86e645fdf8d|n=12,boilerplate_overuse,عبارات قالبية متكررة: تجهيزاً مرتباً قبل انتقال أو موسم ذروة | لا نضع رقماً ثابتاً لا يمثّل عقارك | نوضّح ما سيدخل في النطاق وما لن يدخل | حسب الجدولة اليومية، ومن الأحياء التي نصل إليها غالباً
10878,post,شركة تنظيف كراجات ومواقف سيارات بالرياض,https://www.rukn-eltatawer.com/sa/garage-cleaning-riyadh/,garage-cleaning-riyadh,1897,0,23,33,2,59,0,2026-09-05,2026-09-10,534243c104a5eaa0|n=12,boilerplate_overuse,عبارات قالبية متكررة: تجهيزاً مرتباً قبل انتقال أو موسم ذروة | لا نضع رقماً ثابتاً لا يمثّل عقارك | نوضّح ما سيدخل في النطاق وما لن يدخل | حسب الجدولة اليومية، ومن الأحياء التي نصل إليها غالباً
10859,post,شركة تنظيف قصور بالرياض,https://www.rukn-eltatawer.com/sa/palace-cleaning-riyadh/,palace-cleaning-riyadh,1774,0,23,33,2,59,0,2026-09-05,2026-09-10,25515c67ac19ad4e|n=12,boilerplate_overuse,عبارات قالبية متكررة: تجهيزاً مرتباً قبل انتقال أو موسم ذروة | لا نضع رقماً ثابتاً لا يمثّل عقارك | نوضّح ما سيدخل في النطاق وما لن يدخل | حسب الجدولة اليومية، ومن الأحياء التي نصل إليها غالباً
10873,post,شركة تنظيف ستائر بالرياض,https://www.rukn-eltatawer.com/sa/curtain-cleaning-riyadh/,curtain-cleaning-riyadh,1741,0,23,31,2,57,0,2026-09-05,2026-09-10,0b277f8312ed012a|n=12,boilerplate_overuse,عبارات قالبية متكررة: تجهيزاً مرتباً قبل انتقال أو موسم ذروة | لا نضع رقماً ثابتاً لا يمثّل عقارك | نوضّح ما سيدخل في النطاق وما لن يدخل | حسب الجدولة اليومية، ومن الأحياء التي نصل إليها غالباً
10868,post,شركة تنظيف خزانات مياه بالرياض,https://www.rukn-eltatawer.com/sa/water-tank-cleaning-riyadh/,water-tank-cleaning-riyadh,1841,0,23,31,2,57,0,2026-09-05,2026-09-10,3193c4cb472ce372|n=12,boilerplate_overuse,عبارات قالبية متكررة: تجهيزاً مرتباً قبل انتقال أو موسم ذروة | لا نضع رقماً ثابتاً لا يمثّل عقارك | نوضّح ما سيدخل في النطاق وما لن يدخل | حسب الجدولة اليومية، ومن الأحياء التي نصل إليها غالباً
10869,post,شركة تنظيف خزانات ديزل بالرياض,https://www.rukn-eltatawer.com/sa/diesel-tank-cleaning-riyadh/,diesel-tank-cleaning-riyadh,1843,0,23,33,2,59,0,2026-09-05,2026-09-10,1bf1845c226271a1|n=12,boilerplate_overuse,عبارات قالبية متكررة: تجهيزاً مرتباً قبل انتقال أو موسم ذروة | لا نضع رقماً ثابتاً لا يمثّل عقارك | نوضّح ما سيدخل في النطاق وما لن يدخل | حسب الجدولة اليومية، ومن الأحياء التي نصل إليها غالباً
10867,post,شركة تنظيف حمامات بالرياض,https://www.rukn-eltatawer.com/sa/bathroom-cleaning-riyadh/,bathroom-cleaning-riyadh,1739,0,23,31,2,57,0,2026-09-05,2026-09-10,effb437b30d4a7a8|n=12,boilerplate_overuse,عبارات قالبية متكررة: تجهيزاً مرتباً قبل انتقال أو موسم ذروة | لا نضع رقماً ثابتاً لا يمثّل عقارك | نوضّح ما سيدخل في النطاق وما لن يدخل | حسب الجدولة اليومية، ومن الأحياء التي نصل إليها غالباً
10881,post,شركة تنظيف المداخن والشفاطات بالرياض,https://www.rukn-eltatawer.com/sa/chimney-cleaning-riyadh/,chimney-cleaning-riyadh,1803,0,23,31,2,57,0,2026-09-05,2026-09-10,4ebd8656b4fb92c9|n=12,boilerplate_overuse,عبارات قالبية متكررة: تجهيزاً مرتباً قبل انتقال أو موسم ذروة | لا نضع رقماً ثابتاً لا يمثّل عقارك | نوضّح ما سيدخل في النطاق وما لن يدخل | حسب الجدولة اليومية، ومن الأحياء التي نصل إليها غالباً
11057,post,شركة تنظيف أرضيات رخام وجلي رخام بأبها,https://www.rukn-eltatawer.com/sa/marble-polishing-abha/,marble-polishing-abha,1948,0,23,33,2,59,0,2026-09-05,2026-09-10,54513cae7590e714|n=12,boilerplate_overuse,عبارات قالبية متكررة: تجهيزاً مرتباً قبل انتقال أو موسم ذروة | لا نضع رقماً ثابتاً لا يمثّل عقارك | نوضّح ما سيدخل في النطاق وما لن يدخل | حسب الجدولة اليومية، ومن الأحياء التي نصل إليها غالباً
12488,post,شركة تغليف أثاث احترافي بالرياض,https://www.rukn-eltatawer.com/sa/furniture-packaging-riyadh/,furniture-packaging-riyadh,1809,0,23,33,2,59,0,2026-09-05,2026-09-09,0255a2290c0e543b|n=12,boilerplate_overuse,عبارات قالبية متكررة: تجهيزاً مرتباً قبل انتقال أو موسم ذروة | لا نضع رقماً ثابتاً لا يمثّل عقارك | نوضّح ما سيدخل في النطاق وما لن يدخل | حسب الجدولة اليومية، ومن الأحياء التي نصل إليها غالباً
12323,post,شركة تصميم وتنفيذ ديكورات بالمدينة المنورة,https://www.rukn-eltatawer.com/sa/decor-design-medina/,decor-design-medina,1880,0,23,30,2,56,0,2026-09-05,2026-09-09,1186dbbb370efed9|n=12,boilerplate_overuse,عبارات قالبية متكررة: تجهيزاً مرتباً قبل انتقال أو موسم ذروة | لا نضع رقماً ثابتاً لا يمثّل عقارك | نوضّح ما سيدخل في النطاق وما لن يدخل | حسب الجدولة اليومية، ومن الأحياء التي نصل إليها غالباً
12904,post,شركة تشطيب ودهان فلل جديدة بالرياض,https://www.rukn-eltatawer.com/sa/new-villa-finishing-painting-riyadh/,new-villa-finishing-painting-riyadh,1885,0,23,31,2,57,0,2026-09-05,2026-09-10,a0726ec1b1671c91|n=12,boilerplate_overuse,عبارات قالبية متكررة: تجهيزاً مرتباً قبل انتقال أو موسم ذروة | لا نضع رقماً ثابتاً لا يمثّل عقارك | نوضّح ما سيدخل في النطاق وما لن يدخل | حسب الجدولة اليومية، ومن الأحياء التي نصل إليها غالباً
12024,post,شركة ترميم وصيانة مباني بالرياض,https://www.rukn-eltatawer.com/sa/building-renovation-riyadh/,building-renovation-riyadh,1797,0,23,33,2,59,0,2026-09-05,2026-09-09,d37c74075eb42809|n=12,boilerplate_overuse,عبارات قالبية متكررة: تجهيزاً مرتباً قبل انتقال أو موسم ذروة | لا نضع رقماً ثابتاً لا يمثّل عقارك | نوضّح ما سيدخل في النطاق وما لن يدخل | حسب الجدولة اليومية، ومن الأحياء التي نصل إليها غالباً
12032,post,شركة ترميم منازل قديمة بالرياض,https://www.rukn-eltatawer.com/sa/old-house-renovation-riyadh/,old-house-renovation-riyadh,1801,0,23,33,2,59,0,2026-09-05,2026-09-09,a4785812719a9d6e|n=12,boilerplate_overuse,عبارات قالبية متكررة: تجهيزاً مرتباً قبل انتقال أو موسم ذروة | لا نضع رقماً ثابتاً لا يمثّل عقارك | نوضّح ما سيدخل في النطاق وما لن يدخل | حسب الجدولة اليومية، ومن الأحياء التي نصل إليها غالباً
12016,post,شركة ترميم مطابخ بالرياض,https://www.rukn-eltatawer.com/sa/kitchen-renovation-riyadh/,kitchen-renovation-riyadh,1749,0,23,33,2,59,0,2026-09-05,2026-09-10,7ada880d0949dfc6|n=12,boilerplate_overuse,عبارات قالبية متكررة: تجهيزاً مرتباً قبل انتقال أو موسم ذروة | لا نضع رقماً ثابتاً لا يمثّل عقارك | نوضّح ما سيدخل في النطاق وما لن يدخل | حسب الجدولة اليومية، ومن الأحياء التي نصل إليها غالباً
12008,post,شركة ترميم حمامات بالرياض,https://www.rukn-eltatawer.com/sa/bathroom-renovation-riyadh/,bathroom-renovation-riyadh,1720,0,23,31,2,57,0,2026-09-05,2026-09-09,923724ceb2e3954b|n=12,boilerplate_overuse,عبارات قالبية متكررة: تجهيزاً مرتباً قبل انتقال أو موسم ذروة | لا نضع رقماً ثابتاً لا يمثّل عقارك | نوضّح ما سيدخل في النطاق وما لن يدخل | حسب الجدولة اليومية، ومن الأحياء التي نصل إليها غالباً
12496,post,شركة تركيب وفك الأثاث بالرياض,https://www.rukn-eltatawer.com/sa/furniture-assembly-riyadh/,furniture-assembly-riyadh,1810,0,23,31,2,57,0,2026-09-05,2026-09-10,26c3a81541b13064|n=12,boilerplate_overuse,عبارات قالبية متكررة: تجهيزاً مرتباً قبل انتقال أو موسم ذروة | لا نضع رقماً ثابتاً لا يمثّل عقارك | نوضّح ما سيدخل في النطاق وما لن يدخل | حسب الجدولة اليومية، ومن الأحياء التي نصل إليها غالباً
11153,post,شركة تركيب وصيانة محطات تحلية المياه بالرياض,https://www.rukn-eltatawer.com/sa/ro-plants-riyadh/,ro-plants-riyadh,1964,0,23,33,2,59,0,2026-09-05,2026-09-09,bfd902d7ec567371|n=12,boilerplate_overuse,عبارات قالبية متكررة: تجهيزاً مرتباً قبل انتقال أو موسم ذروة | لا نضع رقماً ثابتاً لا يمثّل عقارك | نوضّح ما سيدخل في النطاق وما لن يدخل | حسب الجدولة اليومية، ومن الأحياء التي نصل إليها غالباً
11154,post,شركة تركيب وصيانة فلاتر مياه بالرياض,https://www.rukn-eltatawer.com/sa/water-filters-riyadh/,water-filters-riyadh,1872,0,23,33,2,59,0,2026-09-05,2026-09-09,eafdf5c3b45e8110|n=12,boilerplate_overuse,عبارات قالبية متكررة: تجهيزاً مرتباً قبل انتقال أو موسم ذروة | لا نضع رقماً ثابتاً لا يمثّل عقارك | نوضّح ما سيدخل في النطاق وما لن يدخل | حسب الجدولة اليومية، ومن الأحياء التي نصل إليها غالباً
11151,post,شركة تركيب وصيانة شفاطات مطابخ بالرياض,https://www.rukn-eltatawer.com/sa/kitchen-hoods-riyadh/,kitchen-hoods-riyadh,1840,0,23,31,2,57,0,2026-09-05,2026-09-09,b5ed9c69d22fc73f|n=12,boilerplate_overuse,عبارات قالبية متكررة: تجهيزاً مرتباً قبل انتقال أو موسم ذروة | لا نضع رقماً ثابتاً لا يمثّل عقارك | نوضّح ما سيدخل في النطاق وما لن يدخل | حسب الجدولة اليومية، ومن الأحياء التي نصل إليها غالباً
11156,post,شركة تركيب وصيانة أنظمة تنقية الهواء بالرياض,https://www.rukn-eltatawer.com/sa/air-purification-riyadh/,air-purification-riyadh,1914,0,23,31,2,57,0,2026-09-05,2026-09-09,c957979befdea564|n=12,boilerplate_overuse,عبارات قالبية متكررة: تجهيزاً مرتباً قبل انتقال أو موسم ذروة | لا نضع رقماً ثابتاً لا يمثّل عقارك | نوضّح ما سيدخل في النطاق وما لن يدخل | حسب الجدولة اليومية، ومن الأحياء التي نصل إليها غالباً
11155,post,شركة تركيب وصيانة أجهزة تبريد مياه الخزانات بالرياض,https://www.rukn-eltatawer.com/sa/tank-water-chiller-riyadh/,tank-water-chiller-riyadh,2057,0,23,33,2,59,0,2026-09-05,2026-09-10,5656996419a81395|n=12,boilerplate_overuse,عبارات قالبية متكررة: تجهيزاً مرتباً قبل انتقال أو موسم ذروة | لا نضع رقماً ثابتاً لا يمثّل عقارك | نوضّح ما سيدخل في النطاق وما لن يدخل | حسب الجدولة اليومية، ومن الأحياء التي نصل إليها غالباً
12872,post,شركة تركيب ورق حائط بالرياض,https://www.rukn-eltatawer.com/sa/wallpaper-installation-riyadh/,wallpaper-installation-riyadh,1800,0,23,31,2,57,0,2026-09-05,2026-09-09,1c4b970c5d0cebbb|n=12,boilerplate_overuse,عبارات قالبية متكررة: تجهيزاً مرتباً قبل انتقال أو موسم ذروة | لا نضع رقماً ثابتاً لا يمثّل عقارك | نوضّح ما سيدخل في النطاق وما لن يدخل | حسب الجدولة اليومية، ومن الأحياء التي نصل إليها غالباً
12168,post,شركة تركيب ورق جدران بالرياض,https://www.rukn-eltatawer.com/sa/wallpaper-riyadh/,wallpaper-riyadh,1782,0,23,31,2,57,0,2026-09-05,2026-09-09,aa34b837eea2d037|n=12,boilerplate_overuse,عبارات قالبية متكررة: تجهيزاً مرتباً قبل انتقال أو موسم ذروة | لا نضع رقماً ثابتاً لا يمثّل عقارك | نوضّح ما سيدخل في النطاق وما لن يدخل | حسب الجدولة اليومية، ومن الأحياء التي نصل إليها غالباً
12448,post,شركة تركيب نوافير جدارية بالرياض,https://www.rukn-eltatawer.com/sa/wall-fountain-riyadh/,wall-fountain-riyadh,1783,0,23,31,2,57,0,2026-09-05,2026-09-09,9c336cb20e7fe987|n=12,boilerplate_overuse,عبارات قالبية متكررة: تجهيزاً مرتباً قبل انتقال أو موسم ذروة | لا نضع رقماً ثابتاً لا يمثّل عقارك | نوضّح ما سيدخل في النطاق وما لن يدخل | حسب الجدولة اليومية، ومن الأحياء التي نصل إليها غالباً
12232,post,شركة تركيب مظلات وسواتر بالرياض,https://www.rukn-eltatawer.com/sa/shades-sails-riyadh/,shades-sails-riyadh,1786,0,23,30,2,56,0,2026-09-05,2026-09-10,54d1f2cd080d25bd|n=12,boilerplate_overuse,عبارات قالبية متكررة: تجهيزاً مرتباً قبل انتقال أو موسم ذروة | لا نضع رقماً ثابتاً لا يمثّل عقارك | نوضّح ما سيدخل في النطاق وما لن يدخل | حسب الجدولة اليومية، ومن الأحياء التي نصل إليها غالباً
12208,post,شركة تركيب مطابخ بالرياض,https://www.rukn-eltatawer.com/sa/kitchen-installation-riyadh/,kitchen-installation-riyadh,1735,0,23,33,2,59,0,2026-09-05,2026-09-10,0fbbd5e32a6a8a5d|n=12,boilerplate_overuse,عبارات قالبية متكررة: تجهيزاً مرتباً قبل انتقال أو موسم ذروة | لا نضع رقماً ثابتاً لا يمثّل عقارك | نوضّح ما سيدخل في النطاق وما لن يدخل | حسب الجدولة اليومية، ومن الأحياء التي نصل إليها غالباً
12648,post,شركة تركيب مسامير طاردة للحمام بالرياض,https://www.rukn-eltatawer.com/sa/pigeon-spikes-installation-riyadh/,pigeon-spikes-installation-riyadh,1882,0,23,32,2,58,0,2026-09-05,2026-09-09,57368a9b1a6705f0|n=12,boilerplate_overuse,عبارات قالبية متكررة: تجهيزاً مرتباً قبل انتقال أو موسم ذروة | لا نضع رقماً ثابتاً لا يمثّل عقارك | نوضّح ما سيدخل في النطاق وما لن يدخل | حسب الجدولة اليومية، ومن الأحياء التي نصل إليها غالباً
12080,post,شركة تركيب كربستون بالرياض,https://www.rukn-eltatawer.com/sa/kerbstone-riyadh/,kerbstone-riyadh,1730,0,23,32,2,58,0,2026-09-05,2026-09-09,04145549da01d869|n=12,boilerplate_overuse,عبارات قالبية متكررة: تجهيزاً مرتباً قبل انتقال أو موسم ذروة | لا نضع رقماً ثابتاً لا يمثّل عقارك | نوضّح ما سيدخل في النطاق وما لن يدخل | حسب الجدولة اليومية، ومن الأحياء التي نصل إليها غالباً
12144,post,شركة تركيب فوم للجدران بالرياض,https://www.rukn-eltatawer.com/sa/wall-foam-riyadh/,wall-foam-riyadh,1893,0,23,33,2,59,0,2026-09-05,2026-09-09,26dad32031b8e016|n=12,boilerplate_overuse,عبارات قالبية متكررة: تجهيزاً مرتباً قبل انتقال أو موسم ذروة | لا نضع رقماً ثابتاً لا يمثّل عقارك | نوضّح ما سيدخل في النطاق وما لن يدخل | حسب الجدولة اليومية، ومن الأحياء التي نصل إليها غالباً
12192,post,شركة تركيب فواصل زجاجية وألومنيوم بالرياض,https://www.rukn-eltatawer.com/sa/glass-aluminium-partitions-riyadh/,glass-aluminium-partitions-riyadh,1840,0,23,30,2,56,0,2026-09-05,2026-09-09,7acde4bd32b3e04e|n=12,boilerplate_overuse,عبارات قالبية متكررة: تجهيزاً مرتباً قبل انتقال أو موسم ذروة | لا نضع رقماً ثابتاً لا يمثّل عقارك | نوضّح ما سيدخل في النطاق وما لن يدخل | حسب الجدولة اليومية، ومن الأحياء التي نصل إليها غالباً
12424,post,شركة تركيب عرائش خشبية بالرياض,https://www.rukn-eltatawer.com/sa/wooden-arbor-installation-riyadh/,wooden-arbor-installation-riyadh,1801,0,23,32,2,58,0,2026-09-05,2026-09-10,50c7ea05d2996ee7|n=12,boilerplate_overuse,عبارات قالبية متكررة: تجهيزاً مرتباً قبل انتقال أو موسم ذروة | لا نضع رقماً ثابتاً لا يمثّل عقارك | نوضّح ما سيدخل في النطاق وما لن يدخل | حسب الجدولة اليومية، ومن الأحياء التي نصل إليها غالباً
12088,post,شركة تركيب طابوق بالرياض,https://www.rukn-eltatawer.com/sa/brickwork-riyadh/,brickwork-riyadh,1732,0,23,32,2,58,0,2026-09-05,2026-09-10,a539ce3ba9b56c9b|n=12,boilerplate_overuse,عبارات قالبية متكررة: تجهيزاً مرتباً قبل انتقال أو موسم ذروة | لا نضع رقماً ثابتاً لا يمثّل عقارك | نوضّح ما سيدخل في النطاق وما لن يدخل | حسب الجدولة اليومية، ومن الأحياء التي نصل إليها غالباً
12440,post,شركة تركيب شلالات اصطناعية بالرياض,https://www.rukn-eltatawer.com/sa/artificial-waterfall-riyadh/,artificial-waterfall-riyadh,1778,0,23,31,2,57,0,2026-09-05,2026-09-09,aa34b837eea2d037|n=12,boilerplate_overuse,عبارات قالبية متكررة: تجهيزاً مرتباً قبل انتقال أو موسم ذروة | لا نضع رقماً ثابتاً لا يمثّل عقارك | نوضّح ما سيدخل في النطاق وما لن يدخل | حسب الجدولة اليومية، ومن الأحياء التي نصل إليها غالباً
12376,post,شركة تركيب شبكات ري حديثة بالرياض,https://www.rukn-eltatawer.com/sa/modern-irrigation-riyadh/,modern-irrigation-riyadh,1849,0,23,30,2,56,0,2026-09-05,2026-09-10,9659f48c808f9246|n=12,boilerplate_overuse,عبارات قالبية متكررة: تجهيزاً مرتباً قبل انتقال أو موسم ذروة | لا نضع رقماً ثابتاً لا يمثّل عقارك | نوضّح ما سيدخل في النطاق وما لن يدخل | حسب الجدولة اليومية، ومن الأحياء التي نصل إليها غالباً
12384,post,شركة تركيب شبكات ري أوتوماتيكية بالرياض,https://www.rukn-eltatawer.com/sa/automatic-irrigation-riyadh/,automatic-irrigation-riyadh,1849,0,23,30,2,56,0,2026-09-05,2026-09-09,68a8ba85b4420763|n=12,boilerplate_overuse,عبارات قالبية متكررة: تجهيزاً مرتباً قبل انتقال أو موسم ذروة | لا نضع رقماً ثابتاً لا يمثّل عقارك | نوضّح ما سيدخل في النطاق وما لن يدخل | حسب الجدولة اليومية، ومن الأحياء التي نصل إليها غالباً
12640,post,شركة تركيب شبك طارد للحمام بالرياض,https://www.rukn-eltatawer.com/sa/pigeon-net-installation-riyadh/,pigeon-net-installation-riyadh,1867,0,23,30,2,56,0,2026-09-05,2026-09-10,d9d35be179b756bf|n=12,boilerplate_overuse,عبارات قالبية متكررة: تجهيزاً مرتباً قبل انتقال أو موسم ذروة | لا نضع رقماً ثابتاً لا يمثّل عقارك | نوضّح ما سيدخل في النطاق وما لن يدخل | حسب الجدولة اليومية، ومن الأحياء التي نصل إليها غالباً
12224,post,شركة تركيب شبابيك بالرياض,https://www.rukn-eltatawer.com/sa/windows-installation-riyadh/,windows-installation-riyadh,1747,0,23,32,2,58,0,2026-09-05,2026-09-09,4cf3145df00b6f8d|n=12,boilerplate_overuse,عبارات قالبية متكررة: تجهيزاً مرتباً قبل انتقال أو موسم ذروة | لا نضع رقماً ثابتاً لا يمثّل عقارك | نوضّح ما سيدخل في النطاق وما لن يدخل | حسب الجدولة اليومية، ومن الأحياء التي نصل إليها غالباً
12104,post,شركة تركيب سيراميك وبورسلين بالرياض,https://www.rukn-eltatawer.com/sa/ceramic-porcelain-riyadh/,ceramic-porcelain-riyadh,1788,0,23,32,2,58,0,2026-09-05,2026-09-09,4259922b8f3076fe|n=12,boilerplate_overuse,عبارات قالبية متكررة: تجهيزاً مرتباً قبل انتقال أو موسم ذروة | لا نضع رقماً ثابتاً لا يمثّل عقارك | نوضّح ما سيدخل في النطاق وما لن يدخل | حسب الجدولة اليومية، ومن الأحياء التي نصل إليها غالباً
12176,post,شركة تركيب سجاد أرضيات بالرياض,https://www.rukn-eltatawer.com/sa/floor-carpeting-riyadh/,floor-carpeting-riyadh,1767,0,23,32,2,58,0,2026-09-05,2026-09-09,0c309ff14ce0e107|n=12,boilerplate_overuse,عبارات قالبية متكررة: تجهيزاً مرتباً قبل انتقال أو موسم ذروة | لا نضع رقماً ثابتاً لا يمثّل عقارك | نوضّح ما سيدخل في النطاق وما لن يدخل | حسب الجدولة اليومية، ومن الأحياء التي نصل إليها غالباً
12200,post,شركة تركيب زجاج وألوميتال بالرياض,https://www.rukn-eltatawer.com/sa/glass-alumetal-riyadh/,glass-alumetal-riyadh,1792,0,23,32,2,58,0,2026-09-05,2026-09-09,cb57185b01455763|n=12,boilerplate_overuse,عبارات قالبية متكررة: تجهيزاً مرتباً قبل انتقال أو موسم ذروة | لا نضع رقماً ثابتاً لا يمثّل عقارك | نوضّح ما سيدخل في النطاق وما لن يدخل | حسب الجدولة اليومية، ومن الأحياء التي نصل إليها غالباً
12136,post,شركة تركيب رخام وجرانيت بالرياض,https://www.rukn-eltatawer.com/sa/marble-granite-riyadh/,marble-granite-riyadh,1800,0,23,32,2,58,0,2026-09-05,2026-09-10,fd806907f7d15b96|n=12,boilerplate_overuse,عبارات قالبية متكررة: تجهيزاً مرتباً قبل انتقال أو موسم ذروة | لا نضع رقماً ثابتاً لا يمثّل عقارك | نوضّح ما سيدخل في النطاق وما لن يدخل | حسب الجدولة اليومية، ومن الأحياء التي نصل إليها غالباً
12128,post,شركة تركيب حجر طبيعي وصناعي بالرياض,https://www.rukn-eltatawer.com/sa/stone-riyadh/,stone-riyadh,1863,0,23,32,2,58,0,2026-09-05,2026-09-09,f463bdbcd77fdceb|n=12,boilerplate_overuse,عبارات قالبية متكررة: تجهيزاً مرتباً قبل انتقال أو موسم ذروة | لا نضع رقماً ثابتاً لا يمثّل عقارك | نوضّح ما سيدخل في النطاق وما لن يدخل | حسب الجدولة اليومية، ومن الأحياء التي نصل إليها غالباً
12155,post,شركة تركيب جبس بورد بالمدينة المنورة,https://www.rukn-eltatawer.com/sa/gypsum-board-medina/,gypsum-board-medina,1898,0,23,33,2,59,0,2026-09-05,2026-09-09,88792784901ca688|n=12,boilerplate_overuse,عبارات قالبية متكررة: تجهيزاً مرتباً قبل انتقال أو موسم ذروة | لا نضع رقماً ثابتاً لا يمثّل عقارك | نوضّح ما سيدخل في النطاق وما لن يدخل | حسب الجدولة اليومية، ومن الأحياء التي نصل إليها غالباً
12096,post,شركة تركيب بلاستر بالرياض,https://www.rukn-eltatawer.com/sa/plastering-riyadh/,plastering-riyadh,1711,0,23,30,2,56,0,2026-09-05,2026-09-09,b72d7c00fade4176|n=12,boilerplate_overuse,عبارات قالبية متكررة: تجهيزاً مرتباً قبل انتقال أو موسم ذروة | لا نضع رقماً ثابتاً لا يمثّل عقارك | نوضّح ما سيدخل في النطاق وما لن يدخل | حسب الجدولة اليومية، ومن الأحياء التي نصل إليها غالباً
12416,post,شركة تركيب برجولات بالرياض,https://www.rukn-eltatawer.com/sa/pergola-installation-riyadh/,pergola-installation-riyadh,1709,0,23,30,2,56,0,2026-09-05,2026-09-09,8faa40b0c9e6394c|n=12,boilerplate_overuse,عبارات قالبية متكررة: تجهيزاً مرتباً قبل انتقال أو موسم ذروة | لا نضع رقماً ثابتاً لا يمثّل عقارك | نوضّح ما سيدخل في النطاق وما لن يدخل | حسب الجدولة اليومية، ومن الأحياء التي نصل إليها غالباً
12115,post,شركة تركيب باركيه وأرضيات خشب بالمدينة المنورة,https://www.rukn-eltatawer.com/sa/parquet-medina/,parquet-medina,1904,0,23,30,2,56,0,2026-09-05,2026-09-09,a617823dc6a00833|n=12,boilerplate_overuse,عبارات قالبية متكررة: تجهيزاً مرتباً قبل انتقال أو موسم ذروة | لا نضع رقماً ثابتاً لا يمثّل عقارك | نوضّح ما سيدخل في النطاق وما لن يدخل | حسب الجدولة اليومية، ومن الأحياء التي نصل إليها غالباً
12072,post,شركة تركيب انترلوك بالرياض,https://www.rukn-eltatawer.com/sa/interlock-riyadh/,interlock-riyadh,1735,0,23,32,2,58,0,2026-09-05,2026-09-09,04145549da01d869|n=12,boilerplate_overuse,عبارات قالبية متكررة: تجهيزاً مرتباً قبل انتقال أو موسم ذروة | لا نضع رقماً ثابتاً لا يمثّل عقارك | نوضّح ما سيدخل في النطاق وما لن يدخل | حسب الجدولة اليومية، ومن الأحياء التي نصل إليها غالباً
12512,post,شركة تركيب أنظمة طاقة شمسية بالرياض,https://www.rukn-eltatawer.com/sa/solar-systems-installation-riyadh/,solar-systems-installation-riyadh,1861,0,23,33,2,59,0,2026-09-05,2026-09-09,de1f690db8bc016b|n=12,boilerplate_overuse,عبارات قالبية متكررة: تجهيزاً مرتباً قبل انتقال أو موسم ذروة | لا نضع رقماً ثابتاً لا يمثّل عقارك | نوضّح ما سيدخل في النطاق وما لن يدخل | حسب الجدولة اليومية، ومن الأحياء التي نصل إليها غالباً
12184,post,شركة تركيب أسقف مستعارة بالرياض,https://www.rukn-eltatawer.com/sa/suspended-ceiling-riyadh/,suspended-ceiling-riyadh,1796,0,23,31,2,57,0,2026-09-05,2026-09-10,e81b85570a63e4bc|n=12,boilerplate_overuse,عبارات قالبية متكررة: تجهيزاً مرتباً قبل انتقال أو موسم ذروة | لا نضع رقماً ثابتاً لا يمثّل عقارك | نوضّح ما سيدخل في النطاق وما لن يدخل | حسب الجدولة اليومية، ومن الأحياء التي نصل إليها غالباً
12163,post,شركة تركيب أسقف جبسية / فورسيلنج بالمدينة المنورة,https://www.rukn-eltatawer.com/sa/false-ceiling-medina/,false-ceiling-medina,1961,0,23,31,2,57,0,2026-09-05,2026-09-09,df1dc9b5d8eae740|n=12,boilerplate_overuse,عبارات قالبية متكررة: تجهيزاً مرتباً قبل انتقال أو موسم ذروة | لا نضع رقماً ثابتاً لا يمثّل عقارك | نوضّح ما سيدخل في النطاق وما لن يدخل | حسب الجدولة اليومية، ومن الأحياء التي نصل إليها غالباً
12120,post,شركة تركيب أرضيات فينيل بالرياض,https://www.rukn-eltatawer.com/sa/vinyl-flooring-riyadh/,vinyl-flooring-riyadh,1776,0,23,32,2,58,0,2026-09-05,2026-09-09,86871f7ebfa457f4|n=12,boilerplate_overuse,عبارات قالبية متكررة: تجهيزاً مرتباً قبل انتقال أو موسم ذروة | لا نضع رقماً ثابتاً لا يمثّل عقارك | نوضّح ما سيدخل في النطاق وما لن يدخل | حسب الجدولة اليومية، ومن الأحياء التي نصل إليها غالباً
13032,post,شركة تركيب أدوات صحية بالرياض,https://www.rukn-eltatawer.com/sa/sanitary-fixtures-installation-riyadh/,sanitary-fixtures-installation-riyadh,1788,0,23,31,2,57,0,2026-09-05,2026-09-10,aa34b837eea2d037|n=12,boilerplate_overuse,عبارات قالبية متكررة: تجهيزاً مرتباً قبل انتقال أو موسم ذروة | لا نضع رقماً ثابتاً لا يمثّل عقارك | نوضّح ما سيدخل في النطاق وما لن يدخل | حسب الجدولة اليومية، ومن الأحياء التي نصل إليها غالباً
12656,post,شركة تركيب أجهزة صوتية لطرد الطيور بالرياض,https://www.rukn-eltatawer.com/sa/bird-sound-device-riyadh/,bird-sound-device-riyadh,1930,0,23,30,2,56,0,2026-09-05,2026-09-09,6939b359541b6f34|n=12,boilerplate_overuse,عبارات قالبية متكررة: تجهيزاً مرتباً قبل انتقال أو موسم ذروة | لا نضع رقماً ثابتاً لا يمثّل عقارك | نوضّح ما سيدخل في النطاق وما لن يدخل | حسب الجدولة اليومية، ومن الأحياء التي نصل إليها غالباً
12216,post,شركة تركيب أبواب بالرياض,https://www.rukn-eltatawer.com/sa/doors-installation-riyadh/,doors-installation-riyadh,1745,0,23,32,2,58,0,2026-09-05,2026-09-09,526a1a0c5d8b5b6b|n=12,boilerplate_overuse,عبارات قالبية متكررة: تجهيزاً مرتباً قبل انتقال أو موسم ذروة | لا نضع رقماً ثابتاً لا يمثّل عقارك | نوضّح ما سيدخل في النطاق وما لن يدخل | حسب الجدولة اليومية، ومن الأحياء التي نصل إليها غالباً
12504,post,شركة تخزين أثاث بالرياض,https://www.rukn-eltatawer.com/sa/furniture-storage-riyadh/,furniture-storage-riyadh,1763,0,23,33,2,59,0,2026-09-05,2026-09-09,c8c1ea682e113472|n=12,boilerplate_overuse,عبارات قالبية متكررة: تجهيزاً مرتباً قبل انتقال أو موسم ذروة | لا نضع رقماً ثابتاً لا يمثّل عقارك | نوضّح ما سيدخل في النطاق وما لن يدخل | حسب الجدولة اليومية، ومن الأحياء التي نصل إليها غالباً
11348,post,شركة تبطين وصيانة خزانات مياه بالرياض,https://www.rukn-eltatawer.com/sa/tank-lining-maintenance-riyadh/,tank-lining-maintenance-riyadh,1894,0,23,31,2,57,0,2026-09-05,2026-09-09,aa34b837eea2d037|n=12,boilerplate_overuse,عبارات قالبية متكررة: تجهيزاً مرتباً قبل انتقال أو موسم ذروة | لا نضع رقماً ثابتاً لا يمثّل عقارك | نوضّح ما سيدخل في النطاق وما لن يدخل | حسب الجدولة اليومية، ومن الأحياء التي نصل إليها غالباً
12256,post,شركة بناء ملاحق بالرياض,https://www.rukn-eltatawer.com/sa/annex-building-riyadh/,annex-building-riyadh,1740,0,23,32,2,58,0,2026-09-05,2026-09-10,e490adef7de53cd6|n=12,boilerplate_overuse,عبارات قالبية متكررة: تجهيزاً مرتباً قبل انتقال أو موسم ذروة | لا نضع رقماً ثابتاً لا يمثّل عقارك | نوضّح ما سيدخل في النطاق وما لن يدخل | حسب الجدولة اليومية، ومن الأحياء التي نصل إليها غالباً
12280,post,شركة بناء مطابخ خارجية بالرياض,https://www.rukn-eltatawer.com/sa/outdoor-kitchens-riyadh/,outdoor-kitchens-riyadh,1798,0,23,33,2,59,0,2026-09-05,2026-09-10,a9e32a6bb5302100|n=12,boilerplate_overuse,عبارات قالبية متكررة: تجهيزاً مرتباً قبل انتقال أو موسم ذروة | لا نضع رقماً ثابتاً لا يمثّل عقارك | نوضّح ما سيدخل في النطاق وما لن يدخل | حسب الجدولة اليومية، ومن الأحياء التي نصل إليها غالباً
12288,post,شركة بناء مجالس خارجية بالرياض,https://www.rukn-eltatawer.com/sa/outdoor-majlis-riyadh/,outdoor-majlis-riyadh,1758,0,23,30,2,56,0,2026-09-05,2026-09-09,c69ba5471151e16d|n=12,boilerplate_overuse,عبارات قالبية متكررة: تجهيزاً مرتباً قبل انتقال أو موسم ذروة | لا نضع رقماً ثابتاً لا يمثّل عقارك | نوضّح ما سيدخل في النطاق وما لن يدخل | حسب الجدولة اليومية، ومن الأحياء التي نصل إليها غالباً
12272,post,شركة بناء حمامات خارجية بالرياض,https://www.rukn-eltatawer.com/sa/outdoor-bathrooms-riyadh/,outdoor-bathrooms-riyadh,1816,0,23,32,2,58,0,2026-09-05,2026-09-09,9467dc9084657d3d|n=12,boilerplate_overuse,عبارات قالبية متكررة: تجهيزاً مرتباً قبل انتقال أو موسم ذروة | لا نضع رقماً ثابتاً لا يمثّل عقارك | نوضّح ما سيدخل في النطاق وما لن يدخل | حسب الجدولة اليومية، ومن الأحياء التي نصل إليها غالباً
12264,post,شركة بناء استراحات بالرياض,https://www.rukn-eltatawer.com/sa/majlis-building-riyadh/,majlis-building-riyadh,1734,0,23,30,2,56,0,2026-09-05,2026-09-09,a20156ed8f3e0f15|n=12,boilerplate_overuse,عبارات قالبية متكررة: تجهيزاً مرتباً قبل انتقال أو موسم ذروة | لا نضع رقماً ثابتاً لا يمثّل عقارك | نوضّح ما سيدخل في النطاق وما لن يدخل | حسب الجدولة اليومية، ومن الأحياء التي نصل إليها غالباً
12296,post,شركة بناء أسوار طابوق بالرياض,https://www.rukn-eltatawer.com/sa/block-fences-riyadh/,block-fences-riyadh,1781,0,23,30,2,56,0,2026-09-05,2026-09-09,aa34b837eea2d037|n=12,boilerplate_overuse,عبارات قالبية متكررة: تجهيزاً مرتباً قبل انتقال أو موسم ذروة | لا نضع رقماً ثابتاً لا يمثّل عقارك | نوضّح ما سيدخل في النطاق وما لن يدخل | حسب الجدولة اليومية، ومن الأحياء التي نصل إليها غالباً
12432,post,شركة إنشاء ممرات حجرية بالرياض,https://www.rukn-eltatawer.com/sa/stone-pathway-riyadh/,stone-pathway-riyadh,1760,0,23,30,2,56,0,2026-09-05,2026-09-09,aa34b837eea2d037|n=12,boilerplate_overuse,عبارات قالبية متكررة: تجهيزاً مرتباً قبل انتقال أو موسم ذروة | لا نضع رقماً ثابتاً لا يمثّل عقارك | نوضّح ما سيدخل في النطاق وما لن يدخل | حسب الجدولة اليومية، ومن الأحياء التي نصل إليها غالباً
12048,post,شركة إصلاح تشققات الأسقف والجدران بالرياض,https://www.rukn-eltatawer.com/sa/crack-repair-riyadh/,crack-repair-riyadh,1839,0,23,30,2,56,0,2026-09-05,2026-09-09,ba4f2132b08b1ee2|n=12,boilerplate_overuse,عبارات قالبية متكررة: تجهيزاً مرتباً قبل انتقال أو موسم ذروة | لا نضع رقماً ثابتاً لا يمثّل عقارك | نوضّح ما سيدخل في النطاق وما لن يدخل | حسب الجدولة اليومية، ومن الأحياء التي نصل إليها غالباً
12920,post,شركة إزالة دهان قديم وتحضير أسطح بالرياض,https://www.rukn-eltatawer.com/sa/paint-removal-surface-prep-riyadh/,paint-removal-surface-prep-riyadh,1931,0,23,31,2,57,0,2026-09-05,2026-09-09,8c85a4b012afe7a0|n=12,boilerplate_overuse,عبارات قالبية متكررة: تجهيزاً مرتباً قبل انتقال أو موسم ذروة | لا نضع رقماً ثابتاً لا يمثّل عقارك | نوضّح ما سيدخل في النطاق وما لن يدخل | حسب الجدولة اليومية، ومن الأحياء التي نصل إليها غالباً
12703,post,كهربائي منازل بأبها,https://www.rukn-eltatawer.com/sa/home-electrician-abha/,home-electrician-abha,1705,0,23,31,2,57,0,2026-09-05,2026-09-09,18d6b9b9b9ed961e|n=12,boilerplate_overuse,عبارات قالبية متكررة: تجهيزاً مرتباً قبل انتقال أو موسم ذروة | لا نضع رقماً ثابتاً لا يمثّل عقارك | نوضّح ما سيدخل في النطاق وما لن يدخل | حسب الجدولة اليومية، ومن الأحياء التي نصل إليها غالباً
12729,post,فني جبس بورد بجدة,https://www.rukn-eltatawer.com/sa/gypsum-tech-jeddah/,gypsum-tech-jeddah,1730,0,23,31,2,57,0,2026-09-05,2026-09-09,010db982a19a061f|n=12,boilerplate_overuse,عبارات قالبية متكررة: تجهيزاً مرتباً قبل انتقال أو موسم ذروة | لا نضع رقماً ثابتاً لا يمثّل عقارك | نوضّح ما سيدخل في النطاق وما لن يدخل | حسب الجدولة اليومية، ومن الأحياء التي نصل إليها غالباً
12763,post,فني تركيب كاميرات مراقبة بالمدينة المنورة,https://www.rukn-eltatawer.com/sa/cctv-tech-medina/,cctv-tech-medina,1885,0,23,32,2,58,0,2026-09-05,2026-09-09,885c961887872140|n=12,boilerplate_overuse,عبارات قالبية متكررة: تجهيزاً مرتباً قبل انتقال أو موسم ذروة | لا نضع رقماً ثابتاً لا يمثّل عقارك | نوضّح ما سيدخل في النطاق وما لن يدخل | حسب الجدولة اليومية، ومن الأحياء التي نصل إليها غالباً
12479,post,شركة نقل عفش مع التغليف بأبها,https://www.rukn-eltatawer.com/sa/furniture-moving-packaging-abha/,furniture-moving-packaging-abha,1841,0,23,31,2,57,0,2026-09-05,2026-09-09,be5124aa81f25b55|n=12,boilerplate_overuse,عبارات قالبية متكررة: تجهيزاً مرتباً قبل انتقال أو موسم ذروة | لا نضع رقماً ثابتاً لا يمثّل عقارك | نوضّح ما سيدخل في النطاق وما لن يدخل | حسب الجدولة اليومية، ومن الأحياء التي نصل إليها غالباً
12463,post,شركة نقل أثاث داخلي بأبها,https://www.rukn-eltatawer.com/sa/indoor-moving-abha/,indoor-moving-abha,1814,0,23,33,2,59,0,2026-09-05,2026-09-09,a5c22e3935f06aa3|n=12,boilerplate_overuse,عبارات قالبية متكررة: تجهيزاً مرتباً قبل انتقال أو موسم ذروة | لا نضع رقماً ثابتاً لا يمثّل عقارك | نوضّح ما سيدخل في النطاق وما لن يدخل | حسب الجدولة اليومية، ومن الأحياء التي نصل إليها غالباً
12471,post,شركة نقل أثاث خارجي بأبها,https://www.rukn-eltatawer.com/sa/outdoor-moving-abha/,outdoor-moving-abha,1807,0,23,33,2,59,0,2026-09-05,2026-09-09,f23f251eb92d77a3|n=12,boilerplate_overuse,عبارات قالبية متكررة: تجهيزاً مرتباً قبل انتقال أو موسم ذروة | لا نضع رقماً ثابتاً لا يمثّل عقارك | نوضّح ما سيدخل في النطاق وما لن يدخل | حسب الجدولة اليومية، ومن الأحياء التي نصل إليها غالباً
12357,post,شركة قص عشب طبيعي بالخبر,https://www.rukn-eltatawer.com/sa/natural-grass-cutting-khobar/,natural-grass-cutting-khobar,1748,0,23,30,2,56,0,2026-09-05,2026-09-09,6d9e9a8456dfb4c2|n=12,boilerplate_overuse,عبارات قالبية متكررة: تجهيزاً مرتباً قبل انتقال أو موسم ذروة | لا نضع رقماً ثابتاً لا يمثّل عقارك | نوضّح ما سيدخل في النطاق وما لن يدخل | حسب الجدولة اليومية، ومن الأحياء التي نصل إليها غالباً
11243,post,شركة صيانة كاميرات مراقبة بالدمام,https://www.rukn-eltatawer.com/sa/cctv-maintenance-dammam/,cctv-maintenance-dammam,1784,0,23,32,2,58,0,2026-09-05,2026-09-09,c2f59f13af41e940|n=12,boilerplate_overuse,عبارات قالبية متكررة: تجهيزاً مرتباً قبل انتقال أو موسم ذروة | لا نضع رقماً ثابتاً لا يمثّل عقارك | نوضّح ما سيدخل في النطاق وما لن يدخل | حسب الجدولة اليومية، ومن الأحياء التي نصل إليها غالباً
12882,post,شركة ديكورات جبس بورد بمكة المكرمة,https://www.rukn-eltatawer.com/sa/gypsum-board-decor-mecca/,gypsum-board-decor-mecca,1859,0,23,31,2,57,0,2026-09-05,2026-09-10,cde36f37707d9677|n=12,boilerplate_overuse,عبارات قالبية متكررة: تجهيزاً مرتباً قبل انتقال أو موسم ذروة | لا نضع رقماً ثابتاً لا يمثّل عقارك | نوضّح ما سيدخل في النطاق وما لن يدخل | حسب الجدولة اليومية، ومن الأحياء التي نصل إليها غالباً
12938,post,شركة دهانات ديكورية وتأثيرات جدارية بمكة المكرمة,https://www.rukn-eltatawer.com/sa/decorative-wall-effects-mecca/,decorative-wall-effects-mecca,1967,0,23,33,2,59,0,2026-09-05,2026-09-09,b147011c427c8efd|n=12,boilerplate_overuse,عبارات قالبية متكررة: تجهيزاً مرتباً قبل انتقال أو موسم ذروة | لا نضع رقماً ثابتاً لا يمثّل عقارك | نوضّح ما سيدخل في النطاق وما لن يدخل | حسب الجدولة اليومية، ومن الأحياء التي نصل إليها غالباً
12373,post,شركة تنظيف وتزيين الحدائق بالخبر,https://www.rukn-eltatawer.com/sa/garden-cleaning-khobar/,garden-cleaning-khobar,1797,0,23,33,2,59,0,2026-09-05,2026-09-10,a0842140ccb70406|n=12,boilerplate_overuse,عبارات قالبية متكررة: تجهيزاً مرتباً قبل انتقال أو موسم ذروة | لا نضع رقماً ثابتاً لا يمثّل عقارك | نوضّح ما سيدخل في النطاق وما لن يدخل | حسب الجدولة اليومية، ومن الأحياء التي نصل إليها غالباً
11031,post,شركة تنظيف أرضيات رخام وجلي رخام بالطائف,https://www.rukn-eltatawer.com/sa/marble-polishing-taif/,marble-polishing-taif,1965,0,23,33,2,59,0,2026-09-05,2026-09-10,ad97ee7a10dbfbc9|n=12,boilerplate_overuse,عبارات قالبية متكررة: تجهيزاً مرتباً قبل انتقال أو موسم ذروة | لا نضع رقماً ثابتاً لا يمثّل عقارك | نوضّح ما سيدخل في النطاق وما لن يدخل | حسب الجدولة اليومية، ومن الأحياء التي نصل إليها غالباً
12333,post,شركة تنسيق حدائق بالخبر,https://www.rukn-eltatawer.com/sa/landscaping-khobar/,landscaping-khobar,1683,0,23,30,2,56,0,2026-09-05,2026-09-09,c628f6f1f865307c|n=12,boilerplate_overuse,عبارات قالبية متكررة: تجهيزاً مرتباً قبل انتقال أو موسم ذروة | لا نضع رقماً ثابتاً لا يمثّل عقارك | نوضّح ما سيدخل في النطاق وما لن يدخل | حسب الجدولة اليومية، ومن الأحياء التي نصل إليها غالباً
12322,post,شركة تصميم وتنفيذ ديكورات بمكة المكرمة,https://www.rukn-eltatawer.com/sa/decor-design-mecca/,decor-design-mecca,1861,0,23,32,2,58,0,2026-09-05,2026-09-10,180ddae10467200e|n=12,boilerplate_overuse,عبارات قالبية متكررة: تجهيزاً مرتباً قبل انتقال أو موسم ذروة | لا نضع رقماً ثابتاً لا يمثّل عقارك | نوضّح ما سيدخل في النطاق وما لن يدخل | حسب الجدولة اليومية، ومن الأحياء التي نصل إليها غالباً
12341,post,شركة تصميم حدائق داخلية بالخبر,https://www.rukn-eltatawer.com/sa/indoor-garden-design-khobar/,indoor-garden-design-khobar,1758,0,23,32,2,58,0,2026-09-05,2026-09-09,90c3e800ec7cc94f|n=12,boilerplate_overuse,عبارات قالبية متكررة: تجهيزاً مرتباً قبل انتقال أو موسم ذروة | لا نضع رقماً ثابتاً لا يمثّل عقارك | نوضّح ما سيدخل في النطاق وما لن يدخل | حسب الجدولة اليومية، ومن الأحياء التي نصل إليها غالباً
12349,post,شركة تصميم حدائق أسطح بالخبر,https://www.rukn-eltatawer.com/sa/roof-garden-design-khobar/,roof-garden-design-khobar,1751,0,23,30,2,56,0,2026-09-05,2026-09-10,96d1b12eec3d7df9|n=12,boilerplate_overuse,عبارات قالبية متكررة: تجهيزاً مرتباً قبل انتقال أو موسم ذروة | لا نضع رقماً ثابتاً لا يمثّل عقارك | نوضّح ما سيدخل في النطاق وما لن يدخل | حسب الجدولة اليومية، ومن الأحياء التي نصل إليها غالباً
12245,post,شركة تركيب عشب صناعي بالخبر,https://www.rukn-eltatawer.com/sa/artificial-grass-khobar/,artificial-grass-khobar,1747,0,23,30,2,56,0,2026-09-05,2026-09-09,0c18714ec187eb38|n=12,boilerplate_overuse,عبارات قالبية متكررة: تجهيزاً مرتباً قبل انتقال أو موسم ذروة | لا نضع رقماً ثابتاً لا يمثّل عقارك | نوضّح ما سيدخل في النطاق وما لن يدخل | حسب الجدولة اليومية، ومن الأحياء التي نصل إليها غالباً
12253,post,شركة تركيب عشب جداري بالخبر,https://www.rukn-eltatawer.com/sa/grass-wall-khobar/,grass-wall-khobar,1761,0,23,30,2,56,0,2026-09-05,2026-09-10,e4c03a23baf7ffdd|n=12,boilerplate_overuse,عبارات قالبية متكررة: تجهيزاً مرتباً قبل انتقال أو موسم ذروة | لا نضع رقماً ثابتاً لا يمثّل عقارك | نوضّح ما سيدخل في النطاق وما لن يدخل | حسب الجدولة اليومية، ومن الأحياء التي نصل إليها غالباً
12154,post,شركة تركيب جبس بورد بمكة المكرمة,https://www.rukn-eltatawer.com/sa/gypsum-board-mecca/,gypsum-board-mecca,1852,0,23,31,2,57,0,2026-09-05,2026-09-09,4651038f291009f1|n=12,boilerplate_overuse,عبارات قالبية متكررة: تجهيزاً مرتباً قبل انتقال أو موسم ذروة | لا نضع رقماً ثابتاً لا يمثّل عقارك | نوضّح ما سيدخل في النطاق وما لن يدخل | حسب الجدولة اليومية، ومن الأحياء التي نصل إليها غالباً
12114,post,شركة تركيب باركيه وأرضيات خشب بمكة المكرمة,https://www.rukn-eltatawer.com/sa/parquet-mecca/,parquet-mecca,1870,0,23,30,2,56,0,2026-09-05,2026-09-09,a06c8c43d1e74e3a|n=12,boilerplate_overuse,عبارات قالبية متكررة: تجهيزاً مرتباً قبل انتقال أو موسم ذروة | لا نضع رقماً ثابتاً لا يمثّل عقارك | نوضّح ما سيدخل في النطاق وما لن يدخل | حسب الجدولة اليومية، ومن الأحياء التي نصل إليها غالباً
12162,post,شركة تركيب أسقف جبسية / فورسيلنج بمكة المكرمة,https://www.rukn-eltatawer.com/sa/false-ceiling-mecca/,false-ceiling-mecca,1919,0,23,31,2,57,0,2026-09-05,2026-09-10,7abf1253e51a65a3|n=12,boilerplate_overuse,عبارات قالبية متكررة: تجهيزاً مرتباً قبل انتقال أو موسم ذروة | لا نضع رقماً ثابتاً لا يمثّل عقارك | نوضّح ما سيدخل في النطاق وما لن يدخل | حسب الجدولة اليومية، ومن الأحياء التي نصل إليها غالباً
12413,post,شركة إنشاء جلسات حدائق بالخبر,https://www.rukn-eltatawer.com/sa/garden-seating-khobar/,garden-seating-khobar,1770,0,23,32,2,58,0,2026-09-05,2026-09-09,545a5ad7df583ef3|n=12,boilerplate_overuse,عبارات قالبية متكررة: تجهيزاً مرتباً قبل انتقال أو موسم ذروة | لا نضع رقماً ثابتاً لا يمثّل عقارك | نوضّح ما سيدخل في النطاق وما لن يدخل | حسب الجدولة اليومية، ومن الأحياء التي نصل إليها غالباً
12702,post,كهربائي منازل بالطائف,https://www.rukn-eltatawer.com/sa/home-electrician-taif/,home-electrician-taif,1713,0,23,31,2,57,0,2026-09-05,2026-09-09,c4f40e4cee810039|n=12,boilerplate_overuse,عبارات قالبية متكررة: تجهيزاً مرتباً قبل انتقال أو موسم ذروة | لا نضع رقماً ثابتاً لا يمثّل عقارك | نوضّح ما سيدخل في النطاق وما لن يدخل | حسب الجدولة اليومية، ومن الأحياء التي نصل إليها غالباً
12762,post,فني تركيب كاميرات مراقبة بمكة المكرمة,https://www.rukn-eltatawer.com/sa/cctv-tech-mecca/,cctv-tech-mecca,1872,0,23,32,2,58,0,2026-09-05,2026-09-10,885c961887872140|n=12,boilerplate_overuse,عبارات قالبية متكررة: تجهيزاً مرتباً قبل انتقال أو موسم ذروة | لا نضع رقماً ثابتاً لا يمثّل عقارك | نوضّح ما سيدخل في النطاق وما لن يدخل | حسب الجدولة اليومية، ومن الأحياء التي نصل إليها غالباً
12478,post,شركة نقل عفش مع التغليف بالطائف,https://www.rukn-eltatawer.com/sa/furniture-moving-packaging-taif/,furniture-moving-packaging-taif,1865,0,23,33,2,59,0,2026-09-05,2026-09-09,bacd1e0bc8aa9271|n=12,boilerplate_overuse,عبارات قالبية متكررة: تجهيزاً مرتباً قبل انتقال أو موسم ذروة | لا نضع رقماً ثابتاً لا يمثّل عقارك | نوضّح ما سيدخل في النطاق وما لن يدخل | حسب الجدولة اليومية، ومن الأحياء التي نصل إليها غالباً
12462,post,شركة نقل أثاث داخلي بالطائف,https://www.rukn-eltatawer.com/sa/indoor-moving-taif/,indoor-moving-taif,1799,0,23,31,2,57,0,2026-09-05,2026-09-09,a1295a9676fd13f7|n=12,boilerplate_overuse,عبارات قالبية متكررة: تجهيزاً مرتباً قبل انتقال أو موسم ذروة | لا نضع رقماً ثابتاً لا يمثّل عقارك | نوضّح ما سيدخل في النطاق وما لن يدخل | حسب الجدولة اليومية، ومن الأحياء التي نصل إليها غالباً
12470,post,شركة نقل أثاث خارجي بالطائف,https://www.rukn-eltatawer.com/sa/outdoor-moving-taif/,outdoor-moving-taif,1797,0,23,31,2,57,0,2026-09-05,2026-09-09,1f4586fd9b8ac537|n=12,boilerplate_overuse,عبارات قالبية متكررة: تجهيزاً مرتباً قبل انتقال أو موسم ذروة | لا نضع رقماً ثابتاً لا يمثّل عقارك | نوضّح ما سيدخل في النطاق وما لن يدخل | حسب الجدولة اليومية، ومن الأحياء التي نصل إليها غالباً
12967,post,شركة كهربائي منازل بأبها,https://www.rukn-eltatawer.com/sa/home-electrician-elec-abha/,home-electrician-elec-abha,1720,0,23,31,2,57,0,2026-09-05,2026-09-09,2e7772b1cf725026|n=12,boilerplate_overuse,عبارات قالبية متكررة: تجهيزاً مرتباً قبل انتقال أو موسم ذروة | لا نضع رقماً ثابتاً لا يمثّل عقارك | نوضّح ما سيدخل في النطاق وما لن يدخل | حسب الجدولة اليومية، ومن الأحياء التي نصل إليها غالباً
13047,post,شركة كهربائي طوارئ 24 ساعة بأبها,https://www.rukn-eltatawer.com/sa/24h-emergency-electrician-abha/,24h-emergency-electrician-abha,1786,0,23,31,2,57,0,2026-09-05,2026-09-09,6bdb899cb95184a9|n=12,boilerplate_overuse,عبارات قالبية متكررة: تجهيزاً مرتباً قبل انتقال أو موسم ذروة | لا نضع رقماً ثابتاً لا يمثّل عقارك | نوضّح ما سيدخل في النطاق وما لن يدخل | حسب الجدولة اليومية، ومن الأحياء التي نصل إليها غالباً
12991,post,شركة كشف أعطال كهرباء بأبها,https://www.rukn-eltatawer.com/sa/electrical-fault-detection-abha/,electrical-fault-detection-abha,1769,0,23,31,2,57,0,2026-09-05,2026-09-09,aa34b837eea2d037|n=12,boilerplate_overuse,عبارات قالبية متكررة: تجهيزاً مرتباً قبل انتقال أو موسم ذروة | لا نضع رقماً ثابتاً لا يمثّل عقارك | نوضّح ما سيدخل في النطاق وما لن يدخل | حسب الجدولة اليومية، ومن الأحياء التي نصل إليها غالباً
12356,post,شركة قص عشب طبيعي بالدمام,https://www.rukn-eltatawer.com/sa/natural-grass-cutting-dammam/,natural-grass-cutting-dammam,1790,0,23,32,2,58,0,2026-09-05,2026-09-09,db4ef0d93a91787b|n=12,boilerplate_overuse,عبارات قالبية متكررة: تجهيزاً مرتباً قبل انتقال أو موسم ذروة | لا نضع رقماً ثابتاً لا يمثّل عقارك | نوضّح ما سيدخل في النطاق وما لن يدخل | حسب الجدولة اليومية، ومن الأحياء التي نصل إليها غالباً
11332,post,شركة صيانة مكانس كهربائية بأبها,https://www.rukn-eltatawer.com/sa/vacuum-maintenance-abha/,vacuum-maintenance-abha,1799,0,23,33,2,59,0,2026-09-05,2026-09-09,db85be372e4fe6f4|n=12,boilerplate_overuse,عبارات قالبية متكررة: تجهيزاً مرتباً قبل انتقال أو موسم ذروة | لا نضع رقماً ثابتاً لا يمثّل عقارك | نوضّح ما سيدخل في النطاق وما لن يدخل | حسب الجدولة اليومية، ومن الأحياء التي نصل إليها غالباً
11267,post,شركة صيانة مسابح بالخبر,https://www.rukn-eltatawer.com/sa/pool-maintenance-khobar/,pool-maintenance-khobar,1695,0,23,31,2,57,0,2026-09-05,2026-09-09,e381bf79026ff888|n=12,boilerplate_overuse,عبارات قالبية متكررة: تجهيزاً مرتباً قبل انتقال أو موسم ذروة | لا نضع رقماً ثابتاً لا يمثّل عقارك | نوضّح ما سيدخل في النطاق وما لن يدخل | حسب الجدولة اليومية، ومن الأحياء التي نصل إليها غالباً
12975,post,شركة صيانة لوحات كهرباء بأبها,https://www.rukn-eltatawer.com/sa/electric-panel-maintenance-abha/,electric-panel-maintenance-abha,1786,0,23,33,2,59,0,2026-09-05,2026-09-09,541b7b126929f3e0|n=12,boilerplate_overuse,عبارات قالبية متكررة: تجهيزاً مرتباً قبل انتقال أو موسم ذروة | لا نضع رقماً ثابتاً لا يمثّل عقارك | نوضّح ما سيدخل في النطاق وما لن يدخل | حسب الجدولة اليومية، ومن الأحياء التي نصل إليها غالباً
11315,post,شركة صيانة كهرباء بأبها,https://www.rukn-eltatawer.com/sa/electrical-maintenance-abha/,electrical-maintenance-abha,1720,0,23,33,2,59,0,2026-09-05,2026-09-09,9a4612c0c19683c5|n=12,boilerplate_overuse,عبارات قالبية متكررة: تجهيزاً مرتباً قبل انتقال أو موسم ذروة | لا نضع رقماً ثابتاً لا يمثّل عقارك | نوضّح ما سيدخل في النطاق وما لن يدخل | حسب الجدولة اليومية، ومن الأحياء التي نصل إليها غالباً
11217,post,شركة صيانة كاميرات مراقبة بالمدينة المنورة,https://www.rukn-eltatawer.com/sa/cctv-maintenance-medina/,cctv-maintenance-medina,1857,0,23,30,2,56,0,2026-09-05,2026-09-10,aa34b837eea2d037|n=12,boilerplate_overuse,عبارات قالبية متكررة: تجهيزاً مرتباً قبل انتقال أو موسم ذروة | لا نضع رقماً ثابتاً لا يمثّل عقارك | نوضّح ما سيدخل في النطاق وما لن يدخل | حسب الجدولة اليومية، ومن الأحياء التي نصل إليها غالباً
11325,post,شركة صيانة الأجهزة الكهربائية بأبها,https://www.rukn-eltatawer.com/sa/appliance-maintenance-abha/,appliance-maintenance-abha,1783,0,23,31,2,57,0,2026-09-05,2026-09-09,a441b81d843dd7b0|n=12,boilerplate_overuse,عبارات قالبية متكررة: تجهيزاً مرتباً قبل انتقال أو موسم ذروة | لا نضع رقماً ثابتاً لا يمثّل عقارك | نوضّح ما سيدخل في النطاق وما لن يدخل | حسب الجدولة اليومية، ومن الأحياء التي نصل إليها غالباً
12935,post,شركة رش بويات كهربائي بأبها,https://www.rukn-eltatawer.com/sa/electric-spray-painting-abha/,electric-spray-painting-abha,1780,0,23,33,2,59,0,2026-09-05,2026-09-09,807320588f360f67|n=12,boilerplate_overuse,عبارات قالبية متكررة: تجهيزاً مرتباً قبل انتقال أو موسم ذروة | لا نضع رقماً ثابتاً لا يمثّل عقارك | نوضّح ما سيدخل في النطاق وما لن يدخل | حسب الجدولة اليومية، ومن الأحياء التي نصل إليها غالباً
12881,post,شركة ديكورات جبس بورد بجدة,https://www.rukn-eltatawer.com/sa/gypsum-board-decor-jeddah/,gypsum-board-decor-jeddah,1792,0,23,31,2,57,0,2026-09-05,2026-09-10,9758e593e97c9f45|n=12,boilerplate_overuse,عبارات قالبية متكررة: تجهيزاً مرتباً قبل انتقال أو موسم ذروة | لا نضع رقماً ثابتاً لا يمثّل عقارك | نوضّح ما سيدخل في النطاق وما لن يدخل | حسب الجدولة اليومية، ومن الأحياء التي نصل إليها غالباً
12937,post,شركة دهانات ديكورية وتأثيرات جدارية بجدة,https://www.rukn-eltatawer.com/sa/decorative-wall-effects-jeddah/,decorative-wall-effects-jeddah,1861,0,23,31,2,57,0,2026-09-05,2026-09-10,712f517298caa1e7|n=12,boilerplate_overuse,عبارات قالبية متكررة: تجهيزاً مرتباً قبل انتقال أو موسم ذروة | لا نضع رقماً ثابتاً لا يمثّل عقارك | نوضّح ما سيدخل في النطاق وما لن يدخل | حسب الجدولة اليومية، ومن الأحياء التي نصل إليها غالباً
12372,post,شركة تنظيف وتزيين الحدائق بالدمام,https://www.rukn-eltatawer.com/sa/garden-cleaning-dammam/,garden-cleaning-dammam,1799,0,23,33,2,59,0,2026-09-05,2026-09-10,e5888d10b0de43ad|n=12,boilerplate_overuse,عبارات قالبية متكررة: تجهيزاً مرتباً قبل انتقال أو موسم ذروة | لا نضع رقماً ثابتاً لا يمثّل عقارك | نوضّح ما سيدخل في النطاق وما لن يدخل | حسب الجدولة اليومية، ومن الأحياء التي نصل إليها غالباً
10995,post,شركة تنظيف مسابح بالخبر,https://www.rukn-eltatawer.com/sa/pool-cleaning-khobar/,pool-cleaning-khobar,1725,0,23,31,2,57,0,2026-09-05,2026-09-10,741401b6ec5b155b|n=12,boilerplate_overuse,عبارات قالبية متكررة: تجهيزاً مرتباً قبل انتقال أو موسم ذروة | لا نضع رقماً ثابتاً لا يمثّل عقارك | نوضّح ما سيدخل في النطاق وما لن يدخل | حسب الجدولة اليومية، ومن الأحياء التي نصل إليها غالباً
12332,post,شركة تنسيق حدائق بالدمام,https://www.rukn-eltatawer.com/sa/landscaping-dammam/,landscaping-dammam,1710,0,23,32,2,58,0,2026-09-05,2026-09-09,39993199cb7f85b0|n=12,boilerplate_overuse,عبارات قالبية متكررة: تجهيزاً مرتباً قبل انتقال أو موسم ذروة | لا نضع رقماً ثابتاً لا يمثّل عقارك | نوضّح ما سيدخل في النطاق وما لن يدخل | حسب الجدولة اليومية، ومن الأحياء التي نصل إليها غالباً
12983,post,شركة تمديدات كهربائية جديدة بأبها,https://www.rukn-eltatawer.com/sa/new-electrical-wiring-abha/,new-electrical-wiring-abha,1779,0,23,31,2,57,0,2026-09-05,2026-09-09,fe4228cab603ea30|n=12,boilerplate_overuse,عبارات قالبية متكررة: تجهيزاً مرتباً قبل انتقال أو موسم ذروة | لا نضع رقماً ثابتاً لا يمثّل عقارك | نوضّح ما سيدخل في النطاق وما لن يدخل | حسب الجدولة اليومية، ومن الأحياء التي نصل إليها غالباً
12321,post,شركة تصميم وتنفيذ ديكورات بجدة,https://www.rukn-eltatawer.com/sa/decor-design-jeddah/,decor-design-jeddah,1808,0,23,32,2,58,0,2026-09-05,2026-09-10,dbbd850e63eaac51|n=12,boilerplate_overuse,عبارات قالبية متكررة: تجهيزاً مرتباً قبل انتقال أو موسم ذروة | لا نضع رقماً ثابتاً لا يمثّل عقارك | نوضّح ما سيدخل في النطاق وما لن يدخل | حسب الجدولة اليومية، ومن الأحياء التي نصل إليها غالباً
12340,post,شركة تصميم حدائق داخلية بالدمام,https://www.rukn-eltatawer.com/sa/indoor-garden-design-dammam/,indoor-garden-design-dammam,1756,0,23,30,2,56,0,2026-09-05,2026-09-10,52416f213e461e58|n=12,boilerplate_overuse,عبارات قالبية متكررة: تجهيزاً مرتباً قبل انتقال أو موسم ذروة | لا نضع رقماً ثابتاً لا يمثّل عقارك | نوضّح ما سيدخل في النطاق وما لن يدخل | حسب الجدولة اليومية، ومن الأحياء التي نصل إليها غالباً
12348,post,شركة تصميم حدائق أسطح بالدمام,https://www.rukn-eltatawer.com/sa/roof-garden-design-dammam/,roof-garden-design-dammam,1774,0,23,32,2,58,0,2026-09-05,2026-09-09,04145549da01d869|n=12,boilerplate_overuse,عبارات قالبية متكررة: تجهيزاً مرتباً قبل انتقال أو موسم ذروة | لا نضع رقماً ثابتاً لا يمثّل عقارك | نوضّح ما سيدخل في النطاق وما لن يدخل | حسب الجدولة اليومية، ومن الأحياء التي نصل إليها غالباً
12244,post,شركة تركيب عشب صناعي بالدمام,https://www.rukn-eltatawer.com/sa/artificial-grass-dammam/,artificial-grass-dammam,1749,0,23,30,2,56,0,2026-09-05,2026-09-10,169b30842659319c|n=12,boilerplate_overuse,عبارات قالبية متكررة: تجهيزاً مرتباً قبل انتقال أو موسم ذروة | لا نضع رقماً ثابتاً لا يمثّل عقارك | نوضّح ما سيدخل في النطاق وما لن يدخل | حسب الجدولة اليومية، ومن الأحياء التي نصل إليها غالباً
12252,post,شركة تركيب عشب جداري بالدمام,https://www.rukn-eltatawer.com/sa/grass-wall-dammam/,grass-wall-dammam,1779,0,23,32,2,58,0,2026-09-05,2026-09-09,33a6c9ddccbbaf53|n=12,boilerplate_overuse,عبارات قالبية متكررة: تجهيزاً مرتباً قبل انتقال أو موسم ذروة | لا نضع رقماً ثابتاً لا يمثّل عقارك | نوضّح ما سيدخل في النطاق وما لن يدخل | حسب الجدولة اليومية، ومن الأحياء التي نصل إليها غالباً
12153,post,شركة تركيب جبس بورد بجدة,https://www.rukn-eltatawer.com/sa/gypsum-board-jeddah/,gypsum-board-jeddah,1807,0,23,33,2,59,0,2026-09-05,2026-09-09,04145549da01d869|n=12,boilerplate_overuse,عبارات قالبية متكررة: تجهيزاً مرتباً قبل انتقال أو موسم ذروة | لا نضع رقماً ثابتاً لا يمثّل عقارك | نوضّح ما سيدخل في النطاق وما لن يدخل | حسب الجدولة اليومية، ومن الأحياء التي نصل إليها غالباً
12113,post,شركة تركيب باركيه وأرضيات خشب بجدة,https://www.rukn-eltatawer.com/sa/parquet-jeddah/,parquet-jeddah,1821,0,23,32,2,58,0,2026-09-05,2026-09-09,954d6d68d2a53e93|n=12,boilerplate_overuse,عبارات قالبية متكررة: تجهيزاً مرتباً قبل انتقال أو موسم ذروة | لا نضع رقماً ثابتاً لا يمثّل عقارك | نوضّح ما سيدخل في النطاق وما لن يدخل | حسب الجدولة اليومية، ومن الأحياء التي نصل إليها غالباً
12999,post,شركة تركيب إنارة داخلية وخارجية بأبها,https://www.rukn-eltatawer.com/sa/indoor-outdoor-lighting-installation-abha/,indoor-outdoor-lighting-installation-abha,1834,0,23,31,2,57,0,2026-09-05,2026-09-09,b286a61cdc73d82f|n=12,boilerplate_overuse,عبارات قالبية متكررة: تجهيزاً مرتباً قبل انتقال أو موسم ذروة | لا نضع رقماً ثابتاً لا يمثّل عقارك | نوضّح ما سيدخل في النطاق وما لن يدخل | حسب الجدولة اليومية، ومن الأحياء التي نصل إليها غالباً
12161,post,شركة تركيب أسقف جبسية / فورسيلنج بجدة,https://www.rukn-eltatawer.com/sa/false-ceiling-jeddah/,false-ceiling-jeddah,1848,0,23,31,2,57,0,2026-09-05,2026-09-10,cd7ca956648acdc8|n=12,boilerplate_overuse,عبارات قالبية متكررة: تجهيزاً مرتباً قبل انتقال أو موسم ذروة | لا نضع رقماً ثابتاً لا يمثّل عقارك | نوضّح ما سيدخل في النطاق وما لن يدخل | حسب الجدولة اليومية، ومن الأحياء التي نصل إليها غالباً
12412,post,شركة إنشاء جلسات حدائق بالدمام,https://www.rukn-eltatawer.com/sa/garden-seating-dammam/,garden-seating-dammam,1753,0,23,30,2,56,0,2026-09-05,2026-09-10,0c347b8f7f1bc555|n=12,boilerplate_overuse,عبارات قالبية متكررة: تجهيزاً مرتباً قبل انتقال أو موسم ذروة | لا نضع رقماً ثابتاً لا يمثّل عقارك | نوضّح ما سيدخل في النطاق وما لن يدخل | حسب الجدولة اليومية، ومن الأحياء التي نصل إليها غالباً
12695,post,سباك منازل بأبها,https://www.rukn-eltatawer.com/sa/home-plumber-abha/,home-plumber-abha,1728,0,23,33,2,59,0,2026-09-05,2026-09-10,dbe0c7c8e9886407|n=12,boilerplate_overuse,عبارات قالبية متكررة: تجهيزاً مرتباً قبل انتقال أو موسم ذروة | لا نضع رقماً ثابتاً لا يمثّل عقارك | نوضّح ما سيدخل في النطاق وما لن يدخل | حسب الجدولة اليومية، ومن الأحياء التي نصل إليها غالباً
12759,post,فني تركيب وصيانة تكييف بأبها,https://www.rukn-eltatawer.com/sa/ac-tech-abha/,ac-tech-abha,1785,0,23,31,2,57,0,2026-09-05,2026-09-10,5c96fab1b783017f|n=12,boilerplate_overuse,عبارات قالبية متكررة: تجهيزاً مرتباً قبل انتقال أو موسم ذروة | لا نضع رقماً ثابتاً لا يمثّل عقارك | نوضّح ما سيدخل في النطاق وما لن يدخل | حسب الجدولة اليومية، ومن الأحياء التي نصل إليها غالباً
12071,post,شركة تسليك مجاري بأبها,https://www.rukn-eltatawer.com/sa/drain-unclogging-abha/,drain-unclogging-abha,1717,0,23,31,2,57,0,2026-09-05,2026-09-09,34dd6e8a9582e712|n=12,boilerplate_overuse,عبارات قالبية متكررة: تجهيزاً مرتباً قبل انتقال أو موسم ذروة | لا نضع رقماً ثابتاً لا يمثّل عقارك | نوضّح ما سيدخل في النطاق وما لن يدخل | حسب الجدولة اليومية، ومن الأحياء التي نصل إليها غالباً
12728,post,فني جبس بورد بالرياض,https://www.rukn-eltatawer.com/sa/gypsum-tech-riyadh/,gypsum-tech-riyadh,1756,0,23,33,2,59,0,2026-09-05,2026-09-09,f2c9b99e51ac543f|n=12,boilerplate_overuse,عبارات قالبية متكررة: تجهيزاً مرتباً قبل انتقال أو موسم ذروة | لا نضع رقماً ثابتاً لا يمثّل عقارك | نوضّح ما سيدخل في النطاق وما لن يدخل | حسب الجدولة اليومية، ومن الأحياء التي نصل إليها غالباً
12761,post,فني تركيب كاميرات مراقبة بجدة,https://www.rukn-eltatawer.com/sa/cctv-tech-jeddah/,cctv-tech-jeddah,1783,0,23,32,2,58,0,2026-09-05,2026-09-10,ba50830d451604db|n=12,boilerplate_overuse,عبارات قالبية متكررة: تجهيزاً مرتباً قبل انتقال أو موسم ذروة | لا نضع رقماً ثابتاً لا يمثّل عقارك | نوضّح ما سيدخل في النطاق وما لن يدخل | حسب الجدولة اليومية، ومن الأحياء التي نصل إليها غالباً
12966,post,شركة كهربائي منازل بالطائف,https://www.rukn-eltatawer.com/sa/home-electrician-elec-taif/,home-electrician-elec-taif,1724,0,23,31,2,57,0,2026-09-05,2026-09-09,2e7772b1cf725026|n=12,boilerplate_overuse,عبارات قالبية متكررة: تجهيزاً مرتباً قبل انتقال أو موسم ذروة | لا نضع رقماً ثابتاً لا يمثّل عقارك | نوضّح ما سيدخل في النطاق وما لن يدخل | حسب الجدولة اليومية، ومن الأحياء التي نصل إليها غالباً
13046,post,شركة كهربائي طوارئ 24 ساعة بالطائف,https://www.rukn-eltatawer.com/sa/24h-emergency-electrician-taif/,24h-emergency-electrician-taif,1798,0,23,33,2,59,0,2026-09-05,2026-09-09,5929fb2b0c6ddcf0|n=12,boilerplate_overuse,عبارات قالبية متكررة: تجهيزاً مرتباً قبل انتقال أو موسم ذروة | لا نضع رقماً ثابتاً لا يمثّل عقارك | نوضّح ما سيدخل في النطاق وما لن يدخل | حسب الجدولة اليومية، ومن الأحياء التي نصل إليها غالباً
13079,post,شركة كشف وإصلاح أعطال السباكة بأبها,https://www.rukn-eltatawer.com/sa/plumbing-fault-repair-abha/,plumbing-fault-repair-abha,1875,0,23,33,2,59,0,2026-09-05,2026-09-10,477546232c86b58d|n=12,boilerplate_overuse,عبارات قالبية متكررة: تجهيزاً مرتباً قبل انتقال أو موسم ذروة | لا نضع رقماً ثابتاً لا يمثّل عقارك | نوضّح ما سيدخل في النطاق وما لن يدخل | حسب الجدولة اليومية، ومن الأحياء التي نصل إليها غالباً
12990,post,شركة كشف أعطال كهرباء بالطائف,https://www.rukn-eltatawer.com/sa/electrical-fault-detection-taif/,electrical-fault-detection-taif,1791,0,23,33,2,59,0,2026-09-05,2026-09-09,04145549da01d869|n=12,boilerplate_overuse,عبارات قالبية متكررة: تجهيزاً مرتباً قبل انتقال أو موسم ذروة | لا نضع رقماً ثابتاً لا يمثّل عقارك | نوضّح ما سيدخل في النطاق وما لن يدخل | حسب الجدولة اليومية، ومن الأحياء التي نصل إليها غالباً
12355,post,شركة قص عشب طبيعي بالمدينة المنورة,https://www.rukn-eltatawer.com/sa/natural-grass-cutting-medina/,natural-grass-cutting-medina,1844,0,23,30,2,56,0,2026-09-05,2026-09-10,6d9e9a8456dfb4c2|n=12,boilerplate_overuse,عبارات قالبية متكررة: تجهيزاً مرتباً قبل انتقال أو موسم ذروة | لا نضع رقماً ثابتاً لا يمثّل عقارك | نوضّح ما سيدخل في النطاق وما لن يدخل | حسب الجدولة اليومية، ومن الأحياء التي نصل إليها غالباً
13031,post,شركة صيانة مواسير صرف صحي بأبها,https://www.rukn-eltatawer.com/sa/drainage-pipe-maintenance-abha/,drainage-pipe-maintenance-abha,1840,0,23,32,2,58,0,2026-09-05,2026-09-10,a4fc957ca29d4979|n=12,boilerplate_overuse,عبارات قالبية متكررة: تجهيزاً مرتباً قبل انتقال أو موسم ذروة | لا نضع رقماً ثابتاً لا يمثّل عقارك | نوضّح ما سيدخل في النطاق وما لن يدخل | حسب الجدولة اليومية، ومن الأحياء التي نصل إليها غالباً
11306,post,شركة صيانة مكانس كهربائية بالطائف,https://www.rukn-eltatawer.com/sa/vacuum-maintenance-taif/,vacuum-maintenance-taif,1778,0,23,31,2,57,0,2026-09-05,2026-09-09,3a6051fea998eeb0|n=12,boilerplate_overuse,عبارات قالبية متكررة: تجهيزاً مرتباً قبل انتقال أو موسم ذروة | لا نضع رقماً ثابتاً لا يمثّل عقارك | نوضّح ما سيدخل في النطاق وما لن يدخل | حسب الجدولة اليومية، ومن الأحياء التي نصل إليها غالباً
13063,post,شركة صيانة مضخات مياه بأبها,https://www.rukn-eltatawer.com/sa/water-pump-maintenance-abha/,water-pump-maintenance-abha,1797,0,23,32,2,58,0,2026-09-05,2026-09-10,909bc50d3fc20c6b|n=12,boilerplate_overuse,عبارات قالبية متكررة: تجهيزاً مرتباً قبل انتقال أو موسم ذروة | لا نضع رقماً ثابتاً لا يمثّل عقارك | نوضّح ما سيدخل في النطاق وما لن يدخل | حسب الجدولة اليومية، ومن الأحياء التي نصل إليها غالباً
11241,post,شركة صيانة مسابح بالدمام,https://www.rukn-eltatawer.com/sa/pool-maintenance-dammam/,pool-maintenance-dammam,1705,0,23,31,2,57,0,2026-09-05,2026-09-09,f9a0e45465728ce9|n=12,boilerplate_overuse,عبارات قالبية متكررة: تجهيزاً مرتباً قبل انتقال أو موسم ذروة | لا نضع رقماً ثابتاً لا يمثّل عقارك | نوضّح ما سيدخل في النطاق وما لن يدخل | حسب الجدولة اليومية، ومن الأحياء التي نصل إليها غالباً
12974,post,شركة صيانة لوحات كهرباء بالطائف,https://www.rukn-eltatawer.com/sa/electric-panel-maintenance-taif/,electric-panel-maintenance-taif,1807,0,23,33,2,59,0,2026-09-05,2026-09-09,ca12d828b6df7b7d|n=12,boilerplate_overuse,عبارات قالبية متكررة: تجهيزاً مرتباً قبل انتقال أو موسم ذروة | لا نضع رقماً ثابتاً لا يمثّل عقارك | نوضّح ما سيدخل في النطاق وما لن يدخل | حسب الجدولة اليومية، ومن الأحياء التي نصل إليها غالباً
11289,post,شركة صيانة كهرباء بالطائف,https://www.rukn-eltatawer.com/sa/electrical-maintenance-taif/,electrical-maintenance-taif,1731,0,23,33,2,59,0,2026-09-05,2026-09-09,0e8d196d4a3e65ee|n=12,boilerplate_overuse,عبارات قالبية متكررة: تجهيزاً مرتباً قبل انتقال أو موسم ذروة | لا نضع رقماً ثابتاً لا يمثّل عقارك | نوضّح ما سيدخل في النطاق وما لن يدخل | حسب الجدولة اليومية، ومن الأحياء التي نصل إليها غالباً
11191,post,شركة صيانة كاميرات مراقبة بمكة المكرمة,https://www.rukn-eltatawer.com/sa/cctv-maintenance-mecca/,cctv-maintenance-mecca,1866,0,23,32,2,58,0,2026-09-05,2026-09-10,da13f556f4e451b9|n=12,boilerplate_overuse,عبارات قالبية متكررة: تجهيزاً مرتباً قبل انتقال أو موسم ذروة | لا نضع رقماً ثابتاً لا يمثّل عقارك | نوضّح ما سيدخل في النطاق وما لن يدخل | حسب الجدولة اليومية، ومن الأحياء التي نصل إليها غالباً
11330,post,شركة صيانة سخانات بأبها,https://www.rukn-eltatawer.com/sa/water-heater-maintenance-abha/,water-heater-maintenance-abha,1730,0,23,33,2,59,0,2026-09-05,2026-09-10,baff18ed9c563d88|n=12,boilerplate_overuse,عبارات قالبية متكررة: تجهيزاً مرتباً قبل انتقال أو موسم ذروة | لا نضع رقماً ثابتاً لا يمثّل عقارك | نوضّح ما سيدخل في النطاق وما لن يدخل | حسب الجدولة اليومية، ومن الأحياء التي نصل إليها غالباً
11316,post,شركة صيانة سباكة بأبها,https://www.rukn-eltatawer.com/sa/plumbing-maintenance-abha/,plumbing-maintenance-abha,1708,0,23,31,2,57,0,2026-09-05,2026-09-10,d9449c8aea5bc7a8|n=12,boilerplate_overuse,عبارات قالبية متكررة: تجهيزاً مرتباً قبل انتقال أو موسم ذروة | لا نضع رقماً ثابتاً لا يمثّل عقارك | نوضّح ما سيدخل في النطاق وما لن يدخل | حسب الجدولة اليومية، ومن الأحياء التي نصل إليها غالباً
11299,post,شركة صيانة الأجهزة الكهربائية بالطائف,https://www.rukn-eltatawer.com/sa/appliance-maintenance-taif/,appliance-maintenance-taif,1770,0,23,31,2,57,0,2026-09-05,2026-09-09,3f1558b54f5804e3|n=12,boilerplate_overuse,عبارات قالبية متكررة: تجهيزاً مرتباً قبل انتقال أو موسم ذروة | لا نضع رقماً ثابتاً لا يمثّل عقارك | نوضّح ما سيدخل في النطاق وما لن يدخل | حسب الجدولة اليومية، ومن الأحياء التي نصل إليها غالباً
12934,post,شركة رش بويات كهربائي بالطائف,https://www.rukn-eltatawer.com/sa/electric-spray-painting-taif/,electric-spray-painting-taif,1770,0,23,31,2,57,0,2026-09-05,2026-09-09,aa34b837eea2d037|n=12,boilerplate_overuse,عبارات قالبية متكررة: تجهيزاً مرتباً قبل انتقال أو موسم ذروة | لا نضع رقماً ثابتاً لا يمثّل عقارك | نوضّح ما سيدخل في النطاق وما لن يدخل | حسب الجدولة اليومية، ومن الأحياء التي نصل إليها غالباً
12371,post,شركة تنظيف وتزيين الحدائق بالمدينة المنورة,https://www.rukn-eltatawer.com/sa/garden-cleaning-medina/,garden-cleaning-medina,1912,0,23,33,2,59,0,2026-09-05,2026-09-10,b6e86e0d7e935ceb|n=12,boilerplate_overuse,عبارات قالبية متكررة: تجهيزاً مرتباً قبل انتقال أو موسم ذروة | لا نضع رقماً ثابتاً لا يمثّل عقارك | نوضّح ما سيدخل في النطاق وما لن يدخل | حسب الجدولة اليومية، ومن الأحياء التي نصل إليها غالباً
10969,post,شركة تنظيف مسابح بالدمام,https://www.rukn-eltatawer.com/sa/pool-cleaning-dammam/,pool-cleaning-dammam,1737,0,23,33,2,59,0,2026-09-05,2026-09-10,58db40a8acf2f783|n=12,boilerplate_overuse,عبارات قالبية متكررة: تجهيزاً مرتباً قبل انتقال أو موسم ذروة | لا نضع رقماً ثابتاً لا يمثّل عقارك | نوضّح ما سيدخل في النطاق وما لن يدخل | حسب الجدولة اليومية، ومن الأحياء التي نصل إليها غالباً
11005,post,شركة تنظيف أرضيات رخام وجلي رخام بالخبر,https://www.rukn-eltatawer.com/sa/marble-polishing-khobar/,marble-polishing-khobar,1941,0,23,33,2,59,0,2026-09-05,2026-09-10,321d3f1b50176735|n=12,boilerplate_overuse,عبارات قالبية متكررة: تجهيزاً مرتباً قبل انتقال أو موسم ذروة | لا نضع رقماً ثابتاً لا يمثّل عقارك | نوضّح ما سيدخل في النطاق وما لن يدخل | حسب الجدولة اليومية، ومن الأحياء التي نصل إليها غالباً
12331,post,شركة تنسيق حدائق بالمدينة المنورة,https://www.rukn-eltatawer.com/sa/landscaping-medina/,landscaping-medina,1799,0,23,30,2,56,0,2026-09-05,2026-09-10,b32575deaa8808d4|n=12,boilerplate_overuse,عبارات قالبية متكررة: تجهيزاً مرتباً قبل انتقال أو موسم ذروة | لا نضع رقماً ثابتاً لا يمثّل عقارك | نوضّح ما سيدخل في النطاق وما لن يدخل | حسب الجدولة اليومية، ومن الأحياء التي نصل إليها غالباً
12982,post,شركة تمديدات كهربائية جديدة بالطائف,https://www.rukn-eltatawer.com/sa/new-electrical-wiring-taif/,new-electrical-wiring-taif,1779,0,23,31,2,57,0,2026-09-05,2026-09-09,1caaa85db5504fdf|n=12,boilerplate_overuse,عبارات قالبية متكررة: تجهيزاً مرتباً قبل انتقال أو موسم ذروة | لا نضع رقماً ثابتاً لا يمثّل عقارك | نوضّح ما سيدخل في النطاق وما لن يدخل | حسب الجدولة اليومية، ومن الأحياء التي نصل إليها غالباً
12339,post,شركة تصميم حدائق داخلية بالمدينة المنورة,https://www.rukn-eltatawer.com/sa/indoor-garden-design-medina/,indoor-garden-design-medina,1845,0,23,30,2,56,0,2026-09-05,2026-09-09,ad5f09e5847a661f|n=12,boilerplate_overuse,عبارات قالبية متكررة: تجهيزاً مرتباً قبل انتقال أو موسم ذروة | لا نضع رقماً ثابتاً لا يمثّل عقارك | نوضّح ما سيدخل في النطاق وما لن يدخل | حسب الجدولة اليومية، ومن الأحياء التي نصل إليها غالباً
12347,post,شركة تصميم حدائق أسطح بالمدينة المنورة,https://www.rukn-eltatawer.com/sa/roof-garden-design-medina/,roof-garden-design-medina,1867,0,23,32,2,58,0,2026-09-05,2026-09-09,fee924d21c118f4e|n=12,boilerplate_overuse,عبارات قالبية متكررة: تجهيزاً مرتباً قبل انتقال أو موسم ذروة | لا نضع رقماً ثابتاً لا يمثّل عقارك | نوضّح ما سيدخل في النطاق وما لن يدخل | حسب الجدولة اليومية، ومن الأحياء التي نصل إليها غالباً
11334,post,شركة تركيب وصيانة مضخات مياه وصرف صحي بأبها,https://www.rukn-eltatawer.com/sa/water-pumps-abha/,water-pumps-abha,1952,0,23,32,2,58,0,2026-09-05,2026-09-10,04145549da01d869|n=12,boilerplate_overuse,عبارات قالبية متكررة: تجهيزاً مرتباً قبل انتقال أو موسم ذروة | لا نضع رقماً ثابتاً لا يمثّل عقارك | نوضّح ما سيدخل في النطاق وما لن يدخل | حسب الجدولة اليومية، ومن الأحياء التي نصل إليها غالباً
13071,post,شركة تركيب وصيانة سخانات مركزية بأبها,https://www.rukn-eltatawer.com/sa/central-heater-installation-maintenance-abha/,central-heater-installation-maintenance-abha,1836,0,23,31,2,57,0,2026-09-05,2026-09-10,3162450a676ab8ab|n=12,boilerplate_overuse,عبارات قالبية متكررة: تجهيزاً مرتباً قبل انتقال أو موسم ذروة | لا نضع رقماً ثابتاً لا يمثّل عقارك | نوضّح ما سيدخل في النطاق وما لن يدخل | حسب الجدولة اليومية، ومن الأحياء التي نصل إليها غالباً
12243,post,شركة تركيب عشب صناعي بالمدينة المنورة,https://www.rukn-eltatawer.com/sa/artificial-grass-medina/,artificial-grass-medina,1862,0,23,32,2,58,0,2026-09-05,2026-09-09,c96d2105dbd2064d|n=12,boilerplate_overuse,عبارات قالبية متكررة: تجهيزاً مرتباً قبل انتقال أو موسم ذروة | لا نضع رقماً ثابتاً لا يمثّل عقارك | نوضّح ما سيدخل في النطاق وما لن يدخل | حسب الجدولة اليومية، ومن الأحياء التي نصل إليها غالباً
12251,post,شركة تركيب عشب جداري بالمدينة المنورة,https://www.rukn-eltatawer.com/sa/grass-wall-medina/,grass-wall-medina,1863,0,23,30,2,56,0,2026-09-05,2026-09-09,e4c03a23baf7ffdd|n=12,boilerplate_overuse,عبارات قالبية متكررة: تجهيزاً مرتباً قبل انتقال أو موسم ذروة | لا نضع رقماً ثابتاً لا يمثّل عقارك | نوضّح ما سيدخل في النطاق وما لن يدخل | حسب الجدولة اليومية، ومن الأحياء التي نصل إليها غالباً
13023,post,شركة تركيب سخانات مياه بأبها,https://www.rukn-eltatawer.com/sa/water-heater-installation-abha/,water-heater-installation-abha,1796,0,23,33,2,59,0,2026-09-05,2026-09-10,e206c126f23b14e9|n=12,boilerplate_overuse,عبارات قالبية متكررة: تجهيزاً مرتباً قبل انتقال أو موسم ذروة | لا نضع رقماً ثابتاً لا يمثّل عقارك | نوضّح ما سيدخل في النطاق وما لن يدخل | حسب الجدولة اليومية، ومن الأحياء التي نصل إليها غالباً
12527,post,شركة تركيب سخانات طاقة شمسية بأبها,https://www.rukn-eltatawer.com/sa/solar-water-heaters-abha/,solar-water-heaters-abha,1849,0,23,33,2,59,0,2026-09-05,2026-09-10,43974ab0f1a018ba|n=12,boilerplate_overuse,عبارات قالبية متكررة: تجهيزاً مرتباً قبل انتقال أو موسم ذروة | لا نضع رقماً ثابتاً لا يمثّل عقارك | نوضّح ما سيدخل في النطاق وما لن يدخل | حسب الجدولة اليومية، ومن الأحياء التي نصل إليها غالباً
12998,post,شركة تركيب إنارة داخلية وخارجية بالطائف,https://www.rukn-eltatawer.com/sa/indoor-outdoor-lighting-installation-taif/,indoor-outdoor-lighting-installation-taif,1840,0,23,31,2,57,0,2026-09-05,2026-09-09,aa34b837eea2d037|n=12,boilerplate_overuse,عبارات قالبية متكررة: تجهيزاً مرتباً قبل انتقال أو موسم ذروة | لا نضع رقماً ثابتاً لا يمثّل عقارك | نوضّح ما سيدخل في النطاق وما لن يدخل | حسب الجدولة اليومية، ومن الأحياء التي نصل إليها غالباً
13055,post,شركة تأسيس كهرباء وسباكة لمبنى جديد بأبها,https://www.rukn-eltatawer.com/sa/new-building-electrical-plumbing-abha/,new-building-electrical-plumbing-abha,1925,0,23,33,2,59,0,2026-09-05,2026-09-10,69c45f5fe800464a|n=12,boilerplate_overuse,عبارات قالبية متكررة: تجهيزاً مرتباً قبل انتقال أو موسم ذروة | لا نضع رقماً ثابتاً لا يمثّل عقارك | نوضّح ما سيدخل في النطاق وما لن يدخل | حسب الجدولة اليومية، ومن الأحياء التي نصل إليها غالباً
12411,post,شركة إنشاء جلسات حدائق بالمدينة المنورة,https://www.rukn-eltatawer.com/sa/garden-seating-medina/,garden-seating-medina,1846,0,23,30,2,56,0,2026-09-05,2026-09-09,9a59a00fef178ed7|n=12,boilerplate_overuse,عبارات قالبية متكررة: تجهيزاً مرتباً قبل انتقال أو موسم ذروة | لا نضع رقماً ثابتاً لا يمثّل عقارك | نوضّح ما سيدخل في النطاق وما لن يدخل | حسب الجدولة اليومية، ومن الأحياء التي نصل إليها غالباً
12694,post,سباك منازل بالطائف,https://www.rukn-eltatawer.com/sa/home-plumber-taif/,home-plumber-taif,1732,0,23,31,2,57,0,2026-09-05,2026-09-10,9bd61ea971c6ec61|n=12,boilerplate_overuse,عبارات قالبية متكررة: تجهيزاً مرتباً قبل انتقال أو موسم ذروة | لا نضع رقماً ثابتاً لا يمثّل عقارك | نوضّح ما سيدخل في النطاق وما لن يدخل | حسب الجدولة اليومية، ومن الأحياء التي نصل إليها غالباً
12758,post,فني تركيب وصيانة تكييف بالطائف,https://www.rukn-eltatawer.com/sa/ac-tech-taif/,ac-tech-taif,1815,0,23,33,2,59,0,2026-09-05,2026-09-09,e2eb0faa9baaed38|n=12,boilerplate_overuse,عبارات قالبية متكررة: تجهيزاً مرتباً قبل انتقال أو موسم ذروة | لا نضع رقماً ثابتاً لا يمثّل عقارك | نوضّح ما سيدخل في النطاق وما لن يدخل | حسب الجدولة اليومية، ومن الأحياء التي نصل إليها غالباً
13111,post,شركة غسيل وتنظيف مكيفات بأبها,https://www.rukn-eltatawer.com/sa/ac-cleaning-washing-abha/,ac-cleaning-washing-abha,1802,0,23,31,2,57,0,2026-09-05,2026-09-10,cc0ffc78fafe7040|n=12,boilerplate_overuse|intent_mismatch,عبارات قالبية متكررة: تجهيزاً مرتباً قبل انتقال أو موسم ذروة | لا نضع رقماً ثابتاً لا يمثّل عقارك | نوضّح ما سيدخل في النطاق وما لن يدخل | حسب الجدولة اليومية، ومن الأحياء التي نصل إليها غالباً || عنوان عن تكييف بينما النص/الأسئلة تتحدث عن تنظيف منازل أو رخام وخشب
13159,post,شركة عقود صيانة تكييف دورية بأبها,https://www.rukn-eltatawer.com/sa/ac-periodic-maintenance-contracts-abha/,ac-periodic-maintenance-contracts-abha,1869,0,23,33,2,59,0,2026-09-05,2026-09-10,0c7ad8f367f07fa6|n=12,boilerplate_overuse,عبارات قالبية متكررة: تجهيزاً مرتباً قبل انتقال أو موسم ذروة | لا نضع رقماً ثابتاً لا يمثّل عقارك | نوضّح ما سيدخل في النطاق وما لن يدخل | حسب الجدولة اليومية، ومن الأحياء التي نصل إليها غالباً
11318,post,شركة صيانة مكيفات سبليت بأبها,https://www.rukn-eltatawer.com/sa/split-ac-maintenance-abha/,split-ac-maintenance-abha,1786,0,23,31,2,57,0,2026-09-05,2026-09-09,5eebae540b794218|n=12,boilerplate_overuse,عبارات قالبية متكررة: تجهيزاً مرتباً قبل انتقال أو موسم ذروة | لا نضع رقماً ثابتاً لا يمثّل عقارك | نوضّح ما سيدخل في النطاق وما لن يدخل | حسب الجدولة اليومية، ومن الأحياء التي نصل إليها غالباً
13127,post,شركة صيانة دكتات التكييف بأبها,https://www.rukn-eltatawer.com/sa/ac-duct-maintenance-abha/,ac-duct-maintenance-abha,1806,0,23,31,2,57,0,2026-09-05,2026-09-10,b94869f73104d1e8|n=12,boilerplate_overuse,عبارات قالبية متكررة: تجهيزاً مرتباً قبل انتقال أو موسم ذروة | لا نضع رقماً ثابتاً لا يمثّل عقارك | نوضّح ما سيدخل في النطاق وما لن يدخل | حسب الجدولة اليومية، ومن الأحياء التي نصل إليها غالباً
11317,post,شركة صيانة تكييف مركزي بأبها,https://www.rukn-eltatawer.com/sa/central-ac-maintenance-abha/,central-ac-maintenance-abha,1801,0,23,33,2,59,0,2026-09-05,2026-09-10,5b6ee7abfb31a946|n=12,boilerplate_overuse,عبارات قالبية متكررة: تجهيزاً مرتباً قبل انتقال أو موسم ذروة | لا نضع رقماً ثابتاً لا يمثّل عقارك | نوضّح ما سيدخل في النطاق وما لن يدخل | حسب الجدولة اليومية، ومن الأحياء التي نصل إليها غالباً
13103,post,شركة تعبئة فريون مكيفات بأبها,https://www.rukn-eltatawer.com/sa/ac-freon-refill-abha/,ac-freon-refill-abha,1793,0,23,31,2,57,0,2026-09-05,2026-09-10,3788031c710bb64c|n=12,boilerplate_overuse,عبارات قالبية متكررة: تجهيزاً مرتباً قبل انتقال أو موسم ذروة | لا نضع رقماً ثابتاً لا يمثّل عقارك | نوضّح ما سيدخل في النطاق وما لن يدخل | حسب الجدولة اليومية، ومن الأحياء التي نصل إليها غالباً
13095,post,شركة تركيب وحدات تكييف نافذة بأبها,https://www.rukn-eltatawer.com/sa/window-ac-installation-abha/,window-ac-installation-abha,1855,0,23,31,2,57,0,2026-09-05,2026-09-10,8dfc79fa4427aeeb|n=12,boilerplate_overuse,عبارات قالبية متكررة: تجهيزاً مرتباً قبل انتقال أو موسم ذروة | لا نضع رقماً ثابتاً لا يمثّل عقارك | نوضّح ما سيدخل في النطاق وما لن يدخل | حسب الجدولة اليومية، ومن الأحياء التي نصل إليها غالباً
13087,post,شركة تركيب مكيفات سبليت بأبها,https://www.rukn-eltatawer.com/sa/split-ac-installation-abha/,split-ac-installation-abha,1811,0,23,33,2,59,0,2026-09-05,2026-09-10,0175d62ad142d601|n=12,boilerplate_overuse,عبارات قالبية متكررة: تجهيزاً مرتباً قبل انتقال أو موسم ذروة | لا نضع رقماً ثابتاً لا يمثّل عقارك | نوضّح ما سيدخل في النطاق وما لن يدخل | حسب الجدولة اليومية، ومن الأحياء التي نصل إليها غالباً
13135,post,شركة تركيب تكييف مركزي جديد بأبها,https://www.rukn-eltatawer.com/sa/new-central-ac-installation-abha/,new-central-ac-installation-abha,1865,0,23,33,2,59,0,2026-09-05,2026-09-10,48e11b3478c785c1|n=12,boilerplate_overuse,عبارات قالبية متكررة: تجهيزاً مرتباً قبل انتقال أو موسم ذروة | لا نضع رقماً ثابتاً لا يمثّل عقارك | نوضّح ما سيدخل في النطاق وما لن يدخل | حسب الجدولة اليومية، ومن الأحياء التي نصل إليها غالباً
12535,post,شركة تركيب أجهزة تكييف طاقة شمسية بأبها,https://www.rukn-eltatawer.com/sa/solar-ac-installation-abha/,solar-ac-installation-abha,1921,0,23,33,2,59,0,2026-09-05,2026-09-10,7ae1ca0fe5a9ecaf|n=12,boilerplate_overuse,عبارات قالبية متكررة: تجهيزاً مرتباً قبل انتقال أو موسم ذروة | لا نضع رقماً ثابتاً لا يمثّل عقارك | نوضّح ما سيدخل في النطاق وما لن يدخل | حسب الجدولة اليومية، ومن الأحياء التي نصل إليها غالباً
12567,post,شركة مكافحة النمل الأسود والأحمر بأبها,https://www.rukn-eltatawer.com/sa/ant-control-abha/,ant-control-abha,1826,0,23,32,2,58,0,2026-09-05,2026-09-10,04145549da01d869|n=12,boilerplate_overuse,عبارات قالبية متكررة: تجهيزاً مرتباً قبل انتقال أو موسم ذروة | لا نضع رقماً ثابتاً لا يمثّل عقارك | نوضّح ما سيدخل في النطاق وما لن يدخل | حسب الجدولة اليومية، ومن الأحياء التي نصل إليها غالباً
12559,post,شركة مكافحة النمل الأبيض (الرمة) بأبها,https://www.rukn-eltatawer.com/sa/termite-control-abha/,termite-control-abha,1818,0,23,30,2,56,0,2026-09-05,2026-09-10,5b35c601fd0d1574|n=12,boilerplate_overuse,عبارات قالبية متكررة: تجهيزاً مرتباً قبل انتقال أو موسم ذروة | لا نضع رقماً ثابتاً لا يمثّل عقارك | نوضّح ما سيدخل في النطاق وما لن يدخل | حسب الجدولة اليومية، ومن الأحياء التي نصل إليها غالباً
12575,post,شركة مكافحة الصراصير بأبها,https://www.rukn-eltatawer.com/sa/cockroach-control-abha/,cockroach-control-abha,1732,0,23,31,2,57,0,2026-09-05,2026-09-10,aa34b837eea2d037|n=12,boilerplate_overuse,عبارات قالبية متكررة: تجهيزاً مرتباً قبل انتقال أو موسم ذروة | لا نضع رقماً ثابتاً لا يمثّل عقارك | نوضّح ما سيدخل في النطاق وما لن يدخل | حسب الجدولة اليومية، ومن الأحياء التي نصل إليها غالباً
12070,post,شركة تسليك مجاري بالطائف,https://www.rukn-eltatawer.com/sa/drain-unclogging-taif/,drain-unclogging-taif,1735,0,23,31,2,57,0,2026-09-05,2026-09-10,a68cffe9799d1bea|n=12,boilerplate_overuse,عبارات قالبية متكررة: تجهيزاً مرتباً قبل انتقال أو موسم ذروة | لا نضع رقماً ثابتاً لا يمثّل عقارك | نوضّح ما سيدخل في النطاق وما لن يدخل | حسب الجدولة اليومية، ومن الأحياء التي نصل إليها غالباً
12701,post,كهربائي منازل بالخبر,https://www.rukn-eltatawer.com/sa/home-electrician-khobar/,home-electrician-khobar,1701,0,23,31,2,57,0,2026-09-05,2026-09-09,08e875330a9c0092|n=12,boilerplate_overuse,عبارات قالبية متكررة: تجهيزاً مرتباً قبل انتقال أو موسم ذروة | لا نضع رقماً ثابتاً لا يمثّل عقارك | نوضّح ما سيدخل في النطاق وما لن يدخل | حسب الجدولة اليومية، ومن الأحياء التي نصل إليها غالباً
12477,post,شركة نقل عفش مع التغليف بالخبر,https://www.rukn-eltatawer.com/sa/furniture-moving-packaging-khobar/,furniture-moving-packaging-khobar,1851,0,23,33,2,59,0,2026-09-05,2026-09-09,04145549da01d869|n=12,boilerplate_overuse,عبارات قالبية متكررة: تجهيزاً مرتباً قبل انتقال أو موسم ذروة | لا نضع رقماً ثابتاً لا يمثّل عقارك | نوضّح ما سيدخل في النطاق وما لن يدخل | حسب الجدولة اليومية، ومن الأحياء التي نصل إليها غالباً
12461,post,شركة نقل أثاث داخلي بالخبر,https://www.rukn-eltatawer.com/sa/indoor-moving-khobar/,indoor-moving-khobar,1788,0,23,33,2,59,0,2026-09-05,2026-09-09,9d4ad5b74a8953d9|n=12,boilerplate_overuse,عبارات قالبية متكررة: تجهيزاً مرتباً قبل انتقال أو موسم ذروة | لا نضع رقماً ثابتاً لا يمثّل عقارك | نوضّح ما سيدخل في النطاق وما لن يدخل | حسب الجدولة اليومية، ومن الأحياء التي نصل إليها غالباً
12469,post,شركة نقل أثاث خارجي بالخبر,https://www.rukn-eltatawer.com/sa/outdoor-moving-khobar/,outdoor-moving-khobar,1768,0,23,31,2,57,0,2026-09-05,2026-09-09,d3fb2ed2a9e89833|n=12,boilerplate_overuse,عبارات قالبية متكررة: تجهيزاً مرتباً قبل انتقال أو موسم ذروة | لا نضع رقماً ثابتاً لا يمثّل عقارك | نوضّح ما سيدخل في النطاق وما لن يدخل | حسب الجدولة اليومية، ومن الأحياء التي نصل إليها غالباً
13078,post,شركة كشف وإصلاح أعطال السباكة بالطائف,https://www.rukn-eltatawer.com/sa/plumbing-fault-repair-taif/,plumbing-fault-repair-taif,1868,0,23,31,2,57,0,2026-09-05,2026-09-10,436ba74e2ecf75f8|n=12,boilerplate_overuse,عبارات قالبية متكررة: تجهيزاً مرتباً قبل انتقال أو موسم ذروة | لا نضع رقماً ثابتاً لا يمثّل عقارك | نوضّح ما سيدخل في النطاق وما لن يدخل | حسب الجدولة اليومية، ومن الأحياء التي نصل إليها غالباً
12354,post,شركة قص عشب طبيعي بمكة المكرمة,https://www.rukn-eltatawer.com/sa/natural-grass-cutting-mecca/,natural-grass-cutting-mecca,1835,0,23,30,2,56,0,2026-09-05,2026-09-09,1f93ebc78c18e2f2|n=12,boilerplate_overuse,عبارات قالبية متكررة: تجهيزاً مرتباً قبل انتقال أو موسم ذروة | لا نضع رقماً ثابتاً لا يمثّل عقارك | نوضّح ما سيدخل في النطاق وما لن يدخل | حسب الجدولة اليومية، ومن الأحياء التي نصل إليها غالباً
13030,post,شركة صيانة مواسير صرف صحي بالطائف,https://www.rukn-eltatawer.com/sa/drainage-pipe-maintenance-taif/,drainage-pipe-maintenance-taif,1849,0,23,30,2,56,0,2026-09-05,2026-09-10,4cd8433704b1d339|n=12,boilerplate_overuse,عبارات قالبية متكررة: تجهيزاً مرتباً قبل انتقال أو موسم ذروة | لا نضع رقماً ثابتاً لا يمثّل عقارك | نوضّح ما سيدخل في النطاق وما لن يدخل | حسب الجدولة اليومية، ومن الأحياء التي نصل إليها غالباً
13062,post,شركة صيانة مضخات مياه بالطائف,https://www.rukn-eltatawer.com/sa/water-pump-maintenance-taif/,water-pump-maintenance-taif,1792,0,23,32,2,58,0,2026-09-05,2026-09-10,8abd403ec3ae57f1|n=12,boilerplate_overuse,عبارات قالبية متكررة: تجهيزاً مرتباً قبل انتقال أو موسم ذروة | لا نضع رقماً ثابتاً لا يمثّل عقارك | نوضّح ما سيدخل في النطاق وما لن يدخل | حسب الجدولة اليومية، ومن الأحياء التي نصل إليها غالباً
11215,post,شركة صيانة مسابح بالمدينة المنورة,https://www.rukn-eltatawer.com/sa/pool-maintenance-medina/,pool-maintenance-medina,1816,0,23,33,2,59,0,2026-09-05,2026-09-09,9b019595b4d9f520|n=12,boilerplate_overuse,عبارات قالبية متكررة: تجهيزاً مرتباً قبل انتقال أو موسم ذروة | لا نضع رقماً ثابتاً لا يمثّل عقارك | نوضّح ما سيدخل في النطاق وما لن يدخل | حسب الجدولة اليومية، ومن الأحياء التي نصل إليها غالباً
11165,post,شركة صيانة كاميرات مراقبة بجدة,https://www.rukn-eltatawer.com/sa/cctv-maintenance-jeddah/,cctv-maintenance-jeddah,1809,0,23,32,2,58,0,2026-09-05,2026-09-09,da13f556f4e451b9|n=12,boilerplate_overuse,عبارات قالبية متكررة: تجهيزاً مرتباً قبل انتقال أو موسم ذروة | لا نضع رقماً ثابتاً لا يمثّل عقارك | نوضّح ما سيدخل في النطاق وما لن يدخل | حسب الجدولة اليومية، ومن الأحياء التي نصل إليها غالباً
11304,post,شركة صيانة سخانات بالطائف,https://www.rukn-eltatawer.com/sa/water-heater-maintenance-taif/,water-heater-maintenance-taif,1726,0,23,31,2,57,0,2026-09-05,2026-09-10,e21f43bedc14167f|n=12,boilerplate_overuse,عبارات قالبية متكررة: تجهيزاً مرتباً قبل انتقال أو موسم ذروة | لا نضع رقماً ثابتاً لا يمثّل عقارك | نوضّح ما سيدخل في النطاق وما لن يدخل | حسب الجدولة اليومية، ومن الأحياء التي نصل إليها غالباً
11290,post,شركة صيانة سباكة بالطائف,https://www.rukn-eltatawer.com/sa/plumbing-maintenance-taif/,plumbing-maintenance-taif,1735,0,23,31,2,57,0,2026-09-05,2026-09-10,23012c98abfb25a1|n=12,boilerplate_overuse,عبارات قالبية متكررة: تجهيزاً مرتباً قبل انتقال أو موسم ذروة | لا نضع رقماً ثابتاً لا يمثّل عقارك | نوضّح ما سيدخل في النطاق وما لن يدخل | حسب الجدولة اليومية، ومن الأحياء التي نصل إليها غالباً
13006,post,شركة سباك منازل بالطائف,https://www.rukn-eltatawer.com/sa/home-plumber-elec-taif/,home-plumber-elec-taif,1747,0,23,33,2,59,0,2026-09-05,2026-09-10,9e96645a5dc77336|n=12,boilerplate_overuse,عبارات قالبية متكررة: تجهيزاً مرتباً قبل انتقال أو موسم ذروة | لا نضع رقماً ثابتاً لا يمثّل عقارك | نوضّح ما سيدخل في النطاق وما لن يدخل | حسب الجدولة اليومية، ومن الأحياء التي نصل إليها غالباً
12880,post,شركة ديكورات جبس بورد بالرياض,https://www.rukn-eltatawer.com/sa/gypsum-board-decor-riyadh/,gypsum-board-decor-riyadh,1822,0,23,33,2,59,0,2026-09-05,2026-09-10,04145549da01d869|n=12,boilerplate_overuse,عبارات قالبية متكررة: تجهيزاً مرتباً قبل انتقال أو موسم ذروة | لا نضع رقماً ثابتاً لا يمثّل عقارك | نوضّح ما سيدخل في النطاق وما لن يدخل | حسب الجدولة اليومية، ومن الأحياء التي نصل إليها غالباً
12936,post,شركة دهانات ديكورية وتأثيرات جدارية بالرياض,https://www.rukn-eltatawer.com/sa/decorative-wall-effects-riyadh/,decorative-wall-effects-riyadh,1905,0,23,33,2,59,0,2026-09-05,2026-09-09,b147011c427c8efd|n=12,boilerplate_overuse,عبارات قالبية متكررة: تجهيزاً مرتباً قبل انتقال أو موسم ذروة | لا نضع رقماً ثابتاً لا يمثّل عقارك | نوضّح ما سيدخل في النطاق وما لن يدخل | حسب الجدولة اليومية، ومن الأحياء التي نصل إليها غالباً
11061,post,شركة تنظيف وتعقيم شامل بأبها,https://www.rukn-eltatawer.com/sa/deep-cleaning-abha/,deep-cleaning-abha,1809,0,23,33,2,59,0,2026-09-05,2026-09-10,241c7f5f987e53a9|n=12,boilerplate_overuse,عبارات قالبية متكررة: تجهيزاً مرتباً قبل انتقال أو موسم ذروة | لا نضع رقماً ثابتاً لا يمثّل عقارك | نوضّح ما سيدخل في النطاق وما لن يدخل | حسب الجدولة اليومية، ومن الأحياء التي نصل إليها غالباً
12370,post,شركة تنظيف وتزيين الحدائق بمكة المكرمة,https://www.rukn-eltatawer.com/sa/garden-cleaning-mecca/,garden-cleaning-mecca,1853,0,23,31,2,57,0,2026-09-05,2026-09-10,6e0b2ab7a278fb94|n=12,boilerplate_overuse,عبارات قالبية متكررة: تجهيزاً مرتباً قبل انتقال أو موسم ذروة | لا نضع رقماً ثابتاً لا يمثّل عقارك | نوضّح ما سيدخل في النطاق وما لن يدخل | حسب الجدولة اليومية، ومن الأحياء التي نصل إليها غالباً
11038,post,شركة تنظيف منازل بأبها,https://www.rukn-eltatawer.com/sa/home-cleaning-abha/,home-cleaning-abha,1734,0,23,31,2,57,0,2026-09-05,2026-09-10,495163b01baa4179|n=12,boilerplate_overuse,عبارات قالبية متكررة: تجهيزاً مرتباً قبل انتقال أو موسم ذروة | لا نضع رقماً ثابتاً لا يمثّل عقارك | نوضّح ما سيدخل في النطاق وما لن يدخل | حسب الجدولة اليومية، ومن الأحياء التي نصل إليها غالباً
10943,post,شركة تنظيف مسابح بالمدينة المنورة,https://www.rukn-eltatawer.com/sa/pool-cleaning-medina/,pool-cleaning-medina,1813,0,23,31,2,57,0,2026-09-05,2026-09-10,aa34b837eea2d037|n=12,boilerplate_overuse,عبارات قالبية متكررة: تجهيزاً مرتباً قبل انتقال أو موسم ذروة | لا نضع رقماً ثابتاً لا يمثّل عقارك | نوضّح ما سيدخل في النطاق وما لن يدخل | حسب الجدولة اليومية، ومن الأحياء التي نصل إليها غالباً
11054,post,شركة تنظيف كنب بأبها,https://www.rukn-eltatawer.com/sa/sofa-cleaning-abha/,sofa-cleaning-abha,1697,0,23,32,2,58,0,2026-09-05,2026-09-10,87fe8cd238788679|n=12,boilerplate_overuse,عبارات قالبية متكررة: تجهيزاً مرتباً قبل انتقال أو موسم ذروة | لا نضع رقماً ثابتاً لا يمثّل عقارك | نوضّح ما سيدخل في النطاق وما لن يدخل | حسب الجدولة اليومية، ومن الأحياء التي نصل إليها غالباً
11040,post,شركة تنظيف فلل بأبها,https://www.rukn-eltatawer.com/sa/villa-cleaning-abha/,villa-cleaning-abha,1722,0,23,31,2,57,0,2026-09-05,2026-09-10,b54264e74ce93138|n=12,boilerplate_overuse,عبارات قالبية متكررة: تجهيزاً مرتباً قبل انتقال أو موسم ذروة | لا نضع رقماً ثابتاً لا يمثّل عقارك | نوضّح ما سيدخل في النطاق وما لن يدخل | حسب الجدولة اليومية، ومن الأحياء التي نصل إليها غالباً
11039,post,شركة تنظيف شقق بأبها,https://www.rukn-eltatawer.com/sa/apartment-cleaning-abha/,apartment-cleaning-abha,1740,0,23,33,2,59,0,2026-09-05,2026-09-10,ae2024e49c74ec2b|n=12,boilerplate_overuse,عبارات قالبية متكررة: تجهيزاً مرتباً قبل انتقال أو موسم ذروة | لا نضع رقماً ثابتاً لا يمثّل عقارك | نوضّح ما سيدخل في النطاق وما لن يدخل | حسب الجدولة اليومية، ومن الأحياء التي نصل إليها غالباً
11052,post,شركة تنظيف سجاد بأبها,https://www.rukn-eltatawer.com/sa/carpet-cleaning-abha/,carpet-cleaning-abha,1733,0,23,31,2,57,0,2026-09-05,2026-09-10,ae4a46331f5ebdd2|n=12,boilerplate_overuse,عبارات قالبية متكررة: تجهيزاً مرتباً قبل انتقال أو موسم ذروة | لا نضع رقماً ثابتاً لا يمثّل عقارك | نوضّح ما سيدخل في النطاق وما لن يدخل | حسب الجدولة اليومية، ومن الأحياء التي نصل إليها غالباً
10979,post,شركة تنظيف أرضيات رخام وجلي رخام بالدمام,https://www.rukn-eltatawer.com/sa/marble-polishing-dammam/,marble-polishing-dammam,1951,0,23,33,2,59,0,2026-09-05,2026-09-10,321d3f1b50176735|n=12,boilerplate_overuse,عبارات قالبية متكررة: تجهيزاً مرتباً قبل انتقال أو موسم ذروة | لا نضع رقماً ثابتاً لا يمثّل عقارك | نوضّح ما سيدخل في النطاق وما لن يدخل | حسب الجدولة اليومية، ومن الأحياء التي نصل إليها غالباً
12330,post,شركة تنسيق حدائق بمكة المكرمة,https://www.rukn-eltatawer.com/sa/landscaping-mecca/,landscaping-mecca,1762,0,23,30,2,56,0,2026-09-05,2026-09-09,1006817a0fc60093|n=12,boilerplate_overuse,عبارات قالبية متكررة: تجهيزاً مرتباً قبل انتقال أو موسم ذروة | لا نضع رقماً ثابتاً لا يمثّل عقارك | نوضّح ما سيدخل في النطاق وما لن يدخل | حسب الجدولة اليومية، ومن الأحياء التي نصل إليها غالباً
12320,post,شركة تصميم وتنفيذ ديكورات بالرياض,https://www.rukn-eltatawer.com/sa/decor-design-riyadh/,decor-design-riyadh,1815,0,23,32,2,58,0,2026-09-05,2026-09-09,e1eca3680f2be29d|n=12,boilerplate_overuse,عبارات قالبية متكررة: تجهيزاً مرتباً قبل انتقال أو موسم ذروة | لا نضع رقماً ثابتاً لا يمثّل عقارك | نوضّح ما سيدخل في النطاق وما لن يدخل | حسب الجدولة اليومية، ومن الأحياء التي نصل إليها غالباً
12338,post,شركة تصميم حدائق داخلية بمكة المكرمة,https://www.rukn-eltatawer.com/sa/indoor-garden-design-mecca/,indoor-garden-design-mecca,1831,0,23,30,2,56,0,2026-09-05,2026-09-09,6983b79d6bdbd0f1|n=12,boilerplate_overuse,عبارات قالبية متكررة: تجهيزاً مرتباً قبل انتقال أو موسم ذروة | لا نضع رقماً ثابتاً لا يمثّل عقارك | نوضّح ما سيدخل في النطاق وما لن يدخل | حسب الجدولة اليومية، ومن الأحياء التي نصل إليها غالباً
12346,post,شركة تصميم حدائق أسطح بمكة المكرمة,https://www.rukn-eltatawer.com/sa/roof-garden-design-mecca/,roof-garden-design-mecca,1826,0,23,30,2,56,0,2026-09-05,2026-09-10,2d8b815d17457c87|n=12,boilerplate_overuse,عبارات قالبية متكررة: تجهيزاً مرتباً قبل انتقال أو موسم ذروة | لا نضع رقماً ثابتاً لا يمثّل عقارك | نوضّح ما سيدخل في النطاق وما لن يدخل | حسب الجدولة اليومية، ومن الأحياء التي نصل إليها غالباً
11308,post,شركة تركيب وصيانة مضخات مياه وصرف صحي بالطائف,https://www.rukn-eltatawer.com/sa/water-pumps-taif/,water-pumps-taif,1970,0,23,32,2,58,0,2026-09-05,2026-09-10,db172b8bb1d7013a|n=12,boilerplate_overuse,عبارات قالبية متكررة: تجهيزاً مرتباً قبل انتقال أو موسم ذروة | لا نضع رقماً ثابتاً لا يمثّل عقارك | نوضّح ما سيدخل في النطاق وما لن يدخل | حسب الجدولة اليومية، ومن الأحياء التي نصل إليها غالباً
13070,post,شركة تركيب وصيانة سخانات مركزية بالطائف,https://www.rukn-eltatawer.com/sa/central-heater-installation-maintenance-taif/,central-heater-installation-maintenance-taif,1881,0,23,33,2,59,0,2026-09-05,2026-09-10,b45f09e0ce353297|n=12,boilerplate_overuse,عبارات قالبية متكررة: تجهيزاً مرتباً قبل انتقال أو موسم ذروة | لا نضع رقماً ثابتاً لا يمثّل عقارك | نوضّح ما سيدخل في النطاق وما لن يدخل | حسب الجدولة اليومية، ومن الأحياء التي نصل إليها غالباً
12242,post,شركة تركيب عشب صناعي بمكة المكرمة,https://www.rukn-eltatawer.com/sa/artificial-grass-mecca/,artificial-grass-mecca,1859,0,23,32,2,58,0,2026-09-05,2026-09-09,c28d0492650d592b|n=12,boilerplate_overuse,عبارات قالبية متكررة: تجهيزاً مرتباً قبل انتقال أو موسم ذروة | لا نضع رقماً ثابتاً لا يمثّل عقارك | نوضّح ما سيدخل في النطاق وما لن يدخل | حسب الجدولة اليومية، ومن الأحياء التي نصل إليها غالباً
12250,post,شركة تركيب عشب جداري بمكة المكرمة,https://www.rukn-eltatawer.com/sa/grass-wall-mecca/,grass-wall-mecca,1823,0,23,30,2,56,0,2026-09-05,2026-09-10,530bc06eeecf4d29|n=12,boilerplate_overuse,عبارات قالبية متكررة: تجهيزاً مرتباً قبل انتقال أو موسم ذروة | لا نضع رقماً ثابتاً لا يمثّل عقارك | نوضّح ما سيدخل في النطاق وما لن يدخل | حسب الجدولة اليومية، ومن الأحياء التي نصل إليها غالباً
13022,post,شركة تركيب سخانات مياه بالطائف,https://www.rukn-eltatawer.com/sa/water-heater-installation-taif/,water-heater-installation-taif,1815,0,23,33,2,59,0,2026-09-05,2026-09-10,cd40bf9943413084|n=12,boilerplate_overuse,عبارات قالبية متكررة: تجهيزاً مرتباً قبل انتقال أو موسم ذروة | لا نضع رقماً ثابتاً لا يمثّل عقارك | نوضّح ما سيدخل في النطاق وما لن يدخل | حسب الجدولة اليومية، ومن الأحياء التي نصل إليها غالباً
12526,post,شركة تركيب سخانات طاقة شمسية بالطائف,https://www.rukn-eltatawer.com/sa/solar-water-heaters-taif/,solar-water-heaters-taif,1869,0,23,33,2,59,0,2026-09-05,2026-09-10,fe6e087d304f4f0e|n=12,boilerplate_overuse,عبارات قالبية متكررة: تجهيزاً مرتباً قبل انتقال أو موسم ذروة | لا نضع رقماً ثابتاً لا يمثّل عقارك | نوضّح ما سيدخل في النطاق وما لن يدخل | حسب الجدولة اليومية، ومن الأحياء التي نصل إليها غالباً
12152,post,شركة تركيب جبس بورد بالرياض,https://www.rukn-eltatawer.com/sa/gypsum-board-riyadh/,gypsum-board-riyadh,1832,0,23,33,2,59,0,2026-09-05,2026-09-09,f7674ff14bd4bd20|n=12,boilerplate_overuse,عبارات قالبية متكررة: تجهيزاً مرتباً قبل انتقال أو موسم ذروة | لا نضع رقماً ثابتاً لا يمثّل عقارك | نوضّح ما سيدخل في النطاق وما لن يدخل | حسب الجدولة اليومية، ومن الأحياء التي نصل إليها غالباً
12112,post,شركة تركيب باركيه وأرضيات خشب بالرياض,https://www.rukn-eltatawer.com/sa/parquet-riyadh/,parquet-riyadh,1839,0,23,30,2,56,0,2026-09-05,2026-09-10,4ba6b2c47e91af83|n=12,boilerplate_overuse,عبارات قالبية متكررة: تجهيزاً مرتباً قبل انتقال أو موسم ذروة | لا نضع رقماً ثابتاً لا يمثّل عقارك | نوضّح ما سيدخل في النطاق وما لن يدخل | حسب الجدولة اليومية، ومن الأحياء التي نصل إليها غالباً
12160,post,شركة تركيب أسقف جبسية / فورسيلنج بالرياض,https://www.rukn-eltatawer.com/sa/false-ceiling-riyadh/,false-ceiling-riyadh,1855,0,23,31,2,57,0,2026-09-05,2026-09-10,41572009ab0a1f9f|n=12,boilerplate_overuse,عبارات قالبية متكررة: تجهيزاً مرتباً قبل انتقال أو موسم ذروة | لا نضع رقماً ثابتاً لا يمثّل عقارك | نوضّح ما سيدخل في النطاق وما لن يدخل | حسب الجدولة اليومية، ومن الأحياء التي نصل إليها غالباً
13054,post,شركة تأسيس كهرباء وسباكة لمبنى جديد بالطائف,https://www.rukn-eltatawer.com/sa/new-building-electrical-plumbing-taif/,new-building-electrical-plumbing-taif,1926,0,23,31,2,57,0,2026-09-05,2026-09-10,9e5b9c585fe0c65a|n=12,boilerplate_overuse,عبارات قالبية متكررة: تجهيزاً مرتباً قبل انتقال أو موسم ذروة | لا نضع رقماً ثابتاً لا يمثّل عقارك | نوضّح ما سيدخل في النطاق وما لن يدخل | حسب الجدولة اليومية، ومن الأحياء التي نصل إليها غالباً
12679,post,شركة التعقيم بالكلور بأبها,https://www.rukn-eltatawer.com/sa/chlorine-disinfection-abha/,chlorine-disinfection-abha,1726,0,23,32,2,58,0,2026-09-05,2026-09-10,4c5994497e392935|n=12,boilerplate_overuse,عبارات قالبية متكررة: تجهيزاً مرتباً قبل انتقال أو موسم ذروة | لا نضع رقماً ثابتاً لا يمثّل عقارك | نوضّح ما سيدخل في النطاق وما لن يدخل | حسب الجدولة اليومية، ومن الأحياء التي نصل إليها غالباً
12760,post,فني تركيب كاميرات مراقبة بالرياض,https://www.rukn-eltatawer.com/sa/cctv-tech-riyadh/,cctv-tech-riyadh,1790,0,23,32,2,58,0,2026-09-05,2026-09-10,cf38595869368ba7|n=12,boilerplate_overuse,عبارات قالبية متكررة: تجهيزاً مرتباً قبل انتقال أو موسم ذروة | لا نضع رقماً ثابتاً لا يمثّل عقارك | نوضّح ما سيدخل في النطاق وما لن يدخل | حسب الجدولة اليومية، ومن الأحياء التي نصل إليها غالباً
12671,post,شركة التعقيم بالبخار بأبها,https://www.rukn-eltatawer.com/sa/steam-disinfection-abha/,steam-disinfection-abha,1716,0,23,30,2,56,0,2026-09-05,2026-09-10,6ef1296b4521ed98|n=12,boilerplate_overuse,عبارات قالبية متكررة: تجهيزاً مرتباً قبل انتقال أو موسم ذروة | لا نضع رقماً ثابتاً لا يمثّل عقارك | نوضّح ما سيدخل في النطاق وما لن يدخل | حسب الجدولة اليومية، ومن الأحياء التي نصل إليها غالباً
12687,post,شركة التعقيم بالأوزون بأبها,https://www.rukn-eltatawer.com/sa/ozone-disinfection-abha/,ozone-disinfection-abha,1713,0,23,30,2,56,0,2026-09-05,2026-09-10,53e730f88b1931a8|n=12,boilerplate_overuse,عبارات قالبية متكررة: تجهيزاً مرتباً قبل انتقال أو موسم ذروة | لا نضع رقماً ثابتاً لا يمثّل عقارك | نوضّح ما سيدخل في النطاق وما لن يدخل | حسب الجدولة اليومية، ومن الأحياء التي نصل إليها غالباً
12410,post,شركة إنشاء جلسات حدائق بمكة المكرمة,https://www.rukn-eltatawer.com/sa/garden-seating-mecca/,garden-seating-mecca,1845,0,23,30,2,56,0,2026-09-05,2026-09-09,8d92fcf1c544bd2d|n=12,boilerplate_overuse,عبارات قالبية متكررة: تجهيزاً مرتباً قبل انتقال أو موسم ذروة | لا نضع رقماً ثابتاً لا يمثّل عقارك | نوضّح ما سيدخل في النطاق وما لن يدخل | حسب الجدولة اليومية، ومن الأحياء التي نصل إليها غالباً
13110,post,شركة غسيل وتنظيف مكيفات بالطائف,https://www.rukn-eltatawer.com/sa/ac-cleaning-washing-taif/,ac-cleaning-washing-taif,1807,0,23,33,2,59,0,2026-09-05,2026-09-09,04145549da01d869|n=12,boilerplate_overuse|intent_mismatch,عبارات قالبية متكررة: تجهيزاً مرتباً قبل انتقال أو موسم ذروة | لا نضع رقماً ثابتاً لا يمثّل عقارك | نوضّح ما سيدخل في النطاق وما لن يدخل | حسب الجدولة اليومية، ومن الأحياء التي نصل إليها غالباً || عنوان عن تكييف بينما النص/الأسئلة تتحدث عن تنظيف منازل أو رخام وخشب
13158,post,شركة عقود صيانة تكييف دورية بالطائف,https://www.rukn-eltatawer.com/sa/ac-periodic-maintenance-contracts-taif/,ac-periodic-maintenance-contracts-taif,1893,0,23,33,2,59,0,2026-09-05,2026-09-09,634257ea46a9d19b|n=12,boilerplate_overuse,عبارات قالبية متكررة: تجهيزاً مرتباً قبل انتقال أو موسم ذروة | لا نضع رقماً ثابتاً لا يمثّل عقارك | نوضّح ما سيدخل في النطاق وما لن يدخل | حسب الجدولة اليومية، ومن الأحياء التي نصل إليها غالباً
11292,post,شركة صيانة مكيفات سبليت بالطائف,https://www.rukn-eltatawer.com/sa/split-ac-maintenance-taif/,split-ac-maintenance-taif,1834,0,23,33,2,59,0,2026-09-05,2026-09-10,f61327a9778bc1c5|n=12,boilerplate_overuse,عبارات قالبية متكررة: تجهيزاً مرتباً قبل انتقال أو موسم ذروة | لا نضع رقماً ثابتاً لا يمثّل عقارك | نوضّح ما سيدخل في النطاق وما لن يدخل | حسب الجدولة اليومية، ومن الأحياء التي نصل إليها غالباً
13126,post,شركة صيانة دكتات التكييف بالطائف,https://www.rukn-eltatawer.com/sa/ac-duct-maintenance-taif/,ac-duct-maintenance-taif,1792,0,23,31,2,57,0,2026-09-05,2026-09-09,6480738510552a38|n=12,boilerplate_overuse,عبارات قالبية متكررة: تجهيزاً مرتباً قبل انتقال أو موسم ذروة | لا نضع رقماً ثابتاً لا يمثّل عقارك | نوضّح ما سيدخل في النطاق وما لن يدخل | حسب الجدولة اليومية، ومن الأحياء التي نصل إليها غالباً
11291,post,شركة صيانة تكييف مركزي بالطائف,https://www.rukn-eltatawer.com/sa/central-ac-maintenance-taif/,central-ac-maintenance-taif,1794,0,23,31,2,57,0,2026-09-05,2026-09-10,796dfb7d2fb56cd6|n=12,boilerplate_overuse,عبارات قالبية متكررة: تجهيزاً مرتباً قبل انتقال أو موسم ذروة | لا نضع رقماً ثابتاً لا يمثّل عقارك | نوضّح ما سيدخل في النطاق وما لن يدخل | حسب الجدولة اليومية، ومن الأحياء التي نصل إليها غالباً
13102,post,شركة تعبئة فريون مكيفات بالطائف,https://www.rukn-eltatawer.com/sa/ac-freon-refill-taif/,ac-freon-refill-taif,1795,0,23,31,2,57,0,2026-09-05,2026-09-09,72ce97d324e79c94|n=12,boilerplate_overuse,عبارات قالبية متكررة: تجهيزاً مرتباً قبل انتقال أو موسم ذروة | لا نضع رقماً ثابتاً لا يمثّل عقارك | نوضّح ما سيدخل في النطاق وما لن يدخل | حسب الجدولة اليومية، ومن الأحياء التي نصل إليها غالباً
13094,post,شركة تركيب وحدات تكييف نافذة بالطائف,https://www.rukn-eltatawer.com/sa/window-ac-installation-taif/,window-ac-installation-taif,1872,0,23,33,2,59,0,2026-09-05,2026-09-09,b9a3a0b846d1c6bb|n=12,boilerplate_overuse,عبارات قالبية متكررة: تجهيزاً مرتباً قبل انتقال أو موسم ذروة | لا نضع رقماً ثابتاً لا يمثّل عقارك | نوضّح ما سيدخل في النطاق وما لن يدخل | حسب الجدولة اليومية، ومن الأحياء التي نصل إليها غالباً
13086,post,شركة تركيب مكيفات سبليت بالطائف,https://www.rukn-eltatawer.com/sa/split-ac-installation-taif/,split-ac-installation-taif,1802,0,23,31,2,57,0,2026-09-05,2026-09-09,3700f993c9a39188|n=12,boilerplate_overuse,عبارات قالبية متكررة: تجهيزاً مرتباً قبل انتقال أو موسم ذروة | لا نضع رقماً ثابتاً لا يمثّل عقارك | نوضّح ما سيدخل في النطاق وما لن يدخل | حسب الجدولة اليومية، ومن الأحياء التي نصل إليها غالباً
13134,post,شركة تركيب تكييف مركزي جديد بالطائف,https://www.rukn-eltatawer.com/sa/new-central-ac-installation-taif/,new-central-ac-installation-taif,1878,0,23,31,2,57,0,2026-09-05,2026-09-09,010b224ef89998fe|n=12,boilerplate_overuse,عبارات قالبية متكررة: تجهيزاً مرتباً قبل انتقال أو موسم ذروة | لا نضع رقماً ثابتاً لا يمثّل عقارك | نوضّح ما سيدخل في النطاق وما لن يدخل | حسب الجدولة اليومية، ومن الأحياء التي نصل إليها غالباً
12534,post,شركة تركيب أجهزة تكييف طاقة شمسية بالطائف,https://www.rukn-eltatawer.com/sa/solar-ac-installation-taif/,solar-ac-installation-taif,1922,0,23,31,2,57,0,2026-09-05,2026-09-09,c440d5173064f9cc|n=12,boilerplate_overuse,عبارات قالبية متكررة: تجهيزاً مرتباً قبل انتقال أو موسم ذروة | لا نضع رقماً ثابتاً لا يمثّل عقارك | نوضّح ما سيدخل في النطاق وما لن يدخل | حسب الجدولة اليومية، ومن الأحياء التي نصل إليها غالباً
12566,post,شركة مكافحة النمل الأسود والأحمر بالطائف,https://www.rukn-eltatawer.com/sa/ant-control-taif/,ant-control-taif,1815,0,23,30,2,56,0,2026-09-05,2026-09-10,b8c3472a9e61cab5|n=12,boilerplate_overuse,عبارات قالبية متكررة: تجهيزاً مرتباً قبل انتقال أو موسم ذروة | لا نضع رقماً ثابتاً لا يمثّل عقارك | نوضّح ما سيدخل في النطاق وما لن يدخل | حسب الجدولة اليومية، ومن الأحياء التي نصل إليها غالباً
12558,post,شركة مكافحة النمل الأبيض (الرمة) بالطائف,https://www.rukn-eltatawer.com/sa/termite-control-taif/,termite-control-taif,1843,0,23,32,2,58,0,2026-09-05,2026-09-10,9fc2d88a6b9be5dd|n=12,boilerplate_overuse,عبارات قالبية متكررة: تجهيزاً مرتباً قبل انتقال أو موسم ذروة | لا نضع رقماً ثابتاً لا يمثّل عقارك | نوضّح ما سيدخل في النطاق وما لن يدخل | حسب الجدولة اليومية، ومن الأحياء التي نصل إليها غالباً
12574,post,شركة مكافحة الصراصير بالطائف,https://www.rukn-eltatawer.com/sa/cockroach-control-taif/,cockroach-control-taif,1772,0,23,33,2,59,0,2026-09-05,2026-09-10,bbad0a85e9cf9941|n=12,boilerplate_overuse,عبارات قالبية متكررة: تجهيزاً مرتباً قبل انتقال أو موسم ذروة | لا نضع رقماً ثابتاً لا يمثّل عقارك | نوضّح ما سيدخل في النطاق وما لن يدخل | حسب الجدولة اليومية، ومن الأحياء التي نصل إليها غالباً
11951,post,شركة عزل خزانات بأبها,https://www.rukn-eltatawer.com/sa/tank-insulation-abha/,tank-insulation-abha,1744,0,23,31,2,57,0,2026-09-05,2026-09-09,bee0e2746db01df2|n=12,boilerplate_overuse,عبارات قالبية متكررة: تجهيزاً مرتباً قبل انتقال أو موسم ذروة | لا نضع رقماً ثابتاً لا يمثّل عقارك | نوضّح ما سيدخل في النطاق وما لن يدخل | حسب الجدولة اليومية، ومن الأحياء التي نصل إليها غالباً
11943,post,شركة عزل أسطح بأبها,https://www.rukn-eltatawer.com/sa/roof-insulation-abha/,roof-insulation-abha,1797,0,23,33,2,59,0,2026-09-05,2026-09-09,b268b959530b8aa2|n=12,boilerplate_overuse,عبارات قالبية متكررة: تجهيزاً مرتباً قبل انتقال أو موسم ذروة | لا نضع رقماً ثابتاً لا يمثّل عقارك | نوضّح ما سيدخل في النطاق وما لن يدخل | حسب الجدولة اليومية، ومن الأحياء التي نصل إليها غالباً
12700,post,كهربائي منازل بالدمام,https://www.rukn-eltatawer.com/sa/home-electrician-dammam/,home-electrician-dammam,1718,0,23,31,2,57,0,2026-09-05,2026-09-09,78764d24c767351b|n=12,boilerplate_overuse,عبارات قالبية متكررة: تجهيزاً مرتباً قبل انتقال أو موسم ذروة | لا نضع رقماً ثابتاً لا يمثّل عقارك | نوضّح ما سيدخل في النطاق وما لن يدخل | حسب الجدولة اليومية، ومن الأحياء التي نصل إليها غالباً
12476,post,شركة نقل عفش مع التغليف بالدمام,https://www.rukn-eltatawer.com/sa/furniture-moving-packaging-dammam/,furniture-moving-packaging-dammam,2162,0,28,33,2,64,0,2026-09-05,2026-09-10,bc916f3333a1c432|n=12,boilerplate_overuse,عبارات قالبية متكررة: تجهيزاً مرتباً قبل انتقال أو موسم ذروة | لا نضع رقماً ثابتاً لا يمثّل عقارك | نوضّح ما سيدخل في النطاق وما لن يدخل | حسب الجدولة اليومية، ومن الأحياء التي نصل إليها غالباً
12460,post,شركة نقل أثاث داخلي بالدمام,https://www.rukn-eltatawer.com/sa/indoor-moving-dammam/,indoor-moving-dammam,1803,0,23,33,2,59,0,2026-09-05,2026-09-09,b2cc9d424e9c455b|n=12,boilerplate_overuse,عبارات قالبية متكررة: تجهيزاً مرتباً قبل انتقال أو موسم ذروة | لا نضع رقماً ثابتاً لا يمثّل عقارك | نوضّح ما سيدخل في النطاق وما لن يدخل | حسب الجدولة اليومية، ومن الأحياء التي نصل إليها غالباً
12468,post,شركة نقل أثاث خارجي بالدمام,https://www.rukn-eltatawer.com/sa/outdoor-moving-dammam/,outdoor-moving-dammam,1799,0,23,33,2,59,0,2026-09-05,2026-09-09,8c04d7f5e10bf8b6|n=12,boilerplate_overuse,عبارات قالبية متكررة: تجهيزاً مرتباً قبل انتقال أو موسم ذروة | لا نضع رقماً ثابتاً لا يمثّل عقارك | نوضّح ما سيدخل في النطاق وما لن يدخل | حسب الجدولة اليومية، ومن الأحياء التي نصل إليها غالباً
12965,post,شركة كهربائي منازل بالخبر,https://www.rukn-eltatawer.com/sa/home-electrician-elec-khobar/,home-electrician-elec-khobar,1709,0,23,31,2,57,0,2026-09-05,2026-09-09,78764d24c767351b|n=12,boilerplate_overuse,عبارات قالبية متكررة: تجهيزاً مرتباً قبل انتقال أو موسم ذروة | لا نضع رقماً ثابتاً لا يمثّل عقارك | نوضّح ما سيدخل في النطاق وما لن يدخل | حسب الجدولة اليومية، ومن الأحياء التي نصل إليها غالباً
13045,post,شركة كهربائي طوارئ 24 ساعة بالخبر,https://www.rukn-eltatawer.com/sa/24h-emergency-electrician-khobar/,24h-emergency-electrician-khobar,1754,0,23,31,2,57,0,2026-09-05,2026-09-09,28e463184343e71c|n=12,boilerplate_overuse,عبارات قالبية متكررة: تجهيزاً مرتباً قبل انتقال أو موسم ذروة | لا نضع رقماً ثابتاً لا يمثّل عقارك | نوضّح ما سيدخل في النطاق وما لن يدخل | حسب الجدولة اليومية، ومن الأحياء التي نصل إليها غالباً
13015,post,شركة كشف تسريبات مواسير مياه بأبها,https://www.rukn-eltatawer.com/sa/water-pipe-leak-detection-abha/,water-pipe-leak-detection-abha,1983,0,23,32,2,58,0,2026-09-05,2026-09-09,aa34b837eea2d037|n=12,boilerplate_overuse,عبارات قالبية متكررة: تجهيزاً مرتباً قبل انتقال أو موسم ذروة | لا نضع رقماً ثابتاً لا يمثّل عقارك | نوضّح ما سيدخل في النطاق وما لن يدخل | حسب الجدولة اليومية، ومن الأحياء التي نصل إليها غالباً
11927,post,شركة كشف تسربات الغاز بأبها,https://www.rukn-eltatawer.com/sa/gas-leak-detection-abha/,gas-leak-detection-abha,1942,0,23,34,2,60,0,2026-09-05,2026-09-09,854b4ea530a9aec1|n=12,boilerplate_overuse,عبارات قالبية متكررة: تجهيزاً مرتباً قبل انتقال أو موسم ذروة | لا نضع رقماً ثابتاً لا يمثّل عقارك | نوضّح ما سيدخل في النطاق وما لن يدخل | حسب الجدولة اليومية، ومن الأحياء التي نصل إليها غالباً
11935,post,شركة كشف تسربات التكييف بأبها,https://www.rukn-eltatawer.com/sa/ac-leak-detection-abha/,ac-leak-detection-abha,1929,0,23,32,2,58,0,2026-09-05,2026-09-10,392ef7c6c714b542|n=12,boilerplate_overuse,عبارات قالبية متكررة: تجهيزاً مرتباً قبل انتقال أو موسم ذروة | لا نضع رقماً ثابتاً لا يمثّل عقارك | نوضّح ما سيدخل في النطاق وما لن يدخل | حسب الجدولة اليومية، ومن الأحياء التي نصل إليها غالباً
12989,post,شركة كشف أعطال كهرباء بالخبر,https://www.rukn-eltatawer.com/sa/electrical-fault-detection-khobar/,electrical-fault-detection-khobar,1780,0,23,31,2,57,0,2026-09-05,2026-09-09,70b25ce734825319|n=12,boilerplate_overuse,عبارات قالبية متكررة: تجهيزاً مرتباً قبل انتقال أو موسم ذروة | لا نضع رقماً ثابتاً لا يمثّل عقارك | نوضّح ما سيدخل في النطاق وما لن يدخل | حسب الجدولة اليومية، ومن الأحياء التي نصل إليها غالباً
9293,post,شركة كشف تسربات المياه بأبها,https://www.rukn-eltatawer.com/sa/water-leak-detection-abha/,water-leak-detection-abha,2212,0,28,32,2,63,0,2026-09-05,2026-09-13,40f6df9577535ad3|n=12,boilerplate_overuse,عبارات قالبية متكررة: تجهيزاً مرتباً قبل انتقال أو موسم ذروة | لا نضع رقماً ثابتاً لا يمثّل عقارك | نوضّح ما سيدخل في النطاق وما لن يدخل | حسب الجدولة اليومية، ومن الأحياء التي نصل إليها غالباً
12353,post,شركة قص عشب طبيعي بجدة,https://www.rukn-eltatawer.com/sa/natural-grass-cutting-jeddah/,natural-grass-cutting-jeddah,1777,0,23,32,2,58,0,2026-09-05,2026-09-09,04145549da01d869|n=12,boilerplate_overuse,عبارات قالبية متكررة: تجهيزاً مرتباً قبل انتقال أو موسم ذروة | لا نضع رقماً ثابتاً لا يمثّل عقارك | نوضّح ما سيدخل في النطاق وما لن يدخل | حسب الجدولة اليومية، ومن الأحياء التي نصل إليها غالباً
11280,post,شركة صيانة مكانس كهربائية بالخبر,https://www.rukn-eltatawer.com/sa/vacuum-maintenance-khobar/,vacuum-maintenance-khobar,1767,0,23,31,2,57,0,2026-09-05,2026-09-09,2c4d7e75bbe00e8e|n=12,boilerplate_overuse,عبارات قالبية متكررة: تجهيزاً مرتباً قبل انتقال أو موسم ذروة | لا نضع رقماً ثابتاً لا يمثّل عقارك | نوضّح ما سيدخل في النطاق وما لن يدخل | حسب الجدولة اليومية، ومن الأحياء التي نصل إليها غالباً
11189,post,شركة صيانة مسابح بمكة المكرمة,https://www.rukn-eltatawer.com/sa/pool-maintenance-mecca/,pool-maintenance-mecca,1776,0,23,31,2,57,0,2026-09-05,2026-09-09,aa34b837eea2d037|n=12,boilerplate_overuse,عبارات قالبية متكررة: تجهيزاً مرتباً قبل انتقال أو موسم ذروة | لا نضع رقماً ثابتاً لا يمثّل عقارك | نوضّح ما سيدخل في النطاق وما لن يدخل | حسب الجدولة اليومية، ومن الأحياء التي نصل إليها غالباً
12973,post,شركة صيانة لوحات كهرباء بالخبر,https://www.rukn-eltatawer.com/sa/electric-panel-maintenance-khobar/,electric-panel-maintenance-khobar,1795,0,23,33,2,59,0,2026-09-05,2026-09-09,222a6cbe1a340e51|n=12,boilerplate_overuse,عبارات قالبية متكررة: تجهيزاً مرتباً قبل انتقال أو موسم ذروة | لا نضع رقماً ثابتاً لا يمثّل عقارك | نوضّح ما سيدخل في النطاق وما لن يدخل | حسب الجدولة اليومية، ومن الأحياء التي نصل إليها غالباً
11263,post,شركة صيانة كهرباء بالخبر,https://www.rukn-eltatawer.com/sa/electrical-maintenance-khobar/,electrical-maintenance-khobar,1711,0,23,31,2,57,0,2026-09-05,2026-09-09,649b3eca568bdba0|n=12,boilerplate_overuse,عبارات قالبية متكررة: تجهيزاً مرتباً قبل انتقال أو موسم ذروة | لا نضع رقماً ثابتاً لا يمثّل عقارك | نوضّح ما سيدخل في النطاق وما لن يدخل | حسب الجدولة اليومية، ومن الأحياء التي نصل إليها غالباً
11273,post,شركة صيانة الأجهزة الكهربائية بالخبر,https://www.rukn-eltatawer.com/sa/appliance-maintenance-khobar/,appliance-maintenance-khobar,1773,0,23,33,2,59,0,2026-09-05,2026-09-09,04145549da01d869|n=12,boilerplate_overuse,عبارات قالبية متكررة: تجهيزاً مرتباً قبل انتقال أو موسم ذروة | لا نضع رقماً ثابتاً لا يمثّل عقارك | نوضّح ما سيدخل في النطاق وما لن يدخل | حسب الجدولة اليومية، ومن الأحياء التي نصل إليها غالباً
12933,post,شركة رش بويات كهربائي بالخبر,https://www.rukn-eltatawer.com/sa/electric-spray-painting-khobar/,electric-spray-painting-khobar,1785,0,23,33,2,59,0,2026-09-05,2026-09-09,e6aa150ed6c6a49c|n=12,boilerplate_overuse,عبارات قالبية متكررة: تجهيزاً مرتباً قبل انتقال أو موسم ذروة | لا نضع رقماً ثابتاً لا يمثّل عقارك | نوضّح ما سيدخل في النطاق وما لن يدخل | حسب الجدولة اليومية، ومن الأحياء التي نصل إليها غالباً
11035,post,شركة تنظيف وتعقيم شامل بالطائف,https://www.rukn-eltatawer.com/sa/deep-cleaning-taif/,deep-cleaning-taif,1798,0,23,31,2,57,0,2026-09-05,2026-09-10,45f57ed89ab254d1|n=12,boilerplate_overuse,عبارات قالبية متكررة: تجهيزاً مرتباً قبل انتقال أو موسم ذروة | لا نضع رقماً ثابتاً لا يمثّل عقارك | نوضّح ما سيدخل في النطاق وما لن يدخل | حسب الجدولة اليومية، ومن الأحياء التي نصل إليها غالباً
12369,post,شركة تنظيف وتزيين الحدائق بجدة,https://www.rukn-eltatawer.com/sa/garden-cleaning-jeddah/,garden-cleaning-jeddah,1809,0,23,31,2,57,0,2026-09-05,2026-09-10,e020fd5f9fe5103b|n=12,boilerplate_overuse,عبارات قالبية متكررة: تجهيزاً مرتباً قبل انتقال أو موسم ذروة | لا نضع رقماً ثابتاً لا يمثّل عقارك | نوضّح ما سيدخل في النطاق وما لن يدخل | حسب الجدولة اليومية، ومن الأحياء التي نصل إليها غالباً
11012,post,شركة تنظيف منازل بالطائف,https://www.rukn-eltatawer.com/sa/home-cleaning-taif/,home-cleaning-taif,1729,0,23,31,2,57,0,2026-09-05,2026-09-10,1e2b29f4e80af70e|n=12,boilerplate_overuse,عبارات قالبية متكررة: تجهيزاً مرتباً قبل انتقال أو موسم ذروة | لا نضع رقماً ثابتاً لا يمثّل عقارك | نوضّح ما سيدخل في النطاق وما لن يدخل | حسب الجدولة اليومية، ومن الأحياء التي نصل إليها غالباً
10917,post,شركة تنظيف مسابح بمكة المكرمة,https://www.rukn-eltatawer.com/sa/pool-cleaning-mecca/,pool-cleaning-mecca,1792,0,23,31,2,57,0,2026-09-05,2026-09-10,aa34b837eea2d037|n=12,boilerplate_overuse,عبارات قالبية متكررة: تجهيزاً مرتباً قبل انتقال أو موسم ذروة | لا نضع رقماً ثابتاً لا يمثّل عقارك | نوضّح ما سيدخل في النطاق وما لن يدخل | حسب الجدولة اليومية، ومن الأحياء التي نصل إليها غالباً
11028,post,شركة تنظيف كنب بالطائف,https://www.rukn-eltatawer.com/sa/sofa-cleaning-taif/,sofa-cleaning-taif,1707,0,23,32,2,58,0,2026-09-05,2026-09-10,78f18d1204da2e64|n=12,boilerplate_overuse,عبارات قالبية متكررة: تجهيزاً مرتباً قبل انتقال أو موسم ذروة | لا نضع رقماً ثابتاً لا يمثّل عقارك | نوضّح ما سيدخل في النطاق وما لن يدخل | حسب الجدولة اليومية، ومن الأحياء التي نصل إليها غالباً
11014,post,شركة تنظيف فلل بالطائف,https://www.rukn-eltatawer.com/sa/villa-cleaning-taif/,villa-cleaning-taif,1749,0,23,33,2,59,0,2026-09-04,2026-09-10,e8c1cede97f4e8ab|n=12,boilerplate_overuse,عبارات قالبية متكررة: تجهيزاً مرتباً قبل انتقال أو موسم ذروة | لا نضع رقماً ثابتاً لا يمثّل عقارك | نوضّح ما سيدخل في النطاق وما لن يدخل | حسب الجدولة اليومية، ومن الأحياء التي نصل إليها غالباً
11013,post,شركة تنظيف شقق بالطائف,https://www.rukn-eltatawer.com/sa/apartment-cleaning-taif/,apartment-cleaning-taif,1731,0,23,31,2,57,0,2026-09-04,2026-09-10,60a0d97ec758190c|n=12,boilerplate_overuse,عبارات قالبية متكررة: تجهيزاً مرتباً قبل انتقال أو موسم ذروة | لا نضع رقماً ثابتاً لا يمثّل عقارك | نوضّح ما سيدخل في النطاق وما لن يدخل | حسب الجدولة اليومية، ومن الأحياء التي نصل إليها غالباً
11026,post,شركة تنظيف سجاد بالطائف,https://www.rukn-eltatawer.com/sa/carpet-cleaning-taif/,carpet-cleaning-taif,1731,0,23,31,2,57,0,2026-09-04,2026-09-10,deefcd69b46c6ba2|n=12,boilerplate_overuse,عبارات قالبية متكررة: تجهيزاً مرتباً قبل انتقال أو موسم ذروة | لا نضع رقماً ثابتاً لا يمثّل عقارك | نوضّح ما سيدخل في النطاق وما لن يدخل | حسب الجدولة اليومية، ومن الأحياء التي نصل إليها غالباً
10953,post,شركة تنظيف أرضيات رخام وجلي رخام بالمدينة المنورة,https://www.rukn-eltatawer.com/sa/marble-polishing-medina/,marble-polishing-medina,2011,0,23,33,2,59,0,2026-09-04,2026-09-10,04145549da01d869|n=12,boilerplate_overuse,عبارات قالبية متكررة: تجهيزاً مرتباً قبل انتقال أو موسم ذروة | لا نضع رقماً ثابتاً لا يمثّل عقارك | نوضّح ما سيدخل في النطاق وما لن يدخل | حسب الجدولة اليومية، ومن الأحياء التي نصل إليها غالباً
12329,post,شركة تنسيق حدائق بجدة,https://www.rukn-eltatawer.com/sa/landscaping-jeddah/,landscaping-jeddah,1703,0,23,30,2,56,0,2026-09-04,2026-09-09,c628f6f1f865307c|n=12,boilerplate_overuse,عبارات قالبية متكررة: تجهيزاً مرتباً قبل انتقال أو موسم ذروة | لا نضع رقماً ثابتاً لا يمثّل عقارك | نوضّح ما سيدخل في النطاق وما لن يدخل | حسب الجدولة اليومية، ومن الأحياء التي نصل إليها غالباً
12981,post,شركة تمديدات كهربائية جديدة بالخبر,https://www.rukn-eltatawer.com/sa/new-electrical-wiring-khobar/,new-electrical-wiring-khobar,1772,0,23,33,2,59,0,2026-09-04,2026-09-09,fe2b8eaa9d7057e8|n=12,boilerplate_overuse,عبارات قالبية متكررة: تجهيزاً مرتباً قبل انتقال أو موسم ذروة | لا نضع رقماً ثابتاً لا يمثّل عقارك | نوضّح ما سيدخل في النطاق وما لن يدخل | حسب الجدولة اليومية، ومن الأحياء التي نصل إليها غالباً
12337,post,شركة تصميم حدائق داخلية بجدة,https://www.rukn-eltatawer.com/sa/indoor-garden-design-jeddah/,indoor-garden-design-jeddah,1757,0,23,30,2,56,0,2026-09-04,2026-09-10,65082dab4f3255e5|n=12,boilerplate_overuse,عبارات قالبية متكررة: تجهيزاً مرتباً قبل انتقال أو موسم ذروة | لا نضع رقماً ثابتاً لا يمثّل عقارك | نوضّح ما سيدخل في النطاق وما لن يدخل | حسب الجدولة اليومية، ومن الأحياء التي نصل إليها غالباً
12345,post,شركة تصميم حدائق أسطح بجدة,https://www.rukn-eltatawer.com/sa/roof-garden-design-jeddah/,roof-garden-design-jeddah,1760,0,23,30,2,56,0,2026-09-04,2026-09-09,f98e8e3c1f9b3283|n=12,boilerplate_overuse,عبارات قالبية متكررة: تجهيزاً مرتباً قبل انتقال أو موسم ذروة | لا نضع رقماً ثابتاً لا يمثّل عقارك | نوضّح ما سيدخل في النطاق وما لن يدخل | حسب الجدولة اليومية، ومن الأحياء التي نصل إليها غالباً
12241,post,شركة تركيب عشب صناعي بجدة,https://www.rukn-eltatawer.com/sa/artificial-grass-jeddah/,artificial-grass-jeddah,1781,0,23,32,2,58,0,2026-09-04,2026-09-10,f286e72bb43b1720|n=12,boilerplate_overuse,عبارات قالبية متكررة: تجهيزاً مرتباً قبل انتقال أو موسم ذروة | لا نضع رقماً ثابتاً لا يمثّل عقارك | نوضّح ما سيدخل في النطاق وما لن يدخل | حسب الجدولة اليومية، ومن الأحياء التي نصل إليها غالباً
12249,post,شركة تركيب عشب جداري بجدة,https://www.rukn-eltatawer.com/sa/grass-wall-jeddah/,grass-wall-jeddah,1784,0,23,32,2,58,0,2026-09-04,2026-09-09,097126611b783eba|n=12,boilerplate_overuse,عبارات قالبية متكررة: تجهيزاً مرتباً قبل انتقال أو موسم ذروة | لا نضع رقماً ثابتاً لا يمثّل عقارك | نوضّح ما سيدخل في النطاق وما لن يدخل | حسب الجدولة اليومية، ومن الأحياء التي نصل إليها غالباً
12997,post,شركة تركيب إنارة داخلية وخارجية بالخبر,https://www.rukn-eltatawer.com/sa/indoor-outdoor-lighting-installation-khobar/,indoor-outdoor-lighting-installation-khobar,1821,0,23,31,2,57,0,2026-09-04,2026-09-09,3414758067a342f5|n=12,boilerplate_overuse,عبارات قالبية متكررة: تجهيزاً مرتباً قبل انتقال أو موسم ذروة | لا نضع رقماً ثابتاً لا يمثّل عقارك | نوضّح ما سيدخل في النطاق وما لن يدخل | حسب الجدولة اليومية، ومن الأحياء التي نصل إليها غالباً
12678,post,شركة التعقيم بالكلور بالطائف,https://www.rukn-eltatawer.com/sa/chlorine-disinfection-taif/,chlorine-disinfection-taif,1714,0,23,30,2,56,0,2026-09-04,2026-09-10,264f7b30090e9c40|n=12,boilerplate_overuse,عبارات قالبية متكررة: تجهيزاً مرتباً قبل انتقال أو موسم ذروة | لا نضع رقماً ثابتاً لا يمثّل عقارك | نوضّح ما سيدخل في النطاق وما لن يدخل | حسب الجدولة اليومية، ومن الأحياء التي نصل إليها غالباً
12670,post,شركة التعقيم بالبخار بالطائف,https://www.rukn-eltatawer.com/sa/steam-disinfection-taif/,steam-disinfection-taif,1714,0,23,30,2,56,0,2026-09-04,2026-09-10,7c3c792a35f9cb06|n=12,boilerplate_overuse,عبارات قالبية متكررة: تجهيزاً مرتباً قبل انتقال أو موسم ذروة | لا نضع رقماً ثابتاً لا يمثّل عقارك | نوضّح ما سيدخل في النطاق وما لن يدخل | حسب الجدولة اليومية، ومن الأحياء التي نصل إليها غالباً
12686,post,شركة التعقيم بالأوزون بالطائف,https://www.rukn-eltatawer.com/sa/ozone-disinfection-taif/,ozone-disinfection-taif,1717,0,23,30,2,56,0,2026-09-04,2026-09-10,8d18a0aeebae758c|n=12,boilerplate_overuse,عبارات قالبية متكررة: تجهيزاً مرتباً قبل انتقال أو موسم ذروة | لا نضع رقماً ثابتاً لا يمثّل عقارك | نوضّح ما سيدخل في النطاق وما لن يدخل | حسب الجدولة اليومية، ومن الأحياء التي نصل إليها غالباً
12409,post,شركة إنشاء جلسات حدائق بجدة,https://www.rukn-eltatawer.com/sa/garden-seating-jeddah/,garden-seating-jeddah,1781,0,23,32,2,58,0,2026-09-04,2026-09-10,e78e10a490cc7fec|n=12,boilerplate_overuse,عبارات قالبية متكررة: تجهيزاً مرتباً قبل انتقال أو موسم ذروة | لا نضع رقماً ثابتاً لا يمثّل عقارك | نوضّح ما سيدخل في النطاق وما لن يدخل | حسب الجدولة اليومية، ومن الأحياء التي نصل إليها غالباً
12693,post,سباك منازل بالخبر,https://www.rukn-eltatawer.com/sa/home-plumber-khobar/,home-plumber-khobar,1702,0,23,31,2,57,0,2026-09-04,2026-09-09,43e30d7bd1fd6577|n=12,boilerplate_overuse,عبارات قالبية متكررة: تجهيزاً مرتباً قبل انتقال أو موسم ذروة | لا نضع رقماً ثابتاً لا يمثّل عقارك | نوضّح ما سيدخل في النطاق وما لن يدخل | حسب الجدولة اليومية، ومن الأحياء التي نصل إليها غالباً
12757,post,فني تركيب وصيانة تكييف بالخبر,https://www.rukn-eltatawer.com/sa/ac-tech-khobar/,ac-tech-khobar,1801,0,23,31,2,57,0,2026-09-04,2026-09-10,7efc45bbf54a4d81|n=12,boilerplate_overuse,عبارات قالبية متكررة: تجهيزاً مرتباً قبل انتقال أو موسم ذروة | لا نضع رقماً ثابتاً لا يمثّل عقارك | نوضّح ما سيدخل في النطاق وما لن يدخل | حسب الجدولة اليومية، ومن الأحياء التي نصل إليها غالباً
11410,post,شركة عزل خزانات بالطائف,https://www.rukn-eltatawer.com/sa/tank-insulation-taif/,tank-insulation-taif,1755,0,23,31,2,57,0,2026-09-04,2026-09-09,cfde640c792bc79f|n=12,boilerplate_overuse,عبارات قالبية متكررة: تجهيزاً مرتباً قبل انتقال أو موسم ذروة | لا نضع رقماً ثابتاً لا يمثّل عقارك | نوضّح ما سيدخل في النطاق وما لن يدخل | حسب الجدولة اليومية، ومن الأحياء التي نصل إليها غالباً
11409,post,شركة عزل أسطح بالطائف,https://www.rukn-eltatawer.com/sa/roof-insulation-taif/,roof-insulation-taif,1785,0,23,31,2,57,0,2026-09-04,2026-09-09,b680732c67b2ab5a|n=12,boilerplate_overuse,عبارات قالبية متكررة: تجهيزاً مرتباً قبل انتقال أو موسم ذروة | لا نضع رقماً ثابتاً لا يمثّل عقارك | نوضّح ما سيدخل في النطاق وما لن يدخل | حسب الجدولة اليومية، ومن الأحياء التي نصل إليها غالباً
12069,post,شركة تسليك مجاري بالخبر,https://www.rukn-eltatawer.com/sa/drain-unclogging-khobar/,drain-unclogging-khobar,1724,0,23,33,2,59,0,2026-09-04,2026-09-09,b406a21af6bb79a7|n=12,boilerplate_overuse,عبارات قالبية متكررة: تجهيزاً مرتباً قبل انتقال أو موسم ذروة | لا نضع رقماً ثابتاً لا يمثّل عقارك | نوضّح ما سيدخل في النطاق وما لن يدخل | حسب الجدولة اليومية، ومن الأحياء التي نصل إليها غالباً
12699,post,كهربائي منازل بالمدينة المنورة,https://www.rukn-eltatawer.com/sa/home-electrician-medina/,home-electrician-medina,1813,0,23,33,2,59,0,2026-09-04,2026-09-09,af1bb39f3e7b8fd2|n=12,boilerplate_overuse,عبارات قالبية متكررة: تجهيزاً مرتباً قبل انتقال أو موسم ذروة | لا نضع رقماً ثابتاً لا يمثّل عقارك | نوضّح ما سيدخل في النطاق وما لن يدخل | حسب الجدولة اليومية، ومن الأحياء التي نصل إليها غالباً
12475,post,شركة نقل عفش مع التغليف بالمدينة المنورة,https://www.rukn-eltatawer.com/sa/furniture-moving-packaging-medina/,furniture-moving-packaging-medina,1941,0,23,31,2,57,0,2026-09-04,2026-09-09,cd22ef96fce9ef53|n=12,boilerplate_overuse,عبارات قالبية متكررة: تجهيزاً مرتباً قبل انتقال أو موسم ذروة | لا نضع رقماً ثابتاً لا يمثّل عقارك | نوضّح ما سيدخل في النطاق وما لن يدخل | حسب الجدولة اليومية، ومن الأحياء التي نصل إليها غالباً
12459,post,شركة نقل أثاث داخلي بالمدينة المنورة,https://www.rukn-eltatawer.com/sa/indoor-moving-medina/,indoor-moving-medina,1887,0,23,31,2,57,0,2026-09-04,2026-09-09,9ce76ac036a422ae|n=12,boilerplate_overuse,عبارات قالبية متكررة: تجهيزاً مرتباً قبل انتقال أو موسم ذروة | لا نضع رقماً ثابتاً لا يمثّل عقارك | نوضّح ما سيدخل في النطاق وما لن يدخل | حسب الجدولة اليومية، ومن الأحياء التي نصل إليها غالباً
12467,post,شركة نقل أثاث خارجي بالمدينة المنورة,https://www.rukn-eltatawer.com/sa/outdoor-moving-medina/,outdoor-moving-medina,1877,0,23,31,2,57,0,2026-09-04,2026-09-09,a19cf37e3e7ceeba|n=12,boilerplate_overuse,عبارات قالبية متكررة: تجهيزاً مرتباً قبل انتقال أو موسم ذروة | لا نضع رقماً ثابتاً لا يمثّل عقارك | نوضّح ما سيدخل في النطاق وما لن يدخل | حسب الجدولة اليومية، ومن الأحياء التي نصل إليها غالباً
12964,post,شركة كهربائي منازل بالدمام,https://www.rukn-eltatawer.com/sa/home-electrician-elec-dammam/,home-electrician-elec-dammam,1721,0,23,33,2,59,0,2026-09-04,2026-09-09,0def1d74d3c61d03|n=12,boilerplate_overuse,عبارات قالبية متكررة: تجهيزاً مرتباً قبل انتقال أو موسم ذروة | لا نضع رقماً ثابتاً لا يمثّل عقارك | نوضّح ما سيدخل في النطاق وما لن يدخل | حسب الجدولة اليومية، ومن الأحياء التي نصل إليها غالباً
13044,post,شركة كهربائي طوارئ 24 ساعة بالدمام,https://www.rukn-eltatawer.com/sa/24h-emergency-electrician-dammam/,24h-emergency-electrician-dammam,1770,0,23,31,2,57,0,2026-09-04,2026-09-09,bb8bb21b9dbaecd6|n=12,boilerplate_overuse,عبارات قالبية متكررة: تجهيزاً مرتباً قبل انتقال أو موسم ذروة | لا نضع رقماً ثابتاً لا يمثّل عقارك | نوضّح ما سيدخل في النطاق وما لن يدخل | حسب الجدولة اليومية، ومن الأحياء التي نصل إليها غالباً
13077,post,شركة كشف وإصلاح أعطال السباكة بالخبر,https://www.rukn-eltatawer.com/sa/plumbing-fault-repair-khobar/,plumbing-fault-repair-khobar,1850,0,23,31,2,57,0,2026-09-04,2026-09-09,f1a5d215e966fefa|n=12,boilerplate_overuse,عبارات قالبية متكررة: تجهيزاً مرتباً قبل انتقال أو موسم ذروة | لا نضع رقماً ثابتاً لا يمثّل عقارك | نوضّح ما سيدخل في النطاق وما لن يدخل | حسب الجدولة اليومية، ومن الأحياء التي نصل إليها غالباً
13014,post,شركة كشف تسريبات مواسير مياه بالطائف,https://www.rukn-eltatawer.com/sa/water-pipe-leak-detection-taif/,water-pipe-leak-detection-taif,1993,0,23,32,2,58,0,2026-09-04,2026-09-09,96c98584af486542|n=12,boilerplate_overuse,عبارات قالبية متكررة: تجهيزاً مرتباً قبل انتقال أو موسم ذروة | لا نضع رقماً ثابتاً لا يمثّل عقارك | نوضّح ما سيدخل في النطاق وما لن يدخل | حسب الجدولة اليومية، ومن الأحياء التي نصل إليها غالباً
9295,post,شركة كشف تسربات المياه بالطائف,https://www.rukn-eltatawer.com/sa/water-leak-detection-taif/,water-leak-detection-taif,2242,0,28,32,2,63,0,2026-09-04,2026-09-10,cf2ed8fc584390f2|n=12,boilerplate_overuse,عبارات قالبية متكررة: تجهيزاً مرتباً قبل انتقال أو موسم ذروة | لا نضع رقماً ثابتاً لا يمثّل عقارك | نوضّح ما سيدخل في النطاق وما لن يدخل | حسب الجدولة اليومية، ومن الأحياء التي نصل إليها غالباً
11407,post,شركة كشف تسربات الغاز بالطائف,https://www.rukn-eltatawer.com/sa/gas-leak-detection-taif/,gas-leak-detection-taif,1937,0,23,32,2,58,0,2026-09-04,2026-09-09,1c74e1e28a89d346|n=12,boilerplate_overuse,عبارات قالبية متكررة: تجهيزاً مرتباً قبل انتقال أو موسم ذروة | لا نضع رقماً ثابتاً لا يمثّل عقارك | نوضّح ما سيدخل في النطاق وما لن يدخل | حسب الجدولة اليومية، ومن الأحياء التي نصل إليها غالباً
11408,post,شركة كشف تسربات التكييف بالطائف,https://www.rukn-eltatawer.com/sa/ac-leak-detection-taif/,ac-leak-detection-taif,1968,0,23,34,2,60,0,2026-09-04,2026-09-10,f2919b1139d74a4c|n=12,boilerplate_overuse,عبارات قالبية متكررة: تجهيزاً مرتباً قبل انتقال أو موسم ذروة | لا نضع رقماً ثابتاً لا يمثّل عقارك | نوضّح ما سيدخل في النطاق وما لن يدخل | حسب الجدولة اليومية، ومن الأحياء التي نصل إليها غالباً
12988,post,شركة كشف أعطال كهرباء بالدمام,https://www.rukn-eltatawer.com/sa/electrical-fault-detection-dammam/,electrical-fault-detection-dammam,1792,0,23,33,2,59,0,2026-09-04,2026-09-09,7e63fe78a5df6655|n=12,boilerplate_overuse,عبارات قالبية متكررة: تجهيزاً مرتباً قبل انتقال أو موسم ذروة | لا نضع رقماً ثابتاً لا يمثّل عقارك | نوضّح ما سيدخل في النطاق وما لن يدخل | حسب الجدولة اليومية، ومن الأحياء التي نصل إليها غالباً
13029,post,شركة صيانة مواسير صرف صحي بالخبر,https://www.rukn-eltatawer.com/sa/drainage-pipe-maintenance-khobar/,drainage-pipe-maintenance-khobar,1854,0,23,32,2,58,0,2026-09-04,2026-09-09,6ed4015a042bc83c|n=12,boilerplate_overuse,عبارات قالبية متكررة: تجهيزاً مرتباً قبل انتقال أو موسم ذروة | لا نضع رقماً ثابتاً لا يمثّل عقارك | نوضّح ما سيدخل في النطاق وما لن يدخل | حسب الجدولة اليومية، ومن الأحياء التي نصل إليها غالباً
11254,post,شركة صيانة مكانس كهربائية بالدمام,https://www.rukn-eltatawer.com/sa/vacuum-maintenance-dammam/,vacuum-maintenance-dammam,1782,0,23,33,2,59,0,2026-09-04,2026-09-09,04145549da01d869|n=12,boilerplate_overuse,عبارات قالبية متكررة: تجهيزاً مرتباً قبل انتقال أو موسم ذروة | لا نضع رقماً ثابتاً لا يمثّل عقارك | نوضّح ما سيدخل في النطاق وما لن يدخل | حسب الجدولة اليومية، ومن الأحياء التي نصل إليها غالباً
13061,post,شركة صيانة مضخات مياه بالخبر,https://www.rukn-eltatawer.com/sa/water-pump-maintenance-khobar/,water-pump-maintenance-khobar,1772,0,23,32,2,58,0,2026-09-04,2026-09-09,34899f28fd678504|n=12,boilerplate_overuse,عبارات قالبية متكررة: تجهيزاً مرتباً قبل انتقال أو موسم ذروة | لا نضع رقماً ثابتاً لا يمثّل عقارك | نوضّح ما سيدخل في النطاق وما لن يدخل | حسب الجدولة اليومية، ومن الأحياء التي نصل إليها غالباً
11163,post,شركة صيانة مسابح بجدة,https://www.rukn-eltatawer.com/sa/pool-maintenance-jeddah/,pool-maintenance-jeddah,1741,0,23,33,2,59,0,2026-09-04,2026-09-09,e6ecd2ddae9c36d5|n=12,boilerplate_overuse,عبارات قالبية متكررة: تجهيزاً مرتباً قبل انتقال أو موسم ذروة | لا نضع رقماً ثابتاً لا يمثّل عقارك | نوضّح ما سيدخل في النطاق وما لن يدخل | حسب الجدولة اليومية، ومن الأحياء التي نصل إليها غالباً
12972,post,شركة صيانة لوحات كهرباء بالدمام,https://www.rukn-eltatawer.com/sa/electric-panel-maintenance-dammam/,electric-panel-maintenance-dammam,1792,0,23,33,2,59,0,2026-09-04,2026-09-09,73bfa620cfbc62ae|n=12,boilerplate_overuse,عبارات قالبية متكررة: تجهيزاً مرتباً قبل انتقال أو موسم ذروة | لا نضع رقماً ثابتاً لا يمثّل عقارك | نوضّح ما سيدخل في النطاق وما لن يدخل | حسب الجدولة اليومية، ومن الأحياء التي نصل إليها غالباً
11237,post,شركة صيانة كهرباء بالدمام,https://www.rukn-eltatawer.com/sa/electrical-maintenance-dammam/,electrical-maintenance-dammam,1728,0,23,33,2,59,0,2026-09-04,2026-09-09,f9b6a3b18eafc363|n=12,boilerplate_overuse,عبارات قالبية متكررة: تجهيزاً مرتباً قبل انتقال أو موسم ذروة | لا نضع رقماً ثابتاً لا يمثّل عقارك | نوضّح ما سيدخل في النطاق وما لن يدخل | حسب الجدولة اليومية، ومن الأحياء التي نصل إليها غالباً
11139,post,شركة صيانة كاميرات مراقبة بالرياض,https://www.rukn-eltatawer.com/sa/cctv-maintenance-riyadh/,cctv-maintenance-riyadh,1813,0,23,32,2,58,0,2026-09-04,2026-09-09,4203353ce35e4674|n=12,boilerplate_overuse,عبارات قالبية متكررة: تجهيزاً مرتباً قبل انتقال أو موسم ذروة | لا نضع رقماً ثابتاً لا يمثّل عقارك | نوضّح ما سيدخل في النطاق وما لن يدخل | حسب الجدولة اليومية، ومن الأحياء التي نصل إليها غالباً
11278,post,شركة صيانة سخانات بالخبر,https://www.rukn-eltatawer.com/sa/water-heater-maintenance-khobar/,water-heater-maintenance-khobar,1737,0,23,33,2,59,0,2026-09-04,2026-09-11,75e8dfb941d12938|n=12,boilerplate_overuse,عبارات قالبية متكررة: تجهيزاً مرتباً قبل انتقال أو موسم ذروة | لا نضع رقماً ثابتاً لا يمثّل عقارك | نوضّح ما سيدخل في النطاق وما لن يدخل | حسب الجدولة اليومية، ومن الأحياء التي نصل إليها غالباً
11264,post,شركة صيانة سباكة بالخبر,https://www.rukn-eltatawer.com/sa/plumbing-maintenance-khobar/,plumbing-maintenance-khobar,1722,0,23,33,2,59,0,2026-09-04,2026-09-11,116192bd7f1d7ca5|n=12,boilerplate_overuse,عبارات قالبية متكررة: تجهيزاً مرتباً قبل انتقال أو موسم ذروة | لا نضع رقماً ثابتاً لا يمثّل عقارك | نوضّح ما سيدخل في النطاق وما لن يدخل | حسب الجدولة اليومية، ومن الأحياء التي نصل إليها غالباً
11247,post,شركة صيانة الأجهزة الكهربائية بالدمام,https://www.rukn-eltatawer.com/sa/appliance-maintenance-dammam/,appliance-maintenance-dammam,1805,0,23,33,2,59,0,2026-09-04,2026-09-09,5b9bd91f4f34a831|n=12,boilerplate_overuse,عبارات قالبية متكررة: تجهيزاً مرتباً قبل انتقال أو موسم ذروة | لا نضع رقماً ثابتاً لا يمثّل عقارك | نوضّح ما سيدخل في النطاق وما لن يدخل | حسب الجدولة اليومية، ومن الأحياء التي نصل إليها غالباً
13005,post,شركة سباك منازل بالخبر,https://www.rukn-eltatawer.com/sa/home-plumber-elec-khobar/,home-plumber-elec-khobar,1721,0,23,31,2,57,0,2026-09-04,2026-09-09,22287be938958502|n=12,boilerplate_overuse,عبارات قالبية متكررة: تجهيزاً مرتباً قبل انتقال أو موسم ذروة | لا نضع رقماً ثابتاً لا يمثّل عقارك | نوضّح ما سيدخل في النطاق وما لن يدخل | حسب الجدولة اليومية، ومن الأحياء التي نصل إليها غالباً
12932,post,شركة رش بويات كهربائي بالدمام,https://www.rukn-eltatawer.com/sa/electric-spray-painting-dammam/,electric-spray-painting-dammam,1788,0,23,33,2,59,0,2026-09-04,2026-09-09,72724ccd52532f55|n=12,boilerplate_overuse,عبارات قالبية متكررة: تجهيزاً مرتباً قبل انتقال أو موسم ذروة | لا نضع رقماً ثابتاً لا يمثّل عقارك | نوضّح ما سيدخل في النطاق وما لن يدخل | حسب الجدولة اليومية، ومن الأحياء التي نصل إليها غالباً
10891,post,شركة تنظيف مسابح بجدة,https://www.rukn-eltatawer.com/sa/pool-cleaning-jeddah/,pool-cleaning-jeddah,1733,0,23,31,2,57,0,2026-09-04,2026-09-11,9410fb8c5dc3fa6f|n=12,boilerplate_overuse,عبارات قالبية متكررة: تجهيزاً مرتباً قبل انتقال أو موسم ذروة | لا نضع رقماً ثابتاً لا يمثّل عقارك | نوضّح ما سيدخل في النطاق وما لن يدخل | حسب الجدولة اليومية، ومن الأحياء التي نصل إليها غالباً
10927,post,شركة تنظيف أرضيات رخام وجلي رخام بمكة المكرمة,https://www.rukn-eltatawer.com/sa/marble-polishing-mecca/,marble-polishing-mecca,1995,0,23,31,2,57,0,2026-09-04,2026-09-11,1c8b7eade96d48cf|n=12,boilerplate_overuse,عبارات قالبية متكررة: تجهيزاً مرتباً قبل انتقال أو موسم ذروة | لا نضع رقماً ثابتاً لا يمثّل عقارك | نوضّح ما سيدخل في النطاق وما لن يدخل | حسب الجدولة اليومية، ومن الأحياء التي نصل إليها غالباً
12980,post,شركة تمديدات كهربائية جديدة بالدمام,https://www.rukn-eltatawer.com/sa/new-electrical-wiring-dammam/,new-electrical-wiring-dammam,1790,0,23,33,2,59,0,2026-09-04,2026-09-09,3a531437b63e63ed|n=12,boilerplate_overuse,عبارات قالبية متكررة: تجهيزاً مرتباً قبل انتقال أو موسم ذروة | لا نضع رقماً ثابتاً لا يمثّل عقارك | نوضّح ما سيدخل في النطاق وما لن يدخل | حسب الجدولة اليومية، ومن الأحياء التي نصل إليها غالباً
11282,post,شركة تركيب وصيانة مضخات مياه وصرف صحي بالخبر,https://www.rukn-eltatawer.com/sa/water-pumps-khobar/,water-pumps-khobar,1964,0,23,32,2,58,0,2026-09-04,2026-09-11,8eafc88bd7d3cada|n=12,boilerplate_overuse,عبارات قالبية متكررة: تجهيزاً مرتباً قبل انتقال أو موسم ذروة | لا نضع رقماً ثابتاً لا يمثّل عقارك | نوضّح ما سيدخل في النطاق وما لن يدخل | حسب الجدولة اليومية، ومن الأحياء التي نصل إليها غالباً
13069,post,شركة تركيب وصيانة سخانات مركزية بالخبر,https://www.rukn-eltatawer.com/sa/central-heater-installation-maintenance-khobar/,central-heater-installation-maintenance-khobar,1847,0,23,31,2,57,0,2026-09-04,2026-09-09,c316c9d274b4b9ce|n=12,boilerplate_overuse,عبارات قالبية متكررة: تجهيزاً مرتباً قبل انتقال أو موسم ذروة | لا نضع رقماً ثابتاً لا يمثّل عقارك | نوضّح ما سيدخل في النطاق وما لن يدخل | حسب الجدولة اليومية، ومن الأحياء التي نصل إليها غالباً
13021,post,شركة تركيب سخانات مياه بالخبر,https://www.rukn-eltatawer.com/sa/water-heater-installation-khobar/,water-heater-installation-khobar,1800,0,23,33,2,59,0,2026-09-04,2026-09-09,96fab22fdec37064|n=12,boilerplate_overuse,عبارات قالبية متكررة: تجهيزاً مرتباً قبل انتقال أو موسم ذروة | لا نضع رقماً ثابتاً لا يمثّل عقارك | نوضّح ما سيدخل في النطاق وما لن يدخل | حسب الجدولة اليومية، ومن الأحياء التي نصل إليها غالباً
12525,post,شركة تركيب سخانات طاقة شمسية بالخبر,https://www.rukn-eltatawer.com/sa/solar-water-heaters-khobar/,solar-water-heaters-khobar,1830,0,23,31,2,57,0,2026-09-04,2026-09-09,ffc60357371ddf6e|n=12,boilerplate_overuse,عبارات قالبية متكررة: تجهيزاً مرتباً قبل انتقال أو موسم ذروة | لا نضع رقماً ثابتاً لا يمثّل عقارك | نوضّح ما سيدخل في النطاق وما لن يدخل | حسب الجدولة اليومية، ومن الأحياء التي نصل إليها غالباً
12996,post,شركة تركيب إنارة داخلية وخارجية بالدمام,https://www.rukn-eltatawer.com/sa/indoor-outdoor-lighting-installation-dammam/,indoor-outdoor-lighting-installation-dammam,1854,0,23,33,2,59,0,2026-09-04,2026-09-09,1faf3c5bc7554d0b|n=12,boilerplate_overuse,عبارات قالبية متكررة: تجهيزاً مرتباً قبل انتقال أو موسم ذروة | لا نضع رقماً ثابتاً لا يمثّل عقارك | نوضّح ما سيدخل في النطاق وما لن يدخل | حسب الجدولة اليومية، ومن الأحياء التي نصل إليها غالباً
13053,post,شركة تأسيس كهرباء وسباكة لمبنى جديد بالخبر,https://www.rukn-eltatawer.com/sa/new-building-electrical-plumbing-khobar/,new-building-electrical-plumbing-khobar,1928,0,23,33,2,59,0,2026-09-04,2026-09-09,6cb29f4c485eaef6|n=12,boilerplate_overuse,عبارات قالبية متكررة: تجهيزاً مرتباً قبل انتقال أو موسم ذروة | لا نضع رقماً ثابتاً لا يمثّل عقارك | نوضّح ما سيدخل في النطاق وما لن يدخل | حسب الجدولة اليومية، ومن الأحياء التي نصل إليها غالباً
12692,post,سباك منازل بالدمام,https://www.rukn-eltatawer.com/sa/home-plumber-dammam/,home-plumber-dammam,1725,0,23,31,2,57,0,2026-09-04,2026-09-11,f9425797e8773c7a|n=12,boilerplate_overuse,عبارات قالبية متكررة: تجهيزاً مرتباً قبل انتقال أو موسم ذروة | لا نضع رقماً ثابتاً لا يمثّل عقارك | نوضّح ما سيدخل في النطاق وما لن يدخل | حسب الجدولة اليومية، ومن الأحياء التي نصل إليها غالباً
12756,post,فني تركيب وصيانة تكييف بالدمام,https://www.rukn-eltatawer.com/sa/ac-tech-dammam/,ac-tech-dammam,1794,0,23,31,2,57,0,2026-09-04,2026-09-11,a3b50d9e9579d1b3|n=12,boilerplate_overuse,عبارات قالبية متكررة: تجهيزاً مرتباً قبل انتقال أو موسم ذروة | لا نضع رقماً ثابتاً لا يمثّل عقارك | نوضّح ما سيدخل في النطاق وما لن يدخل | حسب الجدولة اليومية، ومن الأحياء التي نصل إليها غالباً
13109,post,شركة غسيل وتنظيف مكيفات بالخبر,https://www.rukn-eltatawer.com/sa/ac-cleaning-washing-khobar/,ac-cleaning-washing-khobar,1798,0,23,33,2,59,0,2026-09-04,2026-09-11,04145549da01d869|n=12,boilerplate_overuse|intent_mismatch,عبارات قالبية متكررة: تجهيزاً مرتباً قبل انتقال أو موسم ذروة | لا نضع رقماً ثابتاً لا يمثّل عقارك | نوضّح ما سيدخل في النطاق وما لن يدخل | حسب الجدولة اليومية، ومن الأحياء التي نصل إليها غالباً || عنوان عن تكييف بينما النص/الأسئلة تتحدث عن تنظيف منازل أو رخام وخشب
13157,post,شركة عقود صيانة تكييف دورية بالخبر,https://www.rukn-eltatawer.com/sa/ac-periodic-maintenance-contracts-khobar/,ac-periodic-maintenance-contracts-khobar,1863,0,23,33,2,59,0,2026-09-04,2026-09-11,5ad70bea22e6765f|n=12,boilerplate_overuse,عبارات قالبية متكررة: تجهيزاً مرتباً قبل انتقال أو موسم ذروة | لا نضع رقماً ثابتاً لا يمثّل عقارك | نوضّح ما سيدخل في النطاق وما لن يدخل | حسب الجدولة اليومية، ومن الأحياء التي نصل إليها غالباً
11266,post,شركة صيانة مكيفات سبليت بالخبر,https://www.rukn-eltatawer.com/sa/split-ac-maintenance-khobar/,split-ac-maintenance-khobar,2068,0,28,31,2,62,0,2026-09-04,2026-09-10,0a6c8170176e9d33|n=12,boilerplate_overuse,عبارات قالبية متكررة: تجهيزاً مرتباً قبل انتقال أو موسم ذروة | لا نضع رقماً ثابتاً لا يمثّل عقارك | نوضّح ما سيدخل في النطاق وما لن يدخل | حسب الجدولة اليومية، ومن الأحياء التي نصل إليها غالباً
13125,post,شركة صيانة دكتات التكييف بالخبر,https://www.rukn-eltatawer.com/sa/ac-duct-maintenance-khobar/,ac-duct-maintenance-khobar,1800,0,23,33,2,59,0,2026-09-04,2026-09-11,2931f40d0ae40003|n=12,boilerplate_overuse,عبارات قالبية متكررة: تجهيزاً مرتباً قبل انتقال أو موسم ذروة | لا نضع رقماً ثابتاً لا يمثّل عقارك | نوضّح ما سيدخل في النطاق وما لن يدخل | حسب الجدولة اليومية، ومن الأحياء التي نصل إليها غالباً
11265,post,شركة صيانة تكييف مركزي بالخبر,https://www.rukn-eltatawer.com/sa/central-ac-maintenance-khobar/,central-ac-maintenance-khobar,1818,0,23,33,2,59,0,2026-09-04,2026-09-11,a4363ccedd3f71fe|n=12,boilerplate_overuse,عبارات قالبية متكررة: تجهيزاً مرتباً قبل انتقال أو موسم ذروة | لا نضع رقماً ثابتاً لا يمثّل عقارك | نوضّح ما سيدخل في النطاق وما لن يدخل | حسب الجدولة اليومية، ومن الأحياء التي نصل إليها غالباً
13101,post,شركة تعبئة فريون مكيفات بالخبر,https://www.rukn-eltatawer.com/sa/ac-freon-refill-khobar/,ac-freon-refill-khobar,1798,0,23,33,2,59,0,2026-09-04,2026-09-11,60bb63806404a065|n=12,boilerplate_overuse,عبارات قالبية متكررة: تجهيزاً مرتباً قبل انتقال أو موسم ذروة | لا نضع رقماً ثابتاً لا يمثّل عقارك | نوضّح ما سيدخل في النطاق وما لن يدخل | حسب الجدولة اليومية، ومن الأحياء التي نصل إليها غالباً
13093,post,شركة تركيب وحدات تكييف نافذة بالخبر,https://www.rukn-eltatawer.com/sa/window-ac-installation-khobar/,window-ac-installation-khobar,1864,0,23,31,2,57,0,2026-09-04,2026-09-11,db8a1dfdabe3cb23|n=12,boilerplate_overuse,عبارات قالبية متكررة: تجهيزاً مرتباً قبل انتقال أو موسم ذروة | لا نضع رقماً ثابتاً لا يمثّل عقارك | نوضّح ما سيدخل في النطاق وما لن يدخل | حسب الجدولة اليومية، ومن الأحياء التي نصل إليها غالباً
13085,post,شركة تركيب مكيفات سبليت بالخبر,https://www.rukn-eltatawer.com/sa/split-ac-installation-khobar/,split-ac-installation-khobar,1813,0,23,33,2,59,0,2026-09-04,2026-09-11,5b0d76ca2baaec60|n=12,boilerplate_overuse,عبارات قالبية متكررة: تجهيزاً مرتباً قبل انتقال أو موسم ذروة | لا نضع رقماً ثابتاً لا يمثّل عقارك | نوضّح ما سيدخل في النطاق وما لن يدخل | حسب الجدولة اليومية، ومن الأحياء التي نصل إليها غالباً
13133,post,شركة تركيب تكييف مركزي جديد بالخبر,https://www.rukn-eltatawer.com/sa/new-central-ac-installation-khobar/,new-central-ac-installation-khobar,1862,0,23,33,2,59,0,2026-09-04,2026-09-11,ccb1f12aa12af8a2|n=12,boilerplate_overuse,عبارات قالبية متكررة: تجهيزاً مرتباً قبل انتقال أو موسم ذروة | لا نضع رقماً ثابتاً لا يمثّل عقارك | نوضّح ما سيدخل في النطاق وما لن يدخل | حسب الجدولة اليومية، ومن الأحياء التي نصل إليها غالباً
12533,post,شركة تركيب أجهزة تكييف طاقة شمسية بالخبر,https://www.rukn-eltatawer.com/sa/solar-ac-installation-khobar/,solar-ac-installation-khobar,1949,0,23,33,2,59,0,2026-09-04,2026-09-11,db3e98cc6d6ae508|n=12,boilerplate_overuse,عبارات قالبية متكررة: تجهيزاً مرتباً قبل انتقال أو موسم ذروة | لا نضع رقماً ثابتاً لا يمثّل عقارك | نوضّح ما سيدخل في النطاق وما لن يدخل | حسب الجدولة اليومية، ومن الأحياء التي نصل إليها غالباً
12565,post,شركة مكافحة النمل الأسود والأحمر بالخبر,https://www.rukn-eltatawer.com/sa/ant-control-khobar/,ant-control-khobar,1824,0,23,32,2,58,0,2026-09-04,2026-09-11,7ac27af1f8a4ae59|n=12,boilerplate_overuse,عبارات قالبية متكررة: تجهيزاً مرتباً قبل انتقال أو موسم ذروة | لا نضع رقماً ثابتاً لا يمثّل عقارك | نوضّح ما سيدخل في النطاق وما لن يدخل | حسب الجدولة اليومية، ومن الأحياء التي نصل إليها غالباً
12557,post,شركة مكافحة النمل الأبيض (الرمة) بالخبر,https://www.rukn-eltatawer.com/sa/termite-control-khobar/,termite-control-khobar,1844,0,23,32,2,58,0,2026-09-04,2026-09-11,c40ff1fa751dc7fa|n=12,boilerplate_overuse,عبارات قالبية متكررة: تجهيزاً مرتباً قبل انتقال أو موسم ذروة | لا نضع رقماً ثابتاً لا يمثّل عقارك | نوضّح ما سيدخل في النطاق وما لن يدخل | حسب الجدولة اليومية، ومن الأحياء التي نصل إليها غالباً
12573,post,شركة مكافحة الصراصير بالخبر,https://www.rukn-eltatawer.com/sa/cockroach-control-khobar/,cockroach-control-khobar,1745,0,23,33,2,59,0,2026-09-04,2026-09-11,63d25fe5540b7a38|n=12,boilerplate_overuse,عبارات قالبية متكررة: تجهيزاً مرتباً قبل انتقال أو موسم ذروة | لا نضع رقماً ثابتاً لا يمثّل عقارك | نوضّح ما سيدخل في النطاق وما لن يدخل | حسب الجدولة اليومية، ومن الأحياء التي نصل إليها غالباً
12068,post,شركة تسليك مجاري بالدمام,https://www.rukn-eltatawer.com/sa/drain-unclogging-dammam/,drain-unclogging-dammam,2034,0,28,33,2,64,0,2026-09-04,2026-09-10,b19a8653cab5fbc3|n=12,boilerplate_overuse,عبارات قالبية متكررة: تجهيزاً مرتباً قبل انتقال أو موسم ذروة | لا نضع رقماً ثابتاً لا يمثّل عقارك | نوضّح ما سيدخل في النطاق وما لن يدخل | حسب الجدولة اليومية، ومن الأحياء التي نصل إليها غالباً
12698,post,كهربائي منازل بمكة المكرمة,https://www.rukn-eltatawer.com/sa/home-electrician-mecca/,home-electrician-mecca,1813,0,23,33,2,59,0,2026-09-04,2026-09-09,6c662bc4e98699bf|n=12,boilerplate_overuse,عبارات قالبية متكررة: تجهيزاً مرتباً قبل انتقال أو موسم ذروة | لا نضع رقماً ثابتاً لا يمثّل عقارك | نوضّح ما سيدخل في النطاق وما لن يدخل | حسب الجدولة اليومية، ومن الأحياء التي نصل إليها غالباً
12474,post,شركة نقل عفش مع التغليف بمكة المكرمة,https://www.rukn-eltatawer.com/sa/furniture-moving-packaging-mecca/,furniture-moving-packaging-mecca,2229,0,28,31,2,62,0,2026-09-04,2026-09-10,f02eaf76909364a1|n=12,boilerplate_overuse,عبارات قالبية متكررة: تجهيزاً مرتباً قبل انتقال أو موسم ذروة | لا نضع رقماً ثابتاً لا يمثّل عقارك | نوضّح ما سيدخل في النطاق وما لن يدخل | حسب الجدولة اليومية، ومن الأحياء التي نصل إليها غالباً
12458,post,شركة نقل أثاث داخلي بمكة المكرمة,https://www.rukn-eltatawer.com/sa/indoor-moving-mecca/,indoor-moving-mecca,1886,0,23,33,2,59,0,2026-09-04,2026-09-09,8c45c562a2500567|n=12,boilerplate_overuse,عبارات قالبية متكررة: تجهيزاً مرتباً قبل انتقال أو موسم ذروة | لا نضع رقماً ثابتاً لا يمثّل عقارك | نوضّح ما سيدخل في النطاق وما لن يدخل | حسب الجدولة اليومية، ومن الأحياء التي نصل إليها غالباً
12466,post,شركة نقل أثاث خارجي بمكة المكرمة,https://www.rukn-eltatawer.com/sa/outdoor-moving-mecca/,outdoor-moving-mecca,1852,0,23,31,2,57,0,2026-09-04,2026-09-09,067d2100a4156d5b|n=12,boilerplate_overuse,عبارات قالبية متكررة: تجهيزاً مرتباً قبل انتقال أو موسم ذروة | لا نضع رقماً ثابتاً لا يمثّل عقارك | نوضّح ما سيدخل في النطاق وما لن يدخل | حسب الجدولة اليومية، ومن الأحياء التي نصل إليها غالباً
12963,post,شركة كهربائي منازل بالمدينة المنورة,https://www.rukn-eltatawer.com/sa/home-electrician-elec-medina/,home-electrician-elec-medina,1799,0,23,31,2,57,0,2026-09-04,2026-09-09,08e875330a9c0092|n=12,boilerplate_overuse,عبارات قالبية متكررة: تجهيزاً مرتباً قبل انتقال أو موسم ذروة | لا نضع رقماً ثابتاً لا يمثّل عقارك | نوضّح ما سيدخل في النطاق وما لن يدخل | حسب الجدولة اليومية، ومن الأحياء التي نصل إليها غالباً
13043,post,شركة كهربائي طوارئ 24 ساعة بالمدينة المنورة,https://www.rukn-eltatawer.com/sa/24h-emergency-electrician-medina/,24h-emergency-electrician-medina,1880,0,23,33,2,59,0,2026-09-04,2026-09-09,40018f29b97c8d74|n=12,boilerplate_overuse,عبارات قالبية متكررة: تجهيزاً مرتباً قبل انتقال أو موسم ذروة | لا نضع رقماً ثابتاً لا يمثّل عقارك | نوضّح ما سيدخل في النطاق وما لن يدخل | حسب الجدولة اليومية، ومن الأحياء التي نصل إليها غالباً
13076,post,شركة كشف وإصلاح أعطال السباكة بالدمام,https://www.rukn-eltatawer.com/sa/plumbing-fault-repair-dammam/,plumbing-fault-repair-dammam,1857,0,23,33,2,59,0,2026-09-04,2026-09-11,913c3b684fd6f4d9|n=12,boilerplate_overuse,عبارات قالبية متكررة: تجهيزاً مرتباً قبل انتقال أو موسم ذروة | لا نضع رقماً ثابتاً لا يمثّل عقارك | نوضّح ما سيدخل في النطاق وما لن يدخل | حسب الجدولة اليومية، ومن الأحياء التي نصل إليها غالباً
12987,post,شركة كشف أعطال كهرباء بالمدينة المنورة,https://www.rukn-eltatawer.com/sa/electrical-fault-detection-medina/,electrical-fault-detection-medina,1857,0,23,31,2,57,0,2026-09-04,2026-09-09,6115a252673ef908|n=12,boilerplate_overuse,عبارات قالبية متكررة: تجهيزاً مرتباً قبل انتقال أو موسم ذروة | لا نضع رقماً ثابتاً لا يمثّل عقارك | نوضّح ما سيدخل في النطاق وما لن يدخل | حسب الجدولة اليومية، ومن الأحياء التي نصل إليها غالباً
12352,post,شركة قص عشب طبيعي بالرياض,https://www.rukn-eltatawer.com/sa/natural-grass-cutting-riyadh/,natural-grass-cutting-riyadh,1771,0,23,30,2,56,0,2026-09-04,2026-09-11,75197d448fa04591|n=12,boilerplate_overuse,عبارات قالبية متكررة: تجهيزاً مرتباً قبل انتقال أو موسم ذروة | لا نضع رقماً ثابتاً لا يمثّل عقارك | نوضّح ما سيدخل في النطاق وما لن يدخل | حسب الجدولة اليومية، ومن الأحياء التي نصل إليها غالباً
13028,post,شركة صيانة مواسير صرف صحي بالدمام,https://www.rukn-eltatawer.com/sa/drainage-pipe-maintenance-dammam/,drainage-pipe-maintenance-dammam,1831,0,23,30,2,56,0,2026-09-04,2026-09-11,e7d7341707886d05|n=12,boilerplate_overuse,عبارات قالبية متكررة: تجهيزاً مرتباً قبل انتقال أو موسم ذروة | لا نضع رقماً ثابتاً لا يمثّل عقارك | نوضّح ما سيدخل في النطاق وما لن يدخل | حسب الجدولة اليومية، ومن الأحياء التي نصل إليها غالباً
11228,post,شركة صيانة مكانس كهربائية بالمدينة المنورة,https://www.rukn-eltatawer.com/sa/vacuum-maintenance-medina/,vacuum-maintenance-medina,1886,0,23,33,2,59,0,2026-09-04,2026-09-09,f15fc0d79294fedf|n=12,boilerplate_overuse,عبارات قالبية متكررة: تجهيزاً مرتباً قبل انتقال أو موسم ذروة | لا نضع رقماً ثابتاً لا يمثّل عقارك | نوضّح ما سيدخل في النطاق وما لن يدخل | حسب الجدولة اليومية، ومن الأحياء التي نصل إليها غالباً
13060,post,شركة صيانة مضخات مياه بالدمام,https://www.rukn-eltatawer.com/sa/water-pump-maintenance-dammam/,water-pump-maintenance-dammam,1767,0,23,30,2,56,0,2026-09-04,2026-09-11,aa34b837eea2d037|n=12,boilerplate_overuse,عبارات قالبية متكررة: تجهيزاً مرتباً قبل انتقال أو موسم ذروة | لا نضع رقماً ثابتاً لا يمثّل عقارك | نوضّح ما سيدخل في النطاق وما لن يدخل | حسب الجدولة اليومية، ومن الأحياء التي نصل إليها غالباً
12971,post,شركة صيانة لوحات كهرباء بالمدينة المنورة,https://www.rukn-eltatawer.com/sa/electric-panel-maintenance-medina/,electric-panel-maintenance-medina,1857,0,23,31,2,57,0,2026-09-04,2026-09-09,bccb1b52a9dffdd2|n=12,boilerplate_overuse,عبارات قالبية متكررة: تجهيزاً مرتباً قبل انتقال أو موسم ذروة | لا نضع رقماً ثابتاً لا يمثّل عقارك | نوضّح ما سيدخل في النطاق وما لن يدخل | حسب الجدولة اليومية، ومن الأحياء التي نصل إليها غالباً
11211,post,شركة صيانة كهرباء بالمدينة المنورة,https://www.rukn-eltatawer.com/sa/electrical-maintenance-medina/,electrical-maintenance-medina,1822,0,23,33,2,59,0,2026-09-04,2026-09-09,0e8d196d4a3e65ee|n=12,boilerplate_overuse,عبارات قالبية متكررة: تجهيزاً مرتباً قبل انتقال أو موسم ذروة | لا نضع رقماً ثابتاً لا يمثّل عقارك | نوضّح ما سيدخل في النطاق وما لن يدخل | حسب الجدولة اليومية، ومن الأحياء التي نصل إليها غالباً
11252,post,شركة صيانة سخانات بالدمام,https://www.rukn-eltatawer.com/sa/water-heater-maintenance-dammam/,water-heater-maintenance-dammam,1732,0,23,33,2,59,0,2026-09-04,2026-09-11,102036ae7509bda7|n=12,boilerplate_overuse,عبارات قالبية متكررة: تجهيزاً مرتباً قبل انتقال أو موسم ذروة | لا نضع رقماً ثابتاً لا يمثّل عقارك | نوضّح ما سيدخل في النطاق وما لن يدخل | حسب الجدولة اليومية، ومن الأحياء التي نصل إليها غالباً
11238,post,شركة صيانة سباكة بالدمام,https://www.rukn-eltatawer.com/sa/plumbing-maintenance-dammam/,plumbing-maintenance-dammam,1736,0,23,33,2,59,0,2026-09-04,2026-09-11,d2bd21c137212646|n=12,boilerplate_overuse,عبارات قالبية متكررة: تجهيزاً مرتباً قبل انتقال أو موسم ذروة | لا نضع رقماً ثابتاً لا يمثّل عقارك | نوضّح ما سيدخل في النطاق وما لن يدخل | حسب الجدولة اليومية، ومن الأحياء التي نصل إليها غالباً
11221,post,شركة صيانة الأجهزة الكهربائية بالمدينة المنورة,https://www.rukn-eltatawer.com/sa/appliance-maintenance-medina/,appliance-maintenance-medina,1884,0,23,31,2,57,0,2026-09-04,2026-09-09,e6c945d72375362c|n=12,boilerplate_overuse,عبارات قالبية متكررة: تجهيزاً مرتباً قبل انتقال أو موسم ذروة | لا نضع رقماً ثابتاً لا يمثّل عقارك | نوضّح ما سيدخل في النطاق وما لن يدخل | حسب الجدولة اليومية، ومن الأحياء التي نصل إليها غالباً
13004,post,شركة سباك منازل بالدمام,https://www.rukn-eltatawer.com/sa/home-plumber-elec-dammam/,home-plumber-elec-dammam,1735,0,23,33,2,59,0,2026-09-04,2026-09-11,06fc94871f2c3a3b|n=12,boilerplate_overuse,عبارات قالبية متكررة: تجهيزاً مرتباً قبل انتقال أو موسم ذروة | لا نضع رقماً ثابتاً لا يمثّل عقارك | نوضّح ما سيدخل في النطاق وما لن يدخل | حسب الجدولة اليومية، ومن الأحياء التي نصل إليها غالباً
12931,post,شركة رش بويات كهربائي بالمدينة المنورة,https://www.rukn-eltatawer.com/sa/electric-spray-painting-medina/,electric-spray-painting-medina,1880,0,23,33,2,59,0,2026-09-04,2026-09-09,04145549da01d869|n=12,boilerplate_overuse,عبارات قالبية متكررة: تجهيزاً مرتباً قبل انتقال أو موسم ذروة | لا نضع رقماً ثابتاً لا يمثّل عقارك | نوضّح ما سيدخل في النطاق وما لن يدخل | حسب الجدولة اليومية، ومن الأحياء التي نصل إليها غالباً
11009,post,شركة تنظيف وتعقيم شامل بالخبر,https://www.rukn-eltatawer.com/sa/deep-cleaning-khobar/,deep-cleaning-khobar,1795,0,23,33,2,59,0,2026-09-04,2026-09-11,cb55ebe29db838b2|n=12,boilerplate_overuse,عبارات قالبية متكررة: تجهيزاً مرتباً قبل انتقال أو موسم ذروة | لا نضع رقماً ثابتاً لا يمثّل عقارك | نوضّح ما سيدخل في النطاق وما لن يدخل | حسب الجدولة اليومية، ومن الأحياء التي نصل إليها غالباً
12368,post,شركة تنظيف وتزيين الحدائق بالرياض,https://www.rukn-eltatawer.com/sa/garden-cleaning-riyadh/,garden-cleaning-riyadh,1818,0,23,33,2,59,0,2026-09-04,2026-09-11,04145549da01d869|n=12,boilerplate_overuse,عبارات قالبية متكررة: تجهيزاً مرتباً قبل انتقال أو موسم ذروة | لا نضع رقماً ثابتاً لا يمثّل عقارك | نوضّح ما سيدخل في النطاق وما لن يدخل | حسب الجدولة اليومية، ومن الأحياء التي نصل إليها غالباً
10986,post,شركة تنظيف منازل بالخبر,https://www.rukn-eltatawer.com/sa/home-cleaning-khobar/,home-cleaning-khobar,1710,0,23,31,2,57,0,2026-09-04,2026-09-11,aa34b837eea2d037|n=12,boilerplate_overuse,عبارات قالبية متكررة: تجهيزاً مرتباً قبل انتقال أو موسم ذروة | لا نضع رقماً ثابتاً لا يمثّل عقارك | نوضّح ما سيدخل في النطاق وما لن يدخل | حسب الجدولة اليومية، ومن الأحياء التي نصل إليها غالباً
11002,post,شركة تنظيف كنب بالخبر,https://www.rukn-eltatawer.com/sa/sofa-cleaning-khobar/,sofa-cleaning-khobar,1674,0,23,30,2,56,0,2026-09-04,2026-09-11,aa34b837eea2d037|n=12,boilerplate_overuse,عبارات قالبية متكررة: تجهيزاً مرتباً قبل انتقال أو موسم ذروة | لا نضع رقماً ثابتاً لا يمثّل عقارك | نوضّح ما سيدخل في النطاق وما لن يدخل | حسب الجدولة اليومية، ومن الأحياء التي نصل إليها غالباً
10988,post,شركة تنظيف فلل بالخبر,https://www.rukn-eltatawer.com/sa/villa-cleaning-khobar/,villa-cleaning-khobar,1729,0,23,31,2,57,0,2026-09-04,2026-09-11,f60c31af76d0edc0|n=12,boilerplate_overuse,عبارات قالبية متكررة: تجهيزاً مرتباً قبل انتقال أو موسم ذروة | لا نضع رقماً ثابتاً لا يمثّل عقارك | نوضّح ما سيدخل في النطاق وما لن يدخل | حسب الجدولة اليومية، ومن الأحياء التي نصل إليها غالباً
10987,post,شركة تنظيف شقق بالخبر,https://www.rukn-eltatawer.com/sa/apartment-cleaning-khobar/,apartment-cleaning-khobar,1715,0,23,31,2,57,0,2026-09-04,2026-09-11,5d16480f4f058e2b|n=12,boilerplate_overuse,عبارات قالبية متكررة: تجهيزاً مرتباً قبل انتقال أو موسم ذروة | لا نضع رقماً ثابتاً لا يمثّل عقارك | نوضّح ما سيدخل في النطاق وما لن يدخل | حسب الجدولة اليومية، ومن الأحياء التي نصل إليها غالباً
11000,post,شركة تنظيف سجاد بالخبر,https://www.rukn-eltatawer.com/sa/carpet-cleaning-khobar/,carpet-cleaning-khobar,1732,0,23,33,2,59,0,2026-09-04,2026-09-11,40b41c6333187d30|n=12,boilerplate_overuse,عبارات قالبية متكررة: تجهيزاً مرتباً قبل انتقال أو موسم ذروة | لا نضع رقماً ثابتاً لا يمثّل عقارك | نوضّح ما سيدخل في النطاق وما لن يدخل | حسب الجدولة اليومية، ومن الأحياء التي نصل إليها غالباً
10901,post,شركة تنظيف أرضيات رخام وجلي رخام بجدة,https://www.rukn-eltatawer.com/sa/marble-polishing-jeddah/,marble-polishing-jeddah,1943,0,23,33,2,59,0,2026-09-04,2026-09-11,f74c85876c4d0474|n=12,boilerplate_overuse,عبارات قالبية متكررة: تجهيزاً مرتباً قبل انتقال أو موسم ذروة | لا نضع رقماً ثابتاً لا يمثّل عقارك | نوضّح ما سيدخل في النطاق وما لن يدخل | حسب الجدولة اليومية، ومن الأحياء التي نصل إليها غالباً
12328,post,شركة تنسيق حدائق بالرياض,https://www.rukn-eltatawer.com/sa/landscaping-riyadh/,landscaping-riyadh,1719,0,23,30,2,56,0,2026-09-04,2026-09-11,72f1f77f1021a1ed|n=12,boilerplate_overuse,عبارات قالبية متكررة: تجهيزاً مرتباً قبل انتقال أو موسم ذروة | لا نضع رقماً ثابتاً لا يمثّل عقارك | نوضّح ما سيدخل في النطاق وما لن يدخل | حسب الجدولة اليومية، ومن الأحياء التي نصل إليها غالباً
12979,post,شركة تمديدات كهربائية جديدة بالمدينة المنورة,https://www.rukn-eltatawer.com/sa/new-electrical-wiring-medina/,new-electrical-wiring-medina,1862,0,23,31,2,57,0,2026-09-04,2026-09-09,8682a7e0a56654c5|n=12,boilerplate_overuse,عبارات قالبية متكررة: تجهيزاً مرتباً قبل انتقال أو موسم ذروة | لا نضع رقماً ثابتاً لا يمثّل عقارك | نوضّح ما سيدخل في النطاق وما لن يدخل | حسب الجدولة اليومية، ومن الأحياء التي نصل إليها غالباً
12336,post,شركة تصميم حدائق داخلية بالرياض,https://www.rukn-eltatawer.com/sa/indoor-garden-design-riyadh/,indoor-garden-design-riyadh,1791,0,23,30,2,56,0,2026-09-04,2026-09-09,5650029acdb297db|n=12,boilerplate_overuse,عبارات قالبية متكررة: تجهيزاً مرتباً قبل انتقال أو موسم ذروة | لا نضع رقماً ثابتاً لا يمثّل عقارك | نوضّح ما سيدخل في النطاق وما لن يدخل | حسب الجدولة اليومية، ومن الأحياء التي نصل إليها غالباً
12344,post,شركة تصميم حدائق أسطح بالرياض,https://www.rukn-eltatawer.com/sa/roof-garden-design-riyadh/,roof-garden-design-riyadh,1772,0,23,30,2,56,0,2026-09-04,2026-09-09,f98e8e3c1f9b3283|n=12,boilerplate_overuse,عبارات قالبية متكررة: تجهيزاً مرتباً قبل انتقال أو موسم ذروة | لا نضع رقماً ثابتاً لا يمثّل عقارك | نوضّح ما سيدخل في النطاق وما لن يدخل | حسب الجدولة اليومية، ومن الأحياء التي نصل إليها غالباً
11256,post,شركة تركيب وصيانة مضخات مياه وصرف صحي بالدمام,https://www.rukn-eltatawer.com/sa/water-pumps-dammam/,water-pumps-dammam,1956,0,23,32,2,58,0,2026-09-04,2026-09-11,04145549da01d869|n=12,boilerplate_overuse,عبارات قالبية متكررة: تجهيزاً مرتباً قبل انتقال أو موسم ذروة | لا نضع رقماً ثابتاً لا يمثّل عقارك | نوضّح ما سيدخل في النطاق وما لن يدخل | حسب الجدولة اليومية، ومن الأحياء التي نصل إليها غالباً
13068,post,شركة تركيب وصيانة سخانات مركزية بالدمام,https://www.rukn-eltatawer.com/sa/central-heater-installation-maintenance-dammam/,central-heater-installation-maintenance-dammam,1844,0,23,31,2,57,0,2026-09-04,2026-09-11,65dd3da145290c5d|n=12,boilerplate_overuse,عبارات قالبية متكررة: تجهيزاً مرتباً قبل انتقال أو موسم ذروة | لا نضع رقماً ثابتاً لا يمثّل عقارك | نوضّح ما سيدخل في النطاق وما لن يدخل | حسب الجدولة اليومية، ومن الأحياء التي نصل إليها غالباً
12240,post,شركة تركيب عشب صناعي بالرياض,https://www.rukn-eltatawer.com/sa/artificial-grass-riyadh/,artificial-grass-riyadh,1804,0,23,32,2,58,0,2026-09-04,2026-09-09,735b6558d641d4fd|n=12,boilerplate_overuse,عبارات قالبية متكررة: تجهيزاً مرتباً قبل انتقال أو موسم ذروة | لا نضع رقماً ثابتاً لا يمثّل عقارك | نوضّح ما سيدخل في النطاق وما لن يدخل | حسب الجدولة اليومية، ومن الأحياء التي نصل إليها غالباً
12248,post,شركة تركيب عشب جداري بالرياض,https://www.rukn-eltatawer.com/sa/grass-wall-riyadh/,grass-wall-riyadh,1771,0,23,30,2,56,0,2026-09-04,2026-09-09,d5464632e48fb435|n=12,boilerplate_overuse,عبارات قالبية متكررة: تجهيزاً مرتباً قبل انتقال أو موسم ذروة | لا نضع رقماً ثابتاً لا يمثّل عقارك | نوضّح ما سيدخل في النطاق وما لن يدخل | حسب الجدولة اليومية، ومن الأحياء التي نصل إليها غالباً
13020,post,شركة تركيب سخانات مياه بالدمام,https://www.rukn-eltatawer.com/sa/water-heater-installation-dammam/,water-heater-installation-dammam,1794,0,23,31,2,57,0,2026-09-04,2026-09-11,1d53e227948be3ce|n=12,boilerplate_overuse,عبارات قالبية متكررة: تجهيزاً مرتباً قبل انتقال أو موسم ذروة | لا نضع رقماً ثابتاً لا يمثّل عقارك | نوضّح ما سيدخل في النطاق وما لن يدخل | حسب الجدولة اليومية، ومن الأحياء التي نصل إليها غالباً
12524,post,شركة تركيب سخانات طاقة شمسية بالدمام,https://www.rukn-eltatawer.com/sa/solar-water-heaters-dammam/,solar-water-heaters-dammam,1835,0,23,31,2,57,0,2026-09-04,2026-09-11,e49cb35e11ce186d|n=12,boilerplate_overuse,عبارات قالبية متكررة: تجهيزاً مرتباً قبل انتقال أو موسم ذروة | لا نضع رقماً ثابتاً لا يمثّل عقارك | نوضّح ما سيدخل في النطاق وما لن يدخل | حسب الجدولة اليومية، ومن الأحياء التي نصل إليها غالباً
12995,post,شركة تركيب إنارة داخلية وخارجية بالمدينة المنورة,https://www.rukn-eltatawer.com/sa/indoor-outdoor-lighting-installation-medina/,indoor-outdoor-lighting-installation-medina,1947,0,23,31,2,57,0,2026-09-04,2026-09-09,25a96f93f3dfdc1b|n=12,boilerplate_overuse,عبارات قالبية متكررة: تجهيزاً مرتباً قبل انتقال أو موسم ذروة | لا نضع رقماً ثابتاً لا يمثّل عقارك | نوضّح ما سيدخل في النطاق وما لن يدخل | حسب الجدولة اليومية، ومن الأحياء التي نصل إليها غالباً
13052,post,شركة تأسيس كهرباء وسباكة لمبنى جديد بالدمام,https://www.rukn-eltatawer.com/sa/new-building-electrical-plumbing-dammam/,new-building-electrical-plumbing-dammam,1928,0,23,33,2,59,0,2026-09-04,2026-09-11,8f98f0ca1b224519|n=12,boilerplate_overuse,عبارات قالبية متكررة: تجهيزاً مرتباً قبل انتقال أو موسم ذروة | لا نضع رقماً ثابتاً لا يمثّل عقارك | نوضّح ما سيدخل في النطاق وما لن يدخل | حسب الجدولة اليومية، ومن الأحياء التي نصل إليها غالباً
12677,post,شركة التعقيم بالكلور بالخبر,https://www.rukn-eltatawer.com/sa/chlorine-disinfection-khobar/,chlorine-disinfection-khobar,1719,0,23,32,2,58,0,2026-09-04,2026-09-11,0addd227edd13d1e|n=12,boilerplate_overuse,عبارات قالبية متكررة: تجهيزاً مرتباً قبل انتقال أو موسم ذروة | لا نضع رقماً ثابتاً لا يمثّل عقارك | نوضّح ما سيدخل في النطاق وما لن يدخل | حسب الجدولة اليومية، ومن الأحياء التي نصل إليها غالباً
12669,post,شركة التعقيم بالبخار بالخبر,https://www.rukn-eltatawer.com/sa/steam-disinfection-khobar/,steam-disinfection-khobar,1701,0,23,30,2,56,0,2026-09-04,2026-09-11,272a2693cf7d95cd|n=12,boilerplate_overuse,عبارات قالبية متكررة: تجهيزاً مرتباً قبل انتقال أو موسم ذروة | لا نضع رقماً ثابتاً لا يمثّل عقارك | نوضّح ما سيدخل في النطاق وما لن يدخل | حسب الجدولة اليومية، ومن الأحياء التي نصل إليها غالباً
12685,post,شركة التعقيم بالأوزون بالخبر,https://www.rukn-eltatawer.com/sa/ozone-disinfection-khobar/,ozone-disinfection-khobar,1696,0,23,30,2,56,0,2026-09-04,2026-09-11,bbb71ed8663e4d80|n=12,boilerplate_overuse,عبارات قالبية متكررة: تجهيزاً مرتباً قبل انتقال أو موسم ذروة | لا نضع رقماً ثابتاً لا يمثّل عقارك | نوضّح ما سيدخل في النطاق وما لن يدخل | حسب الجدولة اليومية، ومن الأحياء التي نصل إليها غالباً
12408,post,شركة إنشاء جلسات حدائق بالرياض,https://www.rukn-eltatawer.com/sa/garden-seating-riyadh/,garden-seating-riyadh,1785,0,23,30,2,56,0,2026-09-04,2026-09-09,c9aa4aa74a98682b|n=12,boilerplate_overuse,عبارات قالبية متكررة: تجهيزاً مرتباً قبل انتقال أو موسم ذروة | لا نضع رقماً ثابتاً لا يمثّل عقارك | نوضّح ما سيدخل في النطاق وما لن يدخل | حسب الجدولة اليومية، ومن الأحياء التي نصل إليها غالباً
12691,post,سباك منازل بالمدينة المنورة,https://www.rukn-eltatawer.com/sa/home-plumber-medina/,home-plumber-medina,1804,0,23,31,2,57,0,2026-09-04,2026-09-11,aa34b837eea2d037|n=12,boilerplate_overuse,عبارات قالبية متكررة: تجهيزاً مرتباً قبل انتقال أو موسم ذروة | لا نضع رقماً ثابتاً لا يمثّل عقارك | نوضّح ما سيدخل في النطاق وما لن يدخل | حسب الجدولة اليومية، ومن الأحياء التي نصل إليها غالباً
12755,post,فني تركيب وصيانة تكييف بالمدينة المنورة,https://www.rukn-eltatawer.com/sa/ac-tech-medina/,ac-tech-medina,1918,0,23,33,2,59,0,2026-09-04,2026-09-11,5a89380588db6c7e|n=12,boilerplate_overuse,عبارات قالبية متكررة: تجهيزاً مرتباً قبل انتقال أو موسم ذروة | لا نضع رقماً ثابتاً لا يمثّل عقارك | نوضّح ما سيدخل في النطاق وما لن يدخل | حسب الجدولة اليومية، ومن الأحياء التي نصل إليها غالباً
13108,post,شركة غسيل وتنظيف مكيفات بالدمام,https://www.rukn-eltatawer.com/sa/ac-cleaning-washing-dammam/,ac-cleaning-washing-dammam,1789,0,23,31,2,57,0,2026-09-04,2026-09-11,da0671ba72d01cd6|n=12,boilerplate_overuse|intent_mismatch,عبارات قالبية متكررة: تجهيزاً مرتباً قبل انتقال أو موسم ذروة | لا نضع رقماً ثابتاً لا يمثّل عقارك | نوضّح ما سيدخل في النطاق وما لن يدخل | حسب الجدولة اليومية، ومن الأحياء التي نصل إليها غالباً || عنوان عن تكييف بينما النص/الأسئلة تتحدث عن تنظيف منازل أو رخام وخشب
13156,post,شركة عقود صيانة تكييف دورية بالدمام,https://www.rukn-eltatawer.com/sa/ac-periodic-maintenance-contracts-dammam/,ac-periodic-maintenance-contracts-dammam,1847,0,23,31,2,57,0,2026-09-04,2026-09-11,aa34b837eea2d037|n=12,boilerplate_overuse,عبارات قالبية متكررة: تجهيزاً مرتباً قبل انتقال أو موسم ذروة | لا نضع رقماً ثابتاً لا يمثّل عقارك | نوضّح ما سيدخل في النطاق وما لن يدخل | حسب الجدولة اليومية، ومن الأحياء التي نصل إليها غالباً
11240,post,شركة صيانة مكيفات سبليت بالدمام,https://www.rukn-eltatawer.com/sa/split-ac-maintenance-dammam/,split-ac-maintenance-dammam,2101,0,28,33,2,64,0,2026-09-04,2026-09-11,123ea5f15368ef45|n=12,boilerplate_overuse,عبارات قالبية متكررة: تجهيزاً مرتباً قبل انتقال أو موسم ذروة | لا نضع رقماً ثابتاً لا يمثّل عقارك | نوضّح ما سيدخل في النطاق وما لن يدخل | حسب الجدولة اليومية، ومن الأحياء التي نصل إليها غالباً
13124,post,شركة صيانة دكتات التكييف بالدمام,https://www.rukn-eltatawer.com/sa/ac-duct-maintenance-dammam/,ac-duct-maintenance-dammam,1832,0,23,33,2,59,0,2026-09-04,2026-09-11,2a218c7176900df4|n=12,boilerplate_overuse,عبارات قالبية متكررة: تجهيزاً مرتباً قبل انتقال أو موسم ذروة | لا نضع رقماً ثابتاً لا يمثّل عقارك | نوضّح ما سيدخل في النطاق وما لن يدخل | حسب الجدولة اليومية، ومن الأحياء التي نصل إليها غالباً
11239,post,شركة صيانة تكييف مركزي بالدمام,https://www.rukn-eltatawer.com/sa/central-ac-maintenance-dammam/,central-ac-maintenance-dammam,1814,0,23,31,2,57,0,2026-09-04,2026-09-11,995c805686b6fe3b|n=12,boilerplate_overuse,عبارات قالبية متكررة: تجهيزاً مرتباً قبل انتقال أو موسم ذروة | لا نضع رقماً ثابتاً لا يمثّل عقارك | نوضّح ما سيدخل في النطاق وما لن يدخل | حسب الجدولة اليومية، ومن الأحياء التي نصل إليها غالباً
13100,post,شركة تعبئة فريون مكيفات بالدمام,https://www.rukn-eltatawer.com/sa/ac-freon-refill-dammam/,ac-freon-refill-dammam,1790,0,23,31,2,57,0,2026-09-04,2026-09-11,5a16e46c1dc460f1|n=12,boilerplate_overuse,عبارات قالبية متكررة: تجهيزاً مرتباً قبل انتقال أو موسم ذروة | لا نضع رقماً ثابتاً لا يمثّل عقارك | نوضّح ما سيدخل في النطاق وما لن يدخل | حسب الجدولة اليومية، ومن الأحياء التي نصل إليها غالباً
13092,post,شركة تركيب وحدات تكييف نافذة بالدمام,https://www.rukn-eltatawer.com/sa/window-ac-installation-dammam/,window-ac-installation-dammam,1890,0,23,33,2,59,0,2026-09-04,2026-09-11,17d0482b11e2f2ab|n=12,boilerplate_overuse,عبارات قالبية متكررة: تجهيزاً مرتباً قبل انتقال أو موسم ذروة | لا نضع رقماً ثابتاً لا يمثّل عقارك | نوضّح ما سيدخل في النطاق وما لن يدخل | حسب الجدولة اليومية، ومن الأحياء التي نصل إليها غالباً
13084,post,شركة تركيب مكيفات سبليت بالدمام,https://www.rukn-eltatawer.com/sa/split-ac-installation-dammam/,split-ac-installation-dammam,1810,0,23,33,2,59,0,2026-09-04,2026-09-11,eb449c173fe3388c|n=12,boilerplate_overuse,عبارات قالبية متكررة: تجهيزاً مرتباً قبل انتقال أو موسم ذروة | لا نضع رقماً ثابتاً لا يمثّل عقارك | نوضّح ما سيدخل في النطاق وما لن يدخل | حسب الجدولة اليومية، ومن الأحياء التي نصل إليها غالباً
13132,post,شركة تركيب تكييف مركزي جديد بالدمام,https://www.rukn-eltatawer.com/sa/new-central-ac-installation-dammam/,new-central-ac-installation-dammam,1892,0,23,33,2,59,0,2026-09-04,2026-09-11,bcf79cb937b74195|n=12,boilerplate_overuse,عبارات قالبية متكررة: تجهيزاً مرتباً قبل انتقال أو موسم ذروة | لا نضع رقماً ثابتاً لا يمثّل عقارك | نوضّح ما سيدخل في النطاق وما لن يدخل | حسب الجدولة اليومية، ومن الأحياء التي نصل إليها غالباً
12532,post,شركة تركيب أجهزة تكييف طاقة شمسية بالدمام,https://www.rukn-eltatawer.com/sa/solar-ac-installation-dammam/,solar-ac-installation-dammam,1934,0,23,33,2,59,0,2026-09-04,2026-09-11,3143ef77833dd840|n=12,boilerplate_overuse,عبارات قالبية متكررة: تجهيزاً مرتباً قبل انتقال أو موسم ذروة | لا نضع رقماً ثابتاً لا يمثّل عقارك | نوضّح ما سيدخل في النطاق وما لن يدخل | حسب الجدولة اليومية، ومن الأحياء التي نصل إليها غالباً
12564,post,شركة مكافحة النمل الأسود والأحمر بالدمام,https://www.rukn-eltatawer.com/sa/ant-control-dammam/,ant-control-dammam,1815,0,23,30,2,56,0,2026-09-04,2026-09-11,ad44f7ecfac971f0|n=12,boilerplate_overuse,عبارات قالبية متكررة: تجهيزاً مرتباً قبل انتقال أو موسم ذروة | لا نضع رقماً ثابتاً لا يمثّل عقارك | نوضّح ما سيدخل في النطاق وما لن يدخل | حسب الجدولة اليومية، ومن الأحياء التي نصل إليها غالباً
12556,post,شركة مكافحة النمل الأبيض (الرمة) بالدمام,https://www.rukn-eltatawer.com/sa/termite-control-dammam/,termite-control-dammam,1834,0,23,30,2,56,0,2026-09-04,2026-09-11,8c7cc34f52f84540|n=12,boilerplate_overuse,عبارات قالبية متكررة: تجهيزاً مرتباً قبل انتقال أو موسم ذروة | لا نضع رقماً ثابتاً لا يمثّل عقارك | نوضّح ما سيدخل في النطاق وما لن يدخل | حسب الجدولة اليومية، ومن الأحياء التي نصل إليها غالباً
12572,post,شركة مكافحة الصراصير بالدمام,https://www.rukn-eltatawer.com/sa/cockroach-control-dammam/,cockroach-control-dammam,1737,0,23,31,2,57,0,2026-09-04,2026-09-11,73acf598f4cf8105|n=12,boilerplate_overuse,عبارات قالبية متكررة: تجهيزاً مرتباً قبل انتقال أو موسم ذروة | لا نضع رقماً ثابتاً لا يمثّل عقارك | نوضّح ما سيدخل في النطاق وما لن يدخل | حسب الجدولة اليومية، ومن الأحياء التي نصل إليها غالباً
11399,post,شركة عزل خزانات بالخبر,https://www.rukn-eltatawer.com/sa/tank-insulation-khobar/,tank-insulation-khobar,1740,0,23,31,2,57,0,2026-09-04,2026-09-09,0f31f84600e5577a|n=12,boilerplate_overuse,عبارات قالبية متكررة: تجهيزاً مرتباً قبل انتقال أو موسم ذروة | لا نضع رقماً ثابتاً لا يمثّل عقارك | نوضّح ما سيدخل في النطاق وما لن يدخل | حسب الجدولة اليومية، ومن الأحياء التي نصل إليها غالباً
11398,post,شركة عزل أسطح بالخبر,https://www.rukn-eltatawer.com/sa/roof-insulation-khobar/,roof-insulation-khobar,2077,0,28,33,2,64,0,2026-09-04,2026-09-10,b268b959530b8aa2|n=12,boilerplate_overuse,عبارات قالبية متكررة: تجهيزاً مرتباً قبل انتقال أو موسم ذروة | لا نضع رقماً ثابتاً لا يمثّل عقارك | نوضّح ما سيدخل في النطاق وما لن يدخل | حسب الجدولة اليومية، ومن الأحياء التي نصل إليها غالباً
12067,post,شركة تسليك مجاري بالمدينة المنورة,https://www.rukn-eltatawer.com/sa/drain-unclogging-medina/,drain-unclogging-medina,1836,0,23,33,2,59,0,2026-09-04,2026-09-11,8d2c950433e5f47e|n=12,boilerplate_overuse,عبارات قالبية متكررة: تجهيزاً مرتباً قبل انتقال أو موسم ذروة | لا نضع رقماً ثابتاً لا يمثّل عقارك | نوضّح ما سيدخل في النطاق وما لن يدخل | حسب الجدولة اليومية، ومن الأحياء التي نصل إليها غالباً
12697,post,كهربائي منازل بجدة,https://www.rukn-eltatawer.com/sa/home-electrician-jeddah/,home-electrician-jeddah,1741,0,23,33,2,59,0,2026-09-04,2026-09-09,1ab42762b141e1db|n=12,boilerplate_overuse,عبارات قالبية متكررة: تجهيزاً مرتباً قبل انتقال أو موسم ذروة | لا نضع رقماً ثابتاً لا يمثّل عقارك | نوضّح ما سيدخل في النطاق وما لن يدخل | حسب الجدولة اليومية، ومن الأحياء التي نصل إليها غالباً
12473,post,شركة نقل عفش مع التغليف بجدة,https://www.rukn-eltatawer.com/sa/furniture-moving-packaging-jeddah/,furniture-moving-packaging-jeddah,2162,0,28,31,2,62,0,2026-09-04,2026-09-10,5036551d0e346ad2|n=12,boilerplate_overuse,عبارات قالبية متكررة: تجهيزاً مرتباً قبل انتقال أو موسم ذروة | لا نضع رقماً ثابتاً لا يمثّل عقارك | نوضّح ما سيدخل في النطاق وما لن يدخل | حسب الجدولة اليومية، ومن الأحياء التي نصل إليها غالباً
12457,post,شركة نقل أثاث داخلي بجدة,https://www.rukn-eltatawer.com/sa/indoor-moving-jeddah/,indoor-moving-jeddah,1800,0,23,31,2,57,0,2026-09-04,2026-09-09,55543643337e2440|n=12,boilerplate_overuse,عبارات قالبية متكررة: تجهيزاً مرتباً قبل انتقال أو موسم ذروة | لا نضع رقماً ثابتاً لا يمثّل عقارك | نوضّح ما سيدخل في النطاق وما لن يدخل | حسب الجدولة اليومية، ومن الأحياء التي نصل إليها غالباً
12465,post,شركة نقل أثاث خارجي بجدة,https://www.rukn-eltatawer.com/sa/outdoor-moving-jeddah/,outdoor-moving-jeddah,1801,0,23,31,2,57,0,2026-09-04,2026-09-09,1f4586fd9b8ac537|n=12,boilerplate_overuse,عبارات قالبية متكررة: تجهيزاً مرتباً قبل انتقال أو موسم ذروة | لا نضع رقماً ثابتاً لا يمثّل عقارك | نوضّح ما سيدخل في النطاق وما لن يدخل | حسب الجدولة اليومية، ومن الأحياء التي نصل إليها غالباً
12962,post,شركة كهربائي منازل بمكة المكرمة,https://www.rukn-eltatawer.com/sa/home-electrician-elec-mecca/,home-electrician-elec-mecca,1797,0,23,33,2,59,0,2026-09-04,2026-09-09,3c368c6cdb7edda0|n=12,boilerplate_overuse,عبارات قالبية متكررة: تجهيزاً مرتباً قبل انتقال أو موسم ذروة | لا نضع رقماً ثابتاً لا يمثّل عقارك | نوضّح ما سيدخل في النطاق وما لن يدخل | حسب الجدولة اليومية، ومن الأحياء التي نصل إليها غالباً
13042,post,شركة كهربائي طوارئ 24 ساعة بمكة المكرمة,https://www.rukn-eltatawer.com/sa/24h-emergency-electrician-mecca/,24h-emergency-electrician-mecca,1859,0,23,33,2,59,0,2026-09-04,2026-09-09,5676ef571df84d42|n=12,boilerplate_overuse,عبارات قالبية متكررة: تجهيزاً مرتباً قبل انتقال أو موسم ذروة | لا نضع رقماً ثابتاً لا يمثّل عقارك | نوضّح ما سيدخل في النطاق وما لن يدخل | حسب الجدولة اليومية، ومن الأحياء التي نصل إليها غالباً
13075,post,شركة كشف وإصلاح أعطال السباكة بالمدينة المنورة,https://www.rukn-eltatawer.com/sa/plumbing-fault-repair-medina/,plumbing-fault-repair-medina,1949,0,23,33,2,59,0,2026-09-04,2026-09-11,913c3b684fd6f4d9|n=12,boilerplate_overuse,عبارات قالبية متكررة: تجهيزاً مرتباً قبل انتقال أو موسم ذروة | لا نضع رقماً ثابتاً لا يمثّل عقارك | نوضّح ما سيدخل في النطاق وما لن يدخل | حسب الجدولة اليومية، ومن الأحياء التي نصل إليها غالباً
13013,post,شركة كشف تسريبات مواسير مياه بالخبر,https://www.rukn-eltatawer.com/sa/water-pipe-leak-detection-khobar/,water-pipe-leak-detection-khobar,1980,0,23,32,2,58,0,2026-09-04,2026-09-09,a71a023d2ea70f02|n=12,boilerplate_overuse,عبارات قالبية متكررة: تجهيزاً مرتباً قبل انتقال أو موسم ذروة | لا نضع رقماً ثابتاً لا يمثّل عقارك | نوضّح ما سيدخل في النطاق وما لن يدخل | حسب الجدولة اليومية، ومن الأحياء التي نصل إليها غالباً
9291,post,شركة كشف تسربات المياه بالخبر,https://www.rukn-eltatawer.com/sa/water-leak-detection-khobar/,water-leak-detection-khobar,2219,0,28,32,2,63,0,2026-09-04,2026-09-10,aa34b837eea2d037|n=12,boilerplate_overuse,عبارات قالبية متكررة: تجهيزاً مرتباً قبل انتقال أو موسم ذروة | لا نضع رقماً ثابتاً لا يمثّل عقارك | نوضّح ما سيدخل في النطاق وما لن يدخل | حسب الجدولة اليومية، ومن الأحياء التي نصل إليها غالباً
11396,post,شركة كشف تسربات الغاز بالخبر,https://www.rukn-eltatawer.com/sa/gas-leak-detection-khobar/,gas-leak-detection-khobar,1955,0,23,34,2,60,0,2026-09-04,2026-09-09,a0f800d629d629c8|n=12,boilerplate_overuse,عبارات قالبية متكررة: تجهيزاً مرتباً قبل انتقال أو موسم ذروة | لا نضع رقماً ثابتاً لا يمثّل عقارك | نوضّح ما سيدخل في النطاق وما لن يدخل | حسب الجدولة اليومية، ومن الأحياء التي نصل إليها غالباً
11397,post,شركة كشف تسربات التكييف بالخبر,https://www.rukn-eltatawer.com/sa/ac-leak-detection-khobar/,ac-leak-detection-khobar,1915,0,23,32,2,58,0,2026-09-03,2026-09-11,489a5373b0a70cb7|n=12,boilerplate_overuse,عبارات قالبية متكررة: تجهيزاً مرتباً قبل انتقال أو موسم ذروة | لا نضع رقماً ثابتاً لا يمثّل عقارك | نوضّح ما سيدخل في النطاق وما لن يدخل | حسب الجدولة اليومية، ومن الأحياء التي نصل إليها غالباً
12986,post,شركة كشف أعطال كهرباء بمكة المكرمة,https://www.rukn-eltatawer.com/sa/electrical-fault-detection-mecca/,electrical-fault-detection-mecca,1872,0,23,33,2,59,0,2026-09-03,2026-09-09,32e208c27f0d37ac|n=12,boilerplate_overuse,عبارات قالبية متكررة: تجهيزاً مرتباً قبل انتقال أو موسم ذروة | لا نضع رقماً ثابتاً لا يمثّل عقارك | نوضّح ما سيدخل في النطاق وما لن يدخل | حسب الجدولة اليومية، ومن الأحياء التي نصل إليها غالباً
13027,post,شركة صيانة مواسير صرف صحي بالمدينة المنورة,https://www.rukn-eltatawer.com/sa/drainage-pipe-maintenance-medina/,drainage-pipe-maintenance-medina,1945,0,23,30,2,56,0,2026-09-03,2026-09-11,7258af8a2b4c8efd|n=12,boilerplate_overuse,عبارات قالبية متكررة: تجهيزاً مرتباً قبل انتقال أو موسم ذروة | لا نضع رقماً ثابتاً لا يمثّل عقارك | نوضّح ما سيدخل في النطاق وما لن يدخل | حسب الجدولة اليومية، ومن الأحياء التي نصل إليها غالباً
11202,post,شركة صيانة مكانس كهربائية بمكة المكرمة,https://www.rukn-eltatawer.com/sa/vacuum-maintenance-mecca/,vacuum-maintenance-mecca,1866,0,23,33,2,59,0,2026-09-03,2026-09-09,6ea0935f9505ba3e|n=12,boilerplate_overuse,عبارات قالبية متكررة: تجهيزاً مرتباً قبل انتقال أو موسم ذروة | لا نضع رقماً ثابتاً لا يمثّل عقارك | نوضّح ما سيدخل في النطاق وما لن يدخل | حسب الجدولة اليومية، ومن الأحياء التي نصل إليها غالباً
13059,post,شركة صيانة مضخات مياه بالمدينة المنورة,https://www.rukn-eltatawer.com/sa/water-pump-maintenance-medina/,water-pump-maintenance-medina,1869,0,23,30,2,56,0,2026-09-03,2026-09-11,6f176cb4ce39108f|n=12,boilerplate_overuse,عبارات قالبية متكررة: تجهيزاً مرتباً قبل انتقال أو موسم ذروة | لا نضع رقماً ثابتاً لا يمثّل عقارك | نوضّح ما سيدخل في النطاق وما لن يدخل | حسب الجدولة اليومية، ومن الأحياء التي نصل إليها غالباً
11137,post,شركة صيانة مسابح بالرياض,https://www.rukn-eltatawer.com/sa/pool-maintenance-riyadh/,pool-maintenance-riyadh,1719,0,23,31,2,57,0,2026-09-03,2026-09-09,22b29e2c4febe0bb|n=12,boilerplate_overuse,عبارات قالبية متكررة: تجهيزاً مرتباً قبل انتقال أو موسم ذروة | لا نضع رقماً ثابتاً لا يمثّل عقارك | نوضّح ما سيدخل في النطاق وما لن يدخل | حسب الجدولة اليومية، ومن الأحياء التي نصل إليها غالباً
12970,post,شركة صيانة لوحات كهرباء بمكة المكرمة,https://www.rukn-eltatawer.com/sa/electric-panel-maintenance-mecca/,electric-panel-maintenance-mecca,1844,0,23,31,2,57,0,2026-09-03,2026-09-09,a2b95308de6a5bfc|n=12,boilerplate_overuse,عبارات قالبية متكررة: تجهيزاً مرتباً قبل انتقال أو موسم ذروة | لا نضع رقماً ثابتاً لا يمثّل عقارك | نوضّح ما سيدخل في النطاق وما لن يدخل | حسب الجدولة اليومية، ومن الأحياء التي نصل إليها غالباً
11185,post,شركة صيانة كهرباء بمكة المكرمة,https://www.rukn-eltatawer.com/sa/electrical-maintenance-mecca/,electrical-maintenance-mecca,1799,0,23,31,2,57,0,2026-09-03,2026-09-09,d0180c1f7b8a40d2|n=12,boilerplate_overuse,عبارات قالبية متكررة: تجهيزاً مرتباً قبل انتقال أو موسم ذروة | لا نضع رقماً ثابتاً لا يمثّل عقارك | نوضّح ما سيدخل في النطاق وما لن يدخل | حسب الجدولة اليومية، ومن الأحياء التي نصل إليها غالباً
11226,post,شركة صيانة سخانات بالمدينة المنورة,https://www.rukn-eltatawer.com/sa/water-heater-maintenance-medina/,water-heater-maintenance-medina,1810,0,23,31,2,57,0,2026-09-03,2026-09-11,683fb7a3b8588330|n=12,boilerplate_overuse,عبارات قالبية متكررة: تجهيزاً مرتباً قبل انتقال أو موسم ذروة | لا نضع رقماً ثابتاً لا يمثّل عقارك | نوضّح ما سيدخل في النطاق وما لن يدخل | حسب الجدولة اليومية، ومن الأحياء التي نصل إليها غالباً
11212,post,شركة صيانة سباكة بالمدينة المنورة,https://www.rukn-eltatawer.com/sa/plumbing-maintenance-medina/,plumbing-maintenance-medina,1803,0,23,31,2,57,0,2026-09-03,2026-09-11,aa34b837eea2d037|n=12,boilerplate_overuse,عبارات قالبية متكررة: تجهيزاً مرتباً قبل انتقال أو موسم ذروة | لا نضع رقماً ثابتاً لا يمثّل عقارك | نوضّح ما سيدخل في النطاق وما لن يدخل | حسب الجدولة اليومية، ومن الأحياء التي نصل إليها غالباً
11195,post,شركة صيانة الأجهزة الكهربائية بمكة المكرمة,https://www.rukn-eltatawer.com/sa/appliance-maintenance-mecca/,appliance-maintenance-mecca,1857,0,23,33,2,59,0,2026-09-03,2026-09-09,0c4ec33e594ba847|n=12,boilerplate_overuse,عبارات قالبية متكررة: تجهيزاً مرتباً قبل انتقال أو موسم ذروة | لا نضع رقماً ثابتاً لا يمثّل عقارك | نوضّح ما سيدخل في النطاق وما لن يدخل | حسب الجدولة اليومية، ومن الأحياء التي نصل إليها غالباً
13003,post,شركة سباك منازل بالمدينة المنورة,https://www.rukn-eltatawer.com/sa/home-plumber-elec-medina/,home-plumber-elec-medina,1843,0,23,33,2,59,0,2026-09-03,2026-09-11,16763a748e9e6f57|n=12,boilerplate_overuse,عبارات قالبية متكررة: تجهيزاً مرتباً قبل انتقال أو موسم ذروة | لا نضع رقماً ثابتاً لا يمثّل عقارك | نوضّح ما سيدخل في النطاق وما لن يدخل | حسب الجدولة اليومية، ومن الأحياء التي نصل إليها غالباً
12930,post,شركة رش بويات كهربائي بمكة المكرمة,https://www.rukn-eltatawer.com/sa/electric-spray-painting-mecca/,electric-spray-painting-mecca,1847,0,23,31,2,57,0,2026-09-03,2026-09-09,bb4ddec763130dc7|n=12,boilerplate_overuse,عبارات قالبية متكررة: تجهيزاً مرتباً قبل انتقال أو موسم ذروة | لا نضع رقماً ثابتاً لا يمثّل عقارك | نوضّح ما سيدخل في النطاق وما لن يدخل | حسب الجدولة اليومية، ومن الأحياء التي نصل إليها غالباً
10983,post,شركة تنظيف وتعقيم شامل بالدمام,https://www.rukn-eltatawer.com/sa/deep-cleaning-dammam/,deep-cleaning-dammam,1822,0,23,33,2,59,0,2026-09-03,2026-09-11,ab4339fdf56d3e15|n=12,boilerplate_overuse,عبارات قالبية متكررة: تجهيزاً مرتباً قبل انتقال أو موسم ذروة | لا نضع رقماً ثابتاً لا يمثّل عقارك | نوضّح ما سيدخل في النطاق وما لن يدخل | حسب الجدولة اليومية، ومن الأحياء التي نصل إليها غالباً
10960,post,شركة تنظيف منازل بالدمام,https://www.rukn-eltatawer.com/sa/home-cleaning-dammam/,home-cleaning-dammam,2022,0,28,31,2,62,0,2026-09-03,2026-09-11,0bef75d08ab3d3ef|n=12,boilerplate_overuse,عبارات قالبية متكررة: تجهيزاً مرتباً قبل انتقال أو موسم ذروة | لا نضع رقماً ثابتاً لا يمثّل عقارك | نوضّح ما سيدخل في النطاق وما لن يدخل | حسب الجدولة اليومية، ومن الأحياء التي نصل إليها غالباً
10865,post,شركة تنظيف مسابح بالرياض,https://www.rukn-eltatawer.com/sa/pool-cleaning-riyadh/,pool-cleaning-riyadh,1761,0,23,33,2,59,0,2026-09-03,2026-09-11,6726eb7ff25d11f6|n=12,boilerplate_overuse,عبارات قالبية متكررة: تجهيزاً مرتباً قبل انتقال أو موسم ذروة | لا نضع رقماً ثابتاً لا يمثّل عقارك | نوضّح ما سيدخل في النطاق وما لن يدخل | حسب الجدولة اليومية، ومن الأحياء التي نصل إليها غالباً
10976,post,شركة تنظيف كنب بالدمام,https://www.rukn-eltatawer.com/sa/sofa-cleaning-dammam/,sofa-cleaning-dammam,1703,0,23,32,2,58,0,2026-09-03,2026-09-11,9d7eac523ee90c63|n=12,boilerplate_overuse,عبارات قالبية متكررة: تجهيزاً مرتباً قبل انتقال أو موسم ذروة | لا نضع رقماً ثابتاً لا يمثّل عقارك | نوضّح ما سيدخل في النطاق وما لن يدخل | حسب الجدولة اليومية، ومن الأحياء التي نصل إليها غالباً
10962,post,شركة تنظيف فلل بالدمام,https://www.rukn-eltatawer.com/sa/villa-cleaning-dammam/,villa-cleaning-dammam,1744,0,23,33,2,59,0,2026-09-03,2026-09-11,b2493b027436d5e1|n=12,boilerplate_overuse,عبارات قالبية متكررة: تجهيزاً مرتباً قبل انتقال أو موسم ذروة | لا نضع رقماً ثابتاً لا يمثّل عقارك | نوضّح ما سيدخل في النطاق وما لن يدخل | حسب الجدولة اليومية، ومن الأحياء التي نصل إليها غالباً
10961,post,شركة تنظيف شقق بالدمام,https://www.rukn-eltatawer.com/sa/apartment-cleaning-dammam/,apartment-cleaning-dammam,1748,0,23,33,2,59,0,2026-09-03,2026-09-11,488e4069688c737c|n=12,boilerplate_overuse,عبارات قالبية متكررة: تجهيزاً مرتباً قبل انتقال أو موسم ذروة | لا نضع رقماً ثابتاً لا يمثّل عقارك | نوضّح ما سيدخل في النطاق وما لن يدخل | حسب الجدولة اليومية، ومن الأحياء التي نصل إليها غالباً
10974,post,شركة تنظيف سجاد بالدمام,https://www.rukn-eltatawer.com/sa/carpet-cleaning-dammam/,carpet-cleaning-dammam,1758,0,23,33,2,59,0,2026-09-03,2026-09-11,b60acde41e60298f|n=12,boilerplate_overuse,عبارات قالبية متكررة: تجهيزاً مرتباً قبل انتقال أو موسم ذروة | لا نضع رقماً ثابتاً لا يمثّل عقارك | نوضّح ما سيدخل في النطاق وما لن يدخل | حسب الجدولة اليومية، ومن الأحياء التي نصل إليها غالباً
12978,post,شركة تمديدات كهربائية جديدة بمكة المكرمة,https://www.rukn-eltatawer.com/sa/new-electrical-wiring-mecca/,new-electrical-wiring-mecca,1878,0,23,33,2,59,0,2026-09-03,2026-09-09,94de1f9170512e7d|n=12,boilerplate_overuse,عبارات قالبية متكررة: تجهيزاً مرتباً قبل انتقال أو موسم ذروة | لا نضع رقماً ثابتاً لا يمثّل عقارك | نوضّح ما سيدخل في النطاق وما لن يدخل | حسب الجدولة اليومية، ومن الأحياء التي نصل إليها غالباً
11230,post,شركة تركيب وصيانة مضخات مياه وصرف صحي بالمدينة المنورة,https://www.rukn-eltatawer.com/sa/water-pumps-medina/,water-pumps-medina,2078,0,23,32,2,58,0,2026-09-03,2026-09-11,695889b237be2475|n=12,boilerplate_overuse,عبارات قالبية متكررة: تجهيزاً مرتباً قبل انتقال أو موسم ذروة | لا نضع رقماً ثابتاً لا يمثّل عقارك | نوضّح ما سيدخل في النطاق وما لن يدخل | حسب الجدولة اليومية، ومن الأحياء التي نصل إليها غالباً
13067,post,شركة تركيب وصيانة سخانات مركزية بالمدينة المنورة,https://www.rukn-eltatawer.com/sa/central-heater-installation-maintenance-medina/,central-heater-installation-maintenance-medina,1940,0,23,31,2,57,0,2026-09-03,2026-09-11,9484832c397ee405|n=12,boilerplate_overuse,عبارات قالبية متكررة: تجهيزاً مرتباً قبل انتقال أو موسم ذروة | لا نضع رقماً ثابتاً لا يمثّل عقارك | نوضّح ما سيدخل في النطاق وما لن يدخل | حسب الجدولة اليومية، ومن الأحياء التي نصل إليها غالباً
13019,post,شركة تركيب سخانات مياه بالمدينة المنورة,https://www.rukn-eltatawer.com/sa/water-heater-installation-medina/,water-heater-installation-medina,1865,0,23,31,2,57,0,2026-09-03,2026-09-11,d84f230ea624bdac|n=12,boilerplate_overuse,عبارات قالبية متكررة: تجهيزاً مرتباً قبل انتقال أو موسم ذروة | لا نضع رقماً ثابتاً لا يمثّل عقارك | نوضّح ما سيدخل في النطاق وما لن يدخل | حسب الجدولة اليومية، ومن الأحياء التي نصل إليها غالباً
12523,post,شركة تركيب سخانات طاقة شمسية بالمدينة المنورة,https://www.rukn-eltatawer.com/sa/solar-water-heaters-medina/,solar-water-heaters-medina,1934,0,23,31,2,57,0,2026-09-03,2026-09-11,48b40703dbf8d910|n=12,boilerplate_overuse,عبارات قالبية متكررة: تجهيزاً مرتباً قبل انتقال أو موسم ذروة | لا نضع رقماً ثابتاً لا يمثّل عقارك | نوضّح ما سيدخل في النطاق وما لن يدخل | حسب الجدولة اليومية، ومن الأحياء التي نصل إليها غالباً
12994,post,شركة تركيب إنارة داخلية وخارجية بمكة المكرمة,https://www.rukn-eltatawer.com/sa/indoor-outdoor-lighting-installation-mecca/,indoor-outdoor-lighting-installation-mecca,1939,0,23,33,2,59,0,2026-09-03,2026-09-09,24e8b7bca17f78f8|n=12,boilerplate_overuse,عبارات قالبية متكررة: تجهيزاً مرتباً قبل انتقال أو موسم ذروة | لا نضع رقماً ثابتاً لا يمثّل عقارك | نوضّح ما سيدخل في النطاق وما لن يدخل | حسب الجدولة اليومية، ومن الأحياء التي نصل إليها غالباً
13051,post,شركة تأسيس كهرباء وسباكة لمبنى جديد بالمدينة المنورة,https://www.rukn-eltatawer.com/sa/new-building-electrical-plumbing-medina/,new-building-electrical-plumbing-medina,2008,0,23,33,2,59,0,2026-09-03,2026-09-11,4543adc1a53acb19|n=12,boilerplate_overuse,عبارات قالبية متكررة: تجهيزاً مرتباً قبل انتقال أو موسم ذروة | لا نضع رقماً ثابتاً لا يمثّل عقارك | نوضّح ما سيدخل في النطاق وما لن يدخل | حسب الجدولة اليومية، ومن الأحياء التي نصل إليها غالباً
12676,post,شركة التعقيم بالكلور بالدمام,https://www.rukn-eltatawer.com/sa/chlorine-disinfection-dammam/,chlorine-disinfection-dammam,1725,0,23,32,2,58,0,2026-09-03,2026-09-11,04145549da01d869|n=12,boilerplate_overuse,عبارات قالبية متكررة: تجهيزاً مرتباً قبل انتقال أو موسم ذروة | لا نضع رقماً ثابتاً لا يمثّل عقارك | نوضّح ما سيدخل في النطاق وما لن يدخل | حسب الجدولة اليومية، ومن الأحياء التي نصل إليها غالباً
12668,post,شركة التعقيم بالبخار بالدمام,https://www.rukn-eltatawer.com/sa/steam-disinfection-dammam/,steam-disinfection-dammam,1710,0,23,30,2,56,0,2026-09-03,2026-09-11,aa34b837eea2d037|n=12,boilerplate_overuse,عبارات قالبية متكررة: تجهيزاً مرتباً قبل انتقال أو موسم ذروة | لا نضع رقماً ثابتاً لا يمثّل عقارك | نوضّح ما سيدخل في النطاق وما لن يدخل | حسب الجدولة اليومية، ومن الأحياء التي نصل إليها غالباً
12684,post,شركة التعقيم بالأوزون بالدمام,https://www.rukn-eltatawer.com/sa/ozone-disinfection-dammam/,ozone-disinfection-dammam,1728,0,23,32,2,58,0,2026-09-03,2026-09-11,adaf80f389ebb656|n=12,boilerplate_overuse,عبارات قالبية متكررة: تجهيزاً مرتباً قبل انتقال أو موسم ذروة | لا نضع رقماً ثابتاً لا يمثّل عقارك | نوضّح ما سيدخل في النطاق وما لن يدخل | حسب الجدولة اليومية، ومن الأحياء التي نصل إليها غالباً
12690,post,سباك منازل بمكة المكرمة,https://www.rukn-eltatawer.com/sa/home-plumber-mecca/,home-plumber-mecca,1788,0,23,31,2,57,0,2026-09-03,2026-09-11,43e30d7bd1fd6577|n=12,boilerplate_overuse,عبارات قالبية متكررة: تجهيزاً مرتباً قبل انتقال أو موسم ذروة | لا نضع رقماً ثابتاً لا يمثّل عقارك | نوضّح ما سيدخل في النطاق وما لن يدخل | حسب الجدولة اليومية، ومن الأحياء التي نصل إليها غالباً
12754,post,فني تركيب وصيانة تكييف بمكة المكرمة,https://www.rukn-eltatawer.com/sa/ac-tech-mecca/,ac-tech-mecca,1884,0,23,33,2,59,0,2026-09-03,2026-09-09,c1d083624d2b1aed|n=12,boilerplate_overuse,عبارات قالبية متكررة: تجهيزاً مرتباً قبل انتقال أو موسم ذروة | لا نضع رقماً ثابتاً لا يمثّل عقارك | نوضّح ما سيدخل في النطاق وما لن يدخل | حسب الجدولة اليومية، ومن الأحياء التي نصل إليها غالباً
13107,post,شركة غسيل وتنظيف مكيفات بالمدينة المنورة,https://www.rukn-eltatawer.com/sa/ac-cleaning-washing-medina/,ac-cleaning-washing-medina,1912,0,23,33,2,59,0,2026-09-03,2026-09-11,46cdb4a15368fd5a|n=12,boilerplate_overuse|intent_mismatch,عبارات قالبية متكررة: تجهيزاً مرتباً قبل انتقال أو موسم ذروة | لا نضع رقماً ثابتاً لا يمثّل عقارك | نوضّح ما سيدخل في النطاق وما لن يدخل | حسب الجدولة اليومية، ومن الأحياء التي نصل إليها غالباً || عنوان عن تكييف بينما النص/الأسئلة تتحدث عن تنظيف منازل أو رخام وخشب
13155,post,شركة عقود صيانة تكييف دورية بالمدينة المنورة,https://www.rukn-eltatawer.com/sa/ac-periodic-maintenance-contracts-medina/,ac-periodic-maintenance-contracts-medina,1983,0,23,33,2,59,0,2026-09-03,2026-09-11,5cc23c079c0fdc5d|n=12,boilerplate_overuse,عبارات قالبية متكررة: تجهيزاً مرتباً قبل انتقال أو موسم ذروة | لا نضع رقماً ثابتاً لا يمثّل عقارك | نوضّح ما سيدخل في النطاق وما لن يدخل | حسب الجدولة اليومية، ومن الأحياء التي نصل إليها غالباً
11214,post,شركة صيانة مكيفات سبليت بالمدينة المنورة,https://www.rukn-eltatawer.com/sa/split-ac-maintenance-medina/,split-ac-maintenance-medina,1904,0,23,33,2,59,0,2026-09-03,2026-09-09,9de5fa81eb77a41a|n=12,boilerplate_overuse,عبارات قالبية متكررة: تجهيزاً مرتباً قبل انتقال أو موسم ذروة | لا نضع رقماً ثابتاً لا يمثّل عقارك | نوضّح ما سيدخل في النطاق وما لن يدخل | حسب الجدولة اليومية، ومن الأحياء التي نصل إليها غالباً
13123,post,شركة صيانة دكتات التكييف بالمدينة المنورة,https://www.rukn-eltatawer.com/sa/ac-duct-maintenance-medina/,ac-duct-maintenance-medina,1898,0,23,31,2,57,0,2026-09-03,2026-09-11,b94869f73104d1e8|n=12,boilerplate_overuse,عبارات قالبية متكررة: تجهيزاً مرتباً قبل انتقال أو موسم ذروة | لا نضع رقماً ثابتاً لا يمثّل عقارك | نوضّح ما سيدخل في النطاق وما لن يدخل | حسب الجدولة اليومية، ومن الأحياء التي نصل إليها غالباً
11213,post,شركة صيانة تكييف مركزي بالمدينة المنورة,https://www.rukn-eltatawer.com/sa/central-ac-maintenance-medina/,central-ac-maintenance-medina,1917,0,23,33,2,59,0,2026-09-03,2026-09-11,0caee8aa8f7b72e2|n=12,boilerplate_overuse,عبارات قالبية متكررة: تجهيزاً مرتباً قبل انتقال أو موسم ذروة | لا نضع رقماً ثابتاً لا يمثّل عقارك | نوضّح ما سيدخل في النطاق وما لن يدخل | حسب الجدولة اليومية، ومن الأحياء التي نصل إليها غالباً
13099,post,شركة تعبئة فريون مكيفات بالمدينة المنورة,https://www.rukn-eltatawer.com/sa/ac-freon-refill-medina/,ac-freon-refill-medina,1902,0,23,31,2,57,0,2026-09-03,2026-09-11,9f90e98d4d39a02b|n=12,boilerplate_overuse,عبارات قالبية متكررة: تجهيزاً مرتباً قبل انتقال أو موسم ذروة | لا نضع رقماً ثابتاً لا يمثّل عقارك | نوضّح ما سيدخل في النطاق وما لن يدخل | حسب الجدولة اليومية، ومن الأحياء التي نصل إليها غالباً
13091,post,شركة تركيب وحدات تكييف نافذة بالمدينة المنورة,https://www.rukn-eltatawer.com/sa/window-ac-installation-medina/,window-ac-installation-medina,1962,0,23,31,2,57,0,2026-09-03,2026-09-11,aa101ae03b7eac19|n=12,boilerplate_overuse,عبارات قالبية متكررة: تجهيزاً مرتباً قبل انتقال أو موسم ذروة | لا نضع رقماً ثابتاً لا يمثّل عقارك | نوضّح ما سيدخل في النطاق وما لن يدخل | حسب الجدولة اليومية، ومن الأحياء التي نصل إليها غالباً
13083,post,شركة تركيب مكيفات سبليت بالمدينة المنورة,https://www.rukn-eltatawer.com/sa/split-ac-installation-medina/,split-ac-installation-medina,1884,0,23,31,2,57,0,2026-09-03,2026-09-11,a86475ae9235bd66|n=12,boilerplate_overuse,عبارات قالبية متكررة: تجهيزاً مرتباً قبل انتقال أو موسم ذروة | لا نضع رقماً ثابتاً لا يمثّل عقارك | نوضّح ما سيدخل في النطاق وما لن يدخل | حسب الجدولة اليومية، ومن الأحياء التي نصل إليها غالباً
13131,post,شركة تركيب تكييف مركزي جديد بالمدينة المنورة,https://www.rukn-eltatawer.com/sa/new-central-ac-installation-medina/,new-central-ac-installation-medina,1964,0,23,31,2,57,0,2026-09-03,2026-09-11,010b224ef89998fe|n=12,boilerplate_overuse,عبارات قالبية متكررة: تجهيزاً مرتباً قبل انتقال أو موسم ذروة | لا نضع رقماً ثابتاً لا يمثّل عقارك | نوضّح ما سيدخل في النطاق وما لن يدخل | حسب الجدولة اليومية، ومن الأحياء التي نصل إليها غالباً
12531,post,شركة تركيب أجهزة تكييف طاقة شمسية بالمدينة المنورة,https://www.rukn-eltatawer.com/sa/solar-ac-installation-medina/,solar-ac-installation-medina,2021,0,23,33,2,59,0,2026-09-03,2026-09-11,2cb4bf31173bff6c|n=12,boilerplate_overuse,عبارات قالبية متكررة: تجهيزاً مرتباً قبل انتقال أو موسم ذروة | لا نضع رقماً ثابتاً لا يمثّل عقارك | نوضّح ما سيدخل في النطاق وما لن يدخل | حسب الجدولة اليومية، ومن الأحياء التي نصل إليها غالباً
12563,post,شركة مكافحة النمل الأسود والأحمر بالمدينة المنورة,https://www.rukn-eltatawer.com/sa/ant-control-medina/,ant-control-medina,1938,0,23,32,2,58,0,2026-09-03,2026-09-11,0b2d24b732d0e83c|n=12,boilerplate_overuse,عبارات قالبية متكررة: تجهيزاً مرتباً قبل انتقال أو موسم ذروة | لا نضع رقماً ثابتاً لا يمثّل عقارك | نوضّح ما سيدخل في النطاق وما لن يدخل | حسب الجدولة اليومية، ومن الأحياء التي نصل إليها غالباً
12555,post,شركة مكافحة النمل الأبيض (الرمة) بالمدينة المنورة,https://www.rukn-eltatawer.com/sa/termite-control-medina/,termite-control-medina,1950,0,23,32,2,58,0,2026-09-03,2026-09-11,0764b3dc59b4bcdf|n=12,boilerplate_overuse,عبارات قالبية متكررة: تجهيزاً مرتباً قبل انتقال أو موسم ذروة | لا نضع رقماً ثابتاً لا يمثّل عقارك | نوضّح ما سيدخل في النطاق وما لن يدخل | حسب الجدولة اليومية، ومن الأحياء التي نصل إليها غالباً
12571,post,شركة مكافحة الصراصير بالمدينة المنورة,https://www.rukn-eltatawer.com/sa/cockroach-control-medina/,cockroach-control-medina,1828,0,23,31,2,57,0,2026-09-03,2026-09-11,b211a97c15991778|n=12,boilerplate_overuse,عبارات قالبية متكررة: تجهيزاً مرتباً قبل انتقال أو موسم ذروة | لا نضع رقماً ثابتاً لا يمثّل عقارك | نوضّح ما سيدخل في النطاق وما لن يدخل | حسب الجدولة اليومية، ومن الأحياء التي نصل إليها غالباً
11388,post,شركة عزل خزانات بالدمام,https://www.rukn-eltatawer.com/sa/tank-insulation-dammam/,tank-insulation-dammam,1751,0,23,31,2,57,0,2026-09-03,2026-09-09,ae13e44bca4e2347|n=12,boilerplate_overuse,عبارات قالبية متكررة: تجهيزاً مرتباً قبل انتقال أو موسم ذروة | لا نضع رقماً ثابتاً لا يمثّل عقارك | نوضّح ما سيدخل في النطاق وما لن يدخل | حسب الجدولة اليومية، ومن الأحياء التي نصل إليها غالباً
11387,post,شركة عزل أسطح بالدمام,https://www.rukn-eltatawer.com/sa/roof-insulation-dammam/,roof-insulation-dammam,2085,0,28,33,2,64,0,2026-09-03,2026-09-10,313d0e73396b9674|n=12,boilerplate_overuse,عبارات قالبية متكررة: تجهيزاً مرتباً قبل انتقال أو موسم ذروة | لا نضع رقماً ثابتاً لا يمثّل عقارك | نوضّح ما سيدخل في النطاق وما لن يدخل | حسب الجدولة اليومية، ومن الأحياء التي نصل إليها غالباً
12066,post,شركة تسليك مجاري بمكة المكرمة,https://www.rukn-eltatawer.com/sa/drain-unclogging-mecca/,drain-unclogging-mecca,1803,0,23,33,2,59,0,2026-09-03,2026-09-09,aa575796a4c4f0b6|n=12,boilerplate_overuse,عبارات قالبية متكررة: تجهيزاً مرتباً قبل انتقال أو موسم ذروة | لا نضع رقماً ثابتاً لا يمثّل عقارك | نوضّح ما سيدخل في النطاق وما لن يدخل | حسب الجدولة اليومية، ومن الأحياء التي نصل إليها غالباً
12961,post,شركة كهربائي منازل بجدة,https://www.rukn-eltatawer.com/sa/home-electrician-elec-jeddah/,home-electrician-elec-jeddah,1725,0,23,31,2,57,0,2026-09-03,2026-09-09,78764d24c767351b|n=12,boilerplate_overuse,عبارات قالبية متكررة: تجهيزاً مرتباً قبل انتقال أو موسم ذروة | لا نضع رقماً ثابتاً لا يمثّل عقارك | نوضّح ما سيدخل في النطاق وما لن يدخل | حسب الجدولة اليومية، ومن الأحياء التي نصل إليها غالباً
13041,post,شركة كهربائي طوارئ 24 ساعة بجدة,https://www.rukn-eltatawer.com/sa/24h-emergency-electrician-jeddah/,24h-emergency-electrician-jeddah,1777,0,23,31,2,57,0,2026-09-03,2026-09-09,6f6e8a83c7d5804b|n=12,boilerplate_overuse,عبارات قالبية متكررة: تجهيزاً مرتباً قبل انتقال أو موسم ذروة | لا نضع رقماً ثابتاً لا يمثّل عقارك | نوضّح ما سيدخل في النطاق وما لن يدخل | حسب الجدولة اليومية، ومن الأحياء التي نصل إليها غالباً
13074,post,شركة كشف وإصلاح أعطال السباكة بمكة المكرمة,https://www.rukn-eltatawer.com/sa/plumbing-fault-repair-mecca/,plumbing-fault-repair-mecca,1914,0,23,31,2,57,0,2026-09-03,2026-09-11,90a9e88de1b90d0f|n=12,boilerplate_overuse,عبارات قالبية متكررة: تجهيزاً مرتباً قبل انتقال أو موسم ذروة | لا نضع رقماً ثابتاً لا يمثّل عقارك | نوضّح ما سيدخل في النطاق وما لن يدخل | حسب الجدولة اليومية، ومن الأحياء التي نصل إليها غالباً
13012,post,شركة كشف تسريبات مواسير مياه بالدمام,https://www.rukn-eltatawer.com/sa/water-pipe-leak-detection-dammam/,water-pipe-leak-detection-dammam,2005,0,23,34,2,60,0,2026-09-03,2026-09-09,4080b2229a323df2|n=12,boilerplate_overuse,عبارات قالبية متكررة: تجهيزاً مرتباً قبل انتقال أو موسم ذروة | لا نضع رقماً ثابتاً لا يمثّل عقارك | نوضّح ما سيدخل في النطاق وما لن يدخل | حسب الجدولة اليومية، ومن الأحياء التي نصل إليها غالباً
9290,post,شركة كشف تسربات المياه بالدمام,https://www.rukn-eltatawer.com/sa/water-leak-detection-dammam/,water-leak-detection-dammam,2229,0,28,32,2,63,0,2026-09-03,2026-09-10,aa34b837eea2d037|n=12,boilerplate_overuse,عبارات قالبية متكررة: تجهيزاً مرتباً قبل انتقال أو موسم ذروة | لا نضع رقماً ثابتاً لا يمثّل عقارك | نوضّح ما سيدخل في النطاق وما لن يدخل | حسب الجدولة اليومية، ومن الأحياء التي نصل إليها غالباً
11385,post,شركة كشف تسربات الغاز بالدمام,https://www.rukn-eltatawer.com/sa/gas-leak-detection-dammam/,gas-leak-detection-dammam,1934,0,23,32,2,58,0,2026-09-03,2026-09-09,ded490004b27cb4a|n=12,boilerplate_overuse,عبارات قالبية متكررة: تجهيزاً مرتباً قبل انتقال أو موسم ذروة | لا نضع رقماً ثابتاً لا يمثّل عقارك | نوضّح ما سيدخل في النطاق وما لن يدخل | حسب الجدولة اليومية، ومن الأحياء التي نصل إليها غالباً
11386,post,شركة كشف تسربات التكييف بالدمام,https://www.rukn-eltatawer.com/sa/ac-leak-detection-dammam/,ac-leak-detection-dammam,1933,0,23,32,2,58,0,2026-09-03,2026-09-09,392ef7c6c714b542|n=12,boilerplate_overuse,عبارات قالبية متكررة: تجهيزاً مرتباً قبل انتقال أو موسم ذروة | لا نضع رقماً ثابتاً لا يمثّل عقارك | نوضّح ما سيدخل في النطاق وما لن يدخل | حسب الجدولة اليومية، ومن الأحياء التي نصل إليها غالباً
12985,post,شركة كشف أعطال كهرباء بجدة,https://www.rukn-eltatawer.com/sa/electrical-fault-detection-jeddah/,electrical-fault-detection-jeddah,1809,0,23,33,2,59,0,2026-09-03,2026-09-09,a31eb2404cd1faab|n=12,boilerplate_overuse,عبارات قالبية متكررة: تجهيزاً مرتباً قبل انتقال أو موسم ذروة | لا نضع رقماً ثابتاً لا يمثّل عقارك | نوضّح ما سيدخل في النطاق وما لن يدخل | حسب الجدولة اليومية، ومن الأحياء التي نصل إليها غالباً
13026,post,شركة صيانة مواسير صرف صحي بمكة المكرمة,https://www.rukn-eltatawer.com/sa/drainage-pipe-maintenance-mecca/,drainage-pipe-maintenance-mecca,1925,0,23,32,2,58,0,2026-09-03,2026-09-11,6bec2b87bd0a8b85|n=12,boilerplate_overuse,عبارات قالبية متكررة: تجهيزاً مرتباً قبل انتقال أو موسم ذروة | لا نضع رقماً ثابتاً لا يمثّل عقارك | نوضّح ما سيدخل في النطاق وما لن يدخل | حسب الجدولة اليومية، ومن الأحياء التي نصل إليها غالباً
11176,post,شركة صيانة مكانس كهربائية بجدة,https://www.rukn-eltatawer.com/sa/vacuum-maintenance-jeddah/,vacuum-maintenance-jeddah,1775,0,23,31,2,57,0,2026-09-03,2026-09-09,3734ff0c5098d9ca|n=12,boilerplate_overuse,عبارات قالبية متكررة: تجهيزاً مرتباً قبل انتقال أو موسم ذروة | لا نضع رقماً ثابتاً لا يمثّل عقارك | نوضّح ما سيدخل في النطاق وما لن يدخل | حسب الجدولة اليومية، ومن الأحياء التي نصل إليها غالباً
13058,post,شركة صيانة مضخات مياه بمكة المكرمة,https://www.rukn-eltatawer.com/sa/water-pump-maintenance-mecca/,water-pump-maintenance-mecca,1861,0,23,32,2,58,0,2026-09-03,2026-09-11,0083b8be22ddd0a5|n=12,boilerplate_overuse,عبارات قالبية متكررة: تجهيزاً مرتباً قبل انتقال أو موسم ذروة | لا نضع رقماً ثابتاً لا يمثّل عقارك | نوضّح ما سيدخل في النطاق وما لن يدخل | حسب الجدولة اليومية، ومن الأحياء التي نصل إليها غالباً
12969,post,شركة صيانة لوحات كهرباء بجدة,https://www.rukn-eltatawer.com/sa/electric-panel-maintenance-jeddah/,electric-panel-maintenance-jeddah,1796,0,23,33,2,59,0,2026-09-03,2026-09-09,73bfa620cfbc62ae|n=12,boilerplate_overuse,عبارات قالبية متكررة: تجهيزاً مرتباً قبل انتقال أو موسم ذروة | لا نضع رقماً ثابتاً لا يمثّل عقارك | نوضّح ما سيدخل في النطاق وما لن يدخل | حسب الجدولة اليومية، ومن الأحياء التي نصل إليها غالباً
11159,post,شركة صيانة كهرباء بجدة,https://www.rukn-eltatawer.com/sa/electrical-maintenance-jeddah/,electrical-maintenance-jeddah,1722,0,23,31,2,57,0,2026-09-03,2026-09-09,649b3eca568bdba0|n=12,boilerplate_overuse,عبارات قالبية متكررة: تجهيزاً مرتباً قبل انتقال أو موسم ذروة | لا نضع رقماً ثابتاً لا يمثّل عقارك | نوضّح ما سيدخل في النطاق وما لن يدخل | حسب الجدولة اليومية، ومن الأحياء التي نصل إليها غالباً
11200,post,شركة صيانة سخانات بمكة المكرمة,https://www.rukn-eltatawer.com/sa/water-heater-maintenance-mecca/,water-heater-maintenance-mecca,1806,0,23,33,2,59,0,2026-09-03,2026-09-11,76404d961980705f|n=12,boilerplate_overuse,عبارات قالبية متكررة: تجهيزاً مرتباً قبل انتقال أو موسم ذروة | لا نضع رقماً ثابتاً لا يمثّل عقارك | نوضّح ما سيدخل في النطاق وما لن يدخل | حسب الجدولة اليومية، ومن الأحياء التي نصل إليها غالباً
11186,post,شركة صيانة سباكة بمكة المكرمة,https://www.rukn-eltatawer.com/sa/plumbing-maintenance-mecca/,plumbing-maintenance-mecca,1821,0,23,33,2,59,0,2026-09-03,2026-09-11,fbf3d2e2413b7ee6|n=12,boilerplate_overuse,عبارات قالبية متكررة: تجهيزاً مرتباً قبل انتقال أو موسم ذروة | لا نضع رقماً ثابتاً لا يمثّل عقارك | نوضّح ما سيدخل في النطاق وما لن يدخل | حسب الجدولة اليومية، ومن الأحياء التي نصل إليها غالباً
11169,post,شركة صيانة الأجهزة الكهربائية بجدة,https://www.rukn-eltatawer.com/sa/appliance-maintenance-jeddah/,appliance-maintenance-jeddah,1777,0,23,31,2,57,0,2026-09-03,2026-09-09,f39e7f90a8d41b86|n=12,boilerplate_overuse,عبارات قالبية متكررة: تجهيزاً مرتباً قبل انتقال أو موسم ذروة | لا نضع رقماً ثابتاً لا يمثّل عقارك | نوضّح ما سيدخل في النطاق وما لن يدخل | حسب الجدولة اليومية، ومن الأحياء التي نصل إليها غالباً
13002,post,شركة سباك منازل بمكة المكرمة,https://www.rukn-eltatawer.com/sa/home-plumber-elec-mecca/,home-plumber-elec-mecca,1789,0,23,31,2,57,0,2026-09-03,2026-09-11,1cb5cb54a77f9360|n=12,boilerplate_overuse,عبارات قالبية متكررة: تجهيزاً مرتباً قبل انتقال أو موسم ذروة | لا نضع رقماً ثابتاً لا يمثّل عقارك | نوضّح ما سيدخل في النطاق وما لن يدخل | حسب الجدولة اليومية، ومن الأحياء التي نصل إليها غالباً
12929,post,شركة رش بويات كهربائي بجدة,https://www.rukn-eltatawer.com/sa/electric-spray-painting-jeddah/,electric-spray-painting-jeddah,1809,0,23,33,2,59,0,2026-09-03,2026-09-09,9428ebb0e8031159|n=12,boilerplate_overuse,عبارات قالبية متكررة: تجهيزاً مرتباً قبل انتقال أو موسم ذروة | لا نضع رقماً ثابتاً لا يمثّل عقارك | نوضّح ما سيدخل في النطاق وما لن يدخل | حسب الجدولة اليومية، ومن الأحياء التي نصل إليها غالباً
10957,post,شركة تنظيف وتعقيم شامل بالمدينة المنورة,https://www.rukn-eltatawer.com/sa/deep-cleaning-medina/,deep-cleaning-medina,1908,0,23,33,2,59,0,2026-09-03,2026-09-11,7ab2511eee19b0b3|n=12,boilerplate_overuse,عبارات قالبية متكررة: تجهيزاً مرتباً قبل انتقال أو موسم ذروة | لا نضع رقماً ثابتاً لا يمثّل عقارك | نوضّح ما سيدخل في النطاق وما لن يدخل | حسب الجدولة اليومية، ومن الأحياء التي نصل إليها غالباً
10934,post,شركة تنظيف منازل بالمدينة المنورة,https://www.rukn-eltatawer.com/sa/home-cleaning-medina/,home-cleaning-medina,1816,0,23,31,2,57,0,2026-09-03,2026-09-11,1e2b29f4e80af70e|n=12,boilerplate_overuse,عبارات قالبية متكررة: تجهيزاً مرتباً قبل انتقال أو موسم ذروة | لا نضع رقماً ثابتاً لا يمثّل عقارك | نوضّح ما سيدخل في النطاق وما لن يدخل | حسب الجدولة اليومية، ومن الأحياء التي نصل إليها غالباً
10950,post,شركة تنظيف كنب بالمدينة المنورة,https://www.rukn-eltatawer.com/sa/sofa-cleaning-medina/,sofa-cleaning-medina,1774,0,23,30,2,56,0,2026-09-03,2026-09-11,bbac4ff436b2ecc7|n=12,boilerplate_overuse,عبارات قالبية متكررة: تجهيزاً مرتباً قبل انتقال أو موسم ذروة | لا نضع رقماً ثابتاً لا يمثّل عقارك | نوضّح ما سيدخل في النطاق وما لن يدخل | حسب الجدولة اليومية، ومن الأحياء التي نصل إليها غالباً
10936,post,شركة تنظيف فلل بالمدينة المنورة,https://www.rukn-eltatawer.com/sa/villa-cleaning-medina/,villa-cleaning-medina,1837,0,23,33,2,59,0,2026-09-03,2026-09-11,04145549da01d869|n=12,boilerplate_overuse,عبارات قالبية متكررة: تجهيزاً مرتباً قبل انتقال أو موسم ذروة | لا نضع رقماً ثابتاً لا يمثّل عقارك | نوضّح ما سيدخل في النطاق وما لن يدخل | حسب الجدولة اليومية، ومن الأحياء التي نصل إليها غالباً
10935,post,شركة تنظيف شقق بالمدينة المنورة,https://www.rukn-eltatawer.com/sa/apartment-cleaning-medina/,apartment-cleaning-medina,1849,0,23,33,2,59,0,2026-09-03,2026-09-11,60cfa4cb824ec780|n=12,boilerplate_overuse,عبارات قالبية متكررة: تجهيزاً مرتباً قبل انتقال أو موسم ذروة | لا نضع رقماً ثابتاً لا يمثّل عقارك | نوضّح ما سيدخل في النطاق وما لن يدخل | حسب الجدولة اليومية، ومن الأحياء التي نصل إليها غالباً
10948,post,شركة تنظيف سجاد بالمدينة المنورة,https://www.rukn-eltatawer.com/sa/carpet-cleaning-medina/,carpet-cleaning-medina,1839,0,23,33,2,59,0,2026-09-03,2026-09-11,659da29593b7005d|n=12,boilerplate_overuse,عبارات قالبية متكررة: تجهيزاً مرتباً قبل انتقال أو موسم ذروة | لا نضع رقماً ثابتاً لا يمثّل عقارك | نوضّح ما سيدخل في النطاق وما لن يدخل | حسب الجدولة اليومية، ومن الأحياء التي نصل إليها غالباً
10875,post,شركة تنظيف أرضيات رخام وجلي رخام بالرياض,https://www.rukn-eltatawer.com/sa/marble-polishing-riyadh/,marble-polishing-riyadh,1938,0,23,33,2,59,0,2026-09-03,2026-09-11,1a973d20792343fc|n=12,boilerplate_overuse,عبارات قالبية متكررة: تجهيزاً مرتباً قبل انتقال أو موسم ذروة | لا نضع رقماً ثابتاً لا يمثّل عقارك | نوضّح ما سيدخل في النطاق وما لن يدخل | حسب الجدولة اليومية، ومن الأحياء التي نصل إليها غالباً
12977,post,شركة تمديدات كهربائية جديدة بجدة,https://www.rukn-eltatawer.com/sa/new-electrical-wiring-jeddah/,new-electrical-wiring-jeddah,1795,0,23,33,2,59,0,2026-09-03,2026-09-09,91bc0d807d77942c|n=12,boilerplate_overuse,عبارات قالبية متكررة: تجهيزاً مرتباً قبل انتقال أو موسم ذروة | لا نضع رقماً ثابتاً لا يمثّل عقارك | نوضّح ما سيدخل في النطاق وما لن يدخل | حسب الجدولة اليومية، ومن الأحياء التي نصل إليها غالباً
11204,post,شركة تركيب وصيانة مضخات مياه وصرف صحي بمكة المكرمة,https://www.rukn-eltatawer.com/sa/water-pumps-mecca/,water-pumps-mecca,2041,0,23,30,2,56,0,2026-09-03,2026-09-11,70a3178bdb517a8d|n=12,boilerplate_overuse,عبارات قالبية متكررة: تجهيزاً مرتباً قبل انتقال أو موسم ذروة | لا نضع رقماً ثابتاً لا يمثّل عقارك | نوضّح ما سيدخل في النطاق وما لن يدخل | حسب الجدولة اليومية، ومن الأحياء التي نصل إليها غالباً
13066,post,شركة تركيب وصيانة سخانات مركزية بمكة المكرمة,https://www.rukn-eltatawer.com/sa/central-heater-installation-maintenance-mecca/,central-heater-installation-maintenance-mecca,1927,0,23,33,2,59,0,2026-09-03,2026-09-11,b3eb979a31f0c710|n=12,boilerplate_overuse,عبارات قالبية متكررة: تجهيزاً مرتباً قبل انتقال أو موسم ذروة | لا نضع رقماً ثابتاً لا يمثّل عقارك | نوضّح ما سيدخل في النطاق وما لن يدخل | حسب الجدولة اليومية، ومن الأحياء التي نصل إليها غالباً
13018,post,شركة تركيب سخانات مياه بمكة المكرمة,https://www.rukn-eltatawer.com/sa/water-heater-installation-mecca/,water-heater-installation-mecca,1864,0,23,31,2,57,0,2026-09-03,2026-09-11,c3ddf4d6cfc88ee0|n=12,boilerplate_overuse,عبارات قالبية متكررة: تجهيزاً مرتباً قبل انتقال أو موسم ذروة | لا نضع رقماً ثابتاً لا يمثّل عقارك | نوضّح ما سيدخل في النطاق وما لن يدخل | حسب الجدولة اليومية، ومن الأحياء التي نصل إليها غالباً
12522,post,شركة تركيب سخانات طاقة شمسية بمكة المكرمة,https://www.rukn-eltatawer.com/sa/solar-water-heaters-mecca/,solar-water-heaters-mecca,1924,0,23,33,2,59,0,2026-09-03,2026-09-11,04145549da01d869|n=12,boilerplate_overuse,عبارات قالبية متكررة: تجهيزاً مرتباً قبل انتقال أو موسم ذروة | لا نضع رقماً ثابتاً لا يمثّل عقارك | نوضّح ما سيدخل في النطاق وما لن يدخل | حسب الجدولة اليومية، ومن الأحياء التي نصل إليها غالباً
12993,post,شركة تركيب إنارة داخلية وخارجية بجدة,https://www.rukn-eltatawer.com/sa/indoor-outdoor-lighting-installation-jeddah/,indoor-outdoor-lighting-installation-jeddah,1838,0,23,31,2,57,0,2026-09-03,2026-09-09,aa34b837eea2d037|n=12,boilerplate_overuse,عبارات قالبية متكررة: تجهيزاً مرتباً قبل انتقال أو موسم ذروة | لا نضع رقماً ثابتاً لا يمثّل عقارك | نوضّح ما سيدخل في النطاق وما لن يدخل | حسب الجدولة اليومية، ومن الأحياء التي نصل إليها غالباً
13050,post,شركة تأسيس كهرباء وسباكة لمبنى جديد بمكة المكرمة,https://www.rukn-eltatawer.com/sa/new-building-electrical-plumbing-mecca/,new-building-electrical-plumbing-mecca,2012,0,23,33,2,59,0,2026-09-03,2026-09-11,e8b0eb779ba1fd4e|n=12,boilerplate_overuse,عبارات قالبية متكررة: تجهيزاً مرتباً قبل انتقال أو موسم ذروة | لا نضع رقماً ثابتاً لا يمثّل عقارك | نوضّح ما سيدخل في النطاق وما لن يدخل | حسب الجدولة اليومية، ومن الأحياء التي نصل إليها غالباً
12675,post,شركة التعقيم بالكلور بالمدينة المنورة,https://www.rukn-eltatawer.com/sa/chlorine-disinfection-medina/,chlorine-disinfection-medina,1798,0,23,30,2,56,0,2026-09-03,2026-09-11,a4742207a3e0f53e|n=12,boilerplate_overuse,عبارات قالبية متكررة: تجهيزاً مرتباً قبل انتقال أو موسم ذروة | لا نضع رقماً ثابتاً لا يمثّل عقارك | نوضّح ما سيدخل في النطاق وما لن يدخل | حسب الجدولة اليومية، ومن الأحياء التي نصل إليها غالباً
12667,post,شركة التعقيم بالبخار بالمدينة المنورة,https://www.rukn-eltatawer.com/sa/steam-disinfection-medina/,steam-disinfection-medina,1813,0,23,30,2,56,0,2026-09-03,2026-09-11,69658cddc62d3fc2|n=12,boilerplate_overuse,عبارات قالبية متكررة: تجهيزاً مرتباً قبل انتقال أو موسم ذروة | لا نضع رقماً ثابتاً لا يمثّل عقارك | نوضّح ما سيدخل في النطاق وما لن يدخل | حسب الجدولة اليومية، ومن الأحياء التي نصل إليها غالباً
12683,post,شركة التعقيم بالأوزون بالمدينة المنورة,https://www.rukn-eltatawer.com/sa/ozone-disinfection-medina/,ozone-disinfection-medina,1819,0,23,32,2,58,0,2026-09-03,2026-09-11,adaf80f389ebb656|n=12,boilerplate_overuse,عبارات قالبية متكررة: تجهيزاً مرتباً قبل انتقال أو موسم ذروة | لا نضع رقماً ثابتاً لا يمثّل عقارك | نوضّح ما سيدخل في النطاق وما لن يدخل | حسب الجدولة اليومية، ومن الأحياء التي نصل إليها غالباً
12689,post,سباك منازل بجدة,https://www.rukn-eltatawer.com/sa/home-plumber-jeddah/,home-plumber-jeddah,1738,0,23,33,2,59,0,2026-09-03,2026-09-09,99887d5c64bc6a9f|n=12,boilerplate_overuse,عبارات قالبية متكررة: تجهيزاً مرتباً قبل انتقال أو موسم ذروة | لا نضع رقماً ثابتاً لا يمثّل عقارك | نوضّح ما سيدخل في النطاق وما لن يدخل | حسب الجدولة اليومية، ومن الأحياء التي نصل إليها غالباً
12753,post,فني تركيب وصيانة تكييف بجدة,https://www.rukn-eltatawer.com/sa/ac-tech-jeddah/,ac-tech-jeddah,1796,0,23,31,2,57,0,2026-09-03,2026-09-11,aa34b837eea2d037|n=12,boilerplate_overuse,عبارات قالبية متكررة: تجهيزاً مرتباً قبل انتقال أو موسم ذروة | لا نضع رقماً ثابتاً لا يمثّل عقارك | نوضّح ما سيدخل في النطاق وما لن يدخل | حسب الجدولة اليومية، ومن الأحياء التي نصل إليها غالباً
13106,post,شركة غسيل وتنظيف مكيفات بمكة المكرمة,https://www.rukn-eltatawer.com/sa/ac-cleaning-washing-mecca/,ac-cleaning-washing-mecca,1860,0,23,31,2,57,0,2026-09-03,2026-09-09,47a7724d18dc2bcb|n=12,boilerplate_overuse|intent_mismatch,عبارات قالبية متكررة: تجهيزاً مرتباً قبل انتقال أو موسم ذروة | لا نضع رقماً ثابتاً لا يمثّل عقارك | نوضّح ما سيدخل في النطاق وما لن يدخل | حسب الجدولة اليومية، ومن الأحياء التي نصل إليها غالباً || عنوان عن تكييف بينما النص/الأسئلة تتحدث عن تنظيف منازل أو رخام وخشب
13154,post,شركة عقود صيانة تكييف دورية بمكة المكرمة,https://www.rukn-eltatawer.com/sa/ac-periodic-maintenance-contracts-mecca/,ac-periodic-maintenance-contracts-mecca,1962,0,23,33,2,59,0,2026-09-03,2026-09-09,3129ee69ab326682|n=12,boilerplate_overuse,عبارات قالبية متكررة: تجهيزاً مرتباً قبل انتقال أو موسم ذروة | لا نضع رقماً ثابتاً لا يمثّل عقارك | نوضّح ما سيدخل في النطاق وما لن يدخل | حسب الجدولة اليومية، ومن الأحياء التي نصل إليها غالباً
11188,post,شركة صيانة مكيفات سبليت بمكة المكرمة,https://www.rukn-eltatawer.com/sa/split-ac-maintenance-mecca/,split-ac-maintenance-mecca,1868,0,23,31,2,57,0,2026-09-03,2026-09-11,dd702c3cfa848112|n=12,boilerplate_overuse,عبارات قالبية متكررة: تجهيزاً مرتباً قبل انتقال أو موسم ذروة | لا نضع رقماً ثابتاً لا يمثّل عقارك | نوضّح ما سيدخل في النطاق وما لن يدخل | حسب الجدولة اليومية، ومن الأحياء التي نصل إليها غالباً
13122,post,شركة صيانة دكتات التكييف بمكة المكرمة,https://www.rukn-eltatawer.com/sa/ac-duct-maintenance-mecca/,ac-duct-maintenance-mecca,1881,0,23,31,2,57,0,2026-09-03,2026-09-09,3e1cc04c26829478|n=12,boilerplate_overuse,عبارات قالبية متكررة: تجهيزاً مرتباً قبل انتقال أو موسم ذروة | لا نضع رقماً ثابتاً لا يمثّل عقارك | نوضّح ما سيدخل في النطاق وما لن يدخل | حسب الجدولة اليومية، ومن الأحياء التي نصل إليها غالباً
11187,post,شركة صيانة تكييف مركزي بمكة المكرمة,https://www.rukn-eltatawer.com/sa/central-ac-maintenance-mecca/,central-ac-maintenance-mecca,1885,0,23,33,2,59,0,2026-09-03,2026-09-11,2abae143896f545c|n=12,boilerplate_overuse,عبارات قالبية متكررة: تجهيزاً مرتباً قبل انتقال أو موسم ذروة | لا نضع رقماً ثابتاً لا يمثّل عقارك | نوضّح ما سيدخل في النطاق وما لن يدخل | حسب الجدولة اليومية، ومن الأحياء التي نصل إليها غالباً
13098,post,شركة تعبئة فريون مكيفات بمكة المكرمة,https://www.rukn-eltatawer.com/sa/ac-freon-refill-mecca/,ac-freon-refill-mecca,1902,0,23,33,2,59,0,2026-09-03,2026-09-09,167227e8ab025299|n=12,boilerplate_overuse,عبارات قالبية متكررة: تجهيزاً مرتباً قبل انتقال أو موسم ذروة | لا نضع رقماً ثابتاً لا يمثّل عقارك | نوضّح ما سيدخل في النطاق وما لن يدخل | حسب الجدولة اليومية، ومن الأحياء التي نصل إليها غالباً
13090,post,شركة تركيب وحدات تكييف نافذة بمكة المكرمة,https://www.rukn-eltatawer.com/sa/window-ac-installation-mecca/,window-ac-installation-mecca,1965,0,23,33,2,59,0,2026-09-03,2026-09-09,a332797d85aedea8|n=12,boilerplate_overuse,عبارات قالبية متكررة: تجهيزاً مرتباً قبل انتقال أو موسم ذروة | لا نضع رقماً ثابتاً لا يمثّل عقارك | نوضّح ما سيدخل في النطاق وما لن يدخل | حسب الجدولة اليومية، ومن الأحياء التي نصل إليها غالباً
13082,post,شركة تركيب مكيفات سبليت بمكة المكرمة,https://www.rukn-eltatawer.com/sa/split-ac-installation-mecca/,split-ac-installation-mecca,1904,0,23,33,2,59,0,2026-09-03,2026-09-09,134441a26205d035|n=12,boilerplate_overuse,عبارات قالبية متكررة: تجهيزاً مرتباً قبل انتقال أو موسم ذروة | لا نضع رقماً ثابتاً لا يمثّل عقارك | نوضّح ما سيدخل في النطاق وما لن يدخل | حسب الجدولة اليومية، ومن الأحياء التي نصل إليها غالباً
13130,post,شركة تركيب تكييف مركزي جديد بمكة المكرمة,https://www.rukn-eltatawer.com/sa/new-central-ac-installation-mecca/,new-central-ac-installation-mecca,1946,0,23,31,2,57,0,2026-09-03,2026-09-09,7a871ee129bf8e26|n=12,boilerplate_overuse,عبارات قالبية متكررة: تجهيزاً مرتباً قبل انتقال أو موسم ذروة | لا نضع رقماً ثابتاً لا يمثّل عقارك | نوضّح ما سيدخل في النطاق وما لن يدخل | حسب الجدولة اليومية، ومن الأحياء التي نصل إليها غالباً
12530,post,شركة تركيب أجهزة تكييف طاقة شمسية بمكة المكرمة,https://www.rukn-eltatawer.com/sa/solar-ac-installation-mecca/,solar-ac-installation-mecca,2013,0,23,31,2,57,0,2026-09-03,2026-09-09,dbd64836341ac2fd|n=12,boilerplate_overuse,عبارات قالبية متكررة: تجهيزاً مرتباً قبل انتقال أو موسم ذروة | لا نضع رقماً ثابتاً لا يمثّل عقارك | نوضّح ما سيدخل في النطاق وما لن يدخل | حسب الجدولة اليومية، ومن الأحياء التي نصل إليها غالباً
12562,post,شركة مكافحة النمل الأسود والأحمر بمكة المكرمة,https://www.rukn-eltatawer.com/sa/ant-control-mecca/,ant-control-mecca,1895,0,23,32,2,58,0,2026-09-03,2026-09-11,04145549da01d869|n=12,boilerplate_overuse,عبارات قالبية متكررة: تجهيزاً مرتباً قبل انتقال أو موسم ذروة | لا نضع رقماً ثابتاً لا يمثّل عقارك | نوضّح ما سيدخل في النطاق وما لن يدخل | حسب الجدولة اليومية، ومن الأحياء التي نصل إليها غالباً
12554,post,شركة مكافحة النمل الأبيض (الرمة) بمكة المكرمة,https://www.rukn-eltatawer.com/sa/termite-control-mecca/,termite-control-mecca,1925,0,23,32,2,58,0,2026-09-03,2026-09-11,0764b3dc59b4bcdf|n=12,boilerplate_overuse,عبارات قالبية متكررة: تجهيزاً مرتباً قبل انتقال أو موسم ذروة | لا نضع رقماً ثابتاً لا يمثّل عقارك | نوضّح ما سيدخل في النطاق وما لن يدخل | حسب الجدولة اليومية، ومن الأحياء التي نصل إليها غالباً
12570,post,شركة مكافحة الصراصير بمكة المكرمة,https://www.rukn-eltatawer.com/sa/cockroach-control-mecca/,cockroach-control-mecca,1810,0,23,31,2,57,0,2026-09-03,2026-09-11,fbd218f6c1aa6eb7|n=12,boilerplate_overuse,عبارات قالبية متكررة: تجهيزاً مرتباً قبل انتقال أو موسم ذروة | لا نضع رقماً ثابتاً لا يمثّل عقارك | نوضّح ما سيدخل في النطاق وما لن يدخل | حسب الجدولة اليومية، ومن الأحياء التي نصل إليها غالباً
11377,post,شركة عزل خزانات بالمدينة المنورة,https://www.rukn-eltatawer.com/sa/tank-insulation-medina/,tank-insulation-medina,1855,0,23,31,2,57,0,2026-09-03,2026-09-09,8f36d5b69b60e7ad|n=12,boilerplate_overuse,عبارات قالبية متكررة: تجهيزاً مرتباً قبل انتقال أو موسم ذروة | لا نضع رقماً ثابتاً لا يمثّل عقارك | نوضّح ما سيدخل في النطاق وما لن يدخل | حسب الجدولة اليومية، ومن الأحياء التي نصل إليها غالباً
11376,post,شركة عزل أسطح بالمدينة المنورة,https://www.rukn-eltatawer.com/sa/roof-insulation-medina/,roof-insulation-medina,2192,0,28,33,2,64,0,2026-09-03,2026-09-10,47b2e856ca2dee55|n=12,boilerplate_overuse,عبارات قالبية متكررة: تجهيزاً مرتباً قبل انتقال أو موسم ذروة | لا نضع رقماً ثابتاً لا يمثّل عقارك | نوضّح ما سيدخل في النطاق وما لن يدخل | حسب الجدولة اليومية، ومن الأحياء التي نصل إليها غالباً
12065,post,شركة تسليك مجاري بجدة,https://www.rukn-eltatawer.com/sa/drain-unclogging-jeddah/,drain-unclogging-jeddah,2039,0,28,33,2,64,0,2026-09-03,2026-09-10,47c25c09cf9c7806|n=12,boilerplate_overuse,عبارات قالبية متكررة: تجهيزاً مرتباً قبل انتقال أو موسم ذروة | لا نضع رقماً ثابتاً لا يمثّل عقارك | نوضّح ما سيدخل في النطاق وما لن يدخل | حسب الجدولة اليومية، ومن الأحياء التي نصل إليها غالباً
12696,post,كهربائي منازل بالرياض,https://www.rukn-eltatawer.com/sa/home-electrician-riyadh/,home-electrician-riyadh,1722,0,23,31,2,57,0,2026-09-03,2026-09-09,15f245920c90bde3|n=12,boilerplate_overuse,عبارات قالبية متكررة: تجهيزاً مرتباً قبل انتقال أو موسم ذروة | لا نضع رقماً ثابتاً لا يمثّل عقارك | نوضّح ما سيدخل في النطاق وما لن يدخل | حسب الجدولة اليومية، ومن الأحياء التي نصل إليها غالباً
12472,post,شركة نقل عفش مع التغليف بالرياض,https://www.rukn-eltatawer.com/sa/furniture-moving-packaging-riyadh/,furniture-moving-packaging-riyadh,2182,0,28,33,2,64,0,2026-09-03,2026-09-10,ab6f1c6341a9d840|n=12,boilerplate_overuse,عبارات قالبية متكررة: تجهيزاً مرتباً قبل انتقال أو موسم ذروة | لا نضع رقماً ثابتاً لا يمثّل عقارك | نوضّح ما سيدخل في النطاق وما لن يدخل | حسب الجدولة اليومية، ومن الأحياء التي نصل إليها غالباً
12456,post,شركة نقل أثاث داخلي بالرياض,https://www.rukn-eltatawer.com/sa/indoor-moving-riyadh/,indoor-moving-riyadh,1796,0,23,31,2,57,0,2026-09-03,2026-09-09,889eabaf36fec17e|n=12,boilerplate_overuse,عبارات قالبية متكررة: تجهيزاً مرتباً قبل انتقال أو موسم ذروة | لا نضع رقماً ثابتاً لا يمثّل عقارك | نوضّح ما سيدخل في النطاق وما لن يدخل | حسب الجدولة اليومية، ومن الأحياء التي نصل إليها غالباً
12464,post,شركة نقل أثاث خارجي بالرياض,https://www.rukn-eltatawer.com/sa/outdoor-moving-riyadh/,outdoor-moving-riyadh,1816,0,23,33,2,59,0,2026-09-03,2026-09-09,caea7312dc05f02e|n=12,boilerplate_overuse,عبارات قالبية متكررة: تجهيزاً مرتباً قبل انتقال أو موسم ذروة | لا نضع رقماً ثابتاً لا يمثّل عقارك | نوضّح ما سيدخل في النطاق وما لن يدخل | حسب الجدولة اليومية، ومن الأحياء التي نصل إليها غالباً
13073,post,شركة كشف وإصلاح أعطال السباكة بجدة,https://www.rukn-eltatawer.com/sa/plumbing-fault-repair-jeddah/,plumbing-fault-repair-jeddah,1844,0,23,31,2,57,0,2026-09-03,2026-09-09,aa34b837eea2d037|n=12,boilerplate_overuse,عبارات قالبية متكررة: تجهيزاً مرتباً قبل انتقال أو موسم ذروة | لا نضع رقماً ثابتاً لا يمثّل عقارك | نوضّح ما سيدخل في النطاق وما لن يدخل | حسب الجدولة اليومية، ومن الأحياء التي نصل إليها غالباً
13011,post,شركة كشف تسريبات مواسير مياه بالمدينة المنورة,https://www.rukn-eltatawer.com/sa/water-pipe-leak-detection-medina/,water-pipe-leak-detection-medina,2121,0,23,34,2,60,0,2026-09-03,2026-09-09,f066fded208e0ccd|n=12,boilerplate_overuse,عبارات قالبية متكررة: تجهيزاً مرتباً قبل انتقال أو موسم ذروة | لا نضع رقماً ثابتاً لا يمثّل عقارك | نوضّح ما سيدخل في النطاق وما لن يدخل | حسب الجدولة اليومية، ومن الأحياء التي نصل إليها غالباً
11373,post,شركة كشف تسربات المياه بالمدينة المنورة,https://www.rukn-eltatawer.com/sa/water-leak-detection-medina/,water-leak-detection-medina,2351,0,28,34,2,65,0,2026-09-03,2026-09-10,86ff28e91b375874|n=12,boilerplate_overuse,عبارات قالبية متكررة: تجهيزاً مرتباً قبل انتقال أو موسم ذروة | لا نضع رقماً ثابتاً لا يمثّل عقارك | نوضّح ما سيدخل في النطاق وما لن يدخل | حسب الجدولة اليومية، ومن الأحياء التي نصل إليها غالباً
11374,post,شركة كشف تسربات الغاز بالمدينة المنورة,https://www.rukn-eltatawer.com/sa/gas-leak-detection-medina/,gas-leak-detection-medina,2039,0,23,34,2,60,0,2026-09-03,2026-09-09,0c7f049ad3edd369|n=12,boilerplate_overuse,عبارات قالبية متكررة: تجهيزاً مرتباً قبل انتقال أو موسم ذروة | لا نضع رقماً ثابتاً لا يمثّل عقارك | نوضّح ما سيدخل في النطاق وما لن يدخل | حسب الجدولة اليومية، ومن الأحياء التي نصل إليها غالباً
11375,post,شركة كشف تسربات التكييف بالمدينة المنورة,https://www.rukn-eltatawer.com/sa/ac-leak-detection-medina/,ac-leak-detection-medina,2042,0,23,34,2,60,0,2026-09-03,2026-09-11,be14b843cd99d1eb|n=12,boilerplate_overuse,عبارات قالبية متكررة: تجهيزاً مرتباً قبل انتقال أو موسم ذروة | لا نضع رقماً ثابتاً لا يمثّل عقارك | نوضّح ما سيدخل في النطاق وما لن يدخل | حسب الجدولة اليومية، ومن الأحياء التي نصل إليها غالباً
13025,post,شركة صيانة مواسير صرف صحي بجدة,https://www.rukn-eltatawer.com/sa/drainage-pipe-maintenance-jeddah/,drainage-pipe-maintenance-jeddah,1839,0,23,30,2,56,0,2026-09-03,2026-09-09,e818481d2a604779|n=12,boilerplate_overuse,عبارات قالبية متكررة: تجهيزاً مرتباً قبل انتقال أو موسم ذروة | لا نضع رقماً ثابتاً لا يمثّل عقارك | نوضّح ما سيدخل في النطاق وما لن يدخل | حسب الجدولة اليومية، ومن الأحياء التي نصل إليها غالباً
13057,post,شركة صيانة مضخات مياه بجدة,https://www.rukn-eltatawer.com/sa/water-pump-maintenance-jeddah/,water-pump-maintenance-jeddah,1790,0,23,32,2,58,0,2026-09-03,2026-09-09,34899f28fd678504|n=12,boilerplate_overuse,عبارات قالبية متكررة: تجهيزاً مرتباً قبل انتقال أو موسم ذروة | لا نضع رقماً ثابتاً لا يمثّل عقارك | نوضّح ما سيدخل في النطاق وما لن يدخل | حسب الجدولة اليومية، ومن الأحياء التي نصل إليها غالباً
11174,post,شركة صيانة سخانات بجدة,https://www.rukn-eltatawer.com/sa/water-heater-maintenance-jeddah/,water-heater-maintenance-jeddah,1722,0,23,31,2,57,0,2026-09-03,2026-09-11,b528ae2a8ed25a87|n=12,boilerplate_overuse,عبارات قالبية متكررة: تجهيزاً مرتباً قبل انتقال أو موسم ذروة | لا نضع رقماً ثابتاً لا يمثّل عقارك | نوضّح ما سيدخل في النطاق وما لن يدخل | حسب الجدولة اليومية، ومن الأحياء التي نصل إليها غالباً
11160,post,شركة صيانة سباكة بجدة,https://www.rukn-eltatawer.com/sa/plumbing-maintenance-jeddah/,plumbing-maintenance-jeddah,1735,0,23,31,2,57,0,2026-09-03,2026-09-11,23012c98abfb25a1|n=12,boilerplate_overuse,عبارات قالبية متكررة: تجهيزاً مرتباً قبل انتقال أو موسم ذروة | لا نضع رقماً ثابتاً لا يمثّل عقارك | نوضّح ما سيدخل في النطاق وما لن يدخل | حسب الجدولة اليومية، ومن الأحياء التي نصل إليها غالباً
13001,post,شركة سباك منازل بجدة,https://www.rukn-eltatawer.com/sa/home-plumber-elec-jeddah/,home-plumber-elec-jeddah,1741,0,23,33,2,59,0,2026-09-03,2026-09-09,06fc94871f2c3a3b|n=12,boilerplate_overuse,عبارات قالبية متكررة: تجهيزاً مرتباً قبل انتقال أو موسم ذروة | لا نضع رقماً ثابتاً لا يمثّل عقارك | نوضّح ما سيدخل في النطاق وما لن يدخل | حسب الجدولة اليومية، ومن الأحياء التي نصل إليها غالباً
10931,post,شركة تنظيف وتعقيم شامل بمكة المكرمة,https://www.rukn-eltatawer.com/sa/deep-cleaning-mecca/,deep-cleaning-mecca,1880,0,23,31,2,57,0,2026-09-03,2026-09-11,0a8d0fe345aa8ca9|n=12,boilerplate_overuse,عبارات قالبية متكررة: تجهيزاً مرتباً قبل انتقال أو موسم ذروة | لا نضع رقماً ثابتاً لا يمثّل عقارك | نوضّح ما سيدخل في النطاق وما لن يدخل | حسب الجدولة اليومية، ومن الأحياء التي نصل إليها غالباً
10908,post,شركة تنظيف منازل بمكة المكرمة,https://www.rukn-eltatawer.com/sa/home-cleaning-mecca/,home-cleaning-mecca,1811,0,23,31,2,57,0,2026-09-03,2026-09-11,0bef75d08ab3d3ef|n=12,boilerplate_overuse,عبارات قالبية متكررة: تجهيزاً مرتباً قبل انتقال أو موسم ذروة | لا نضع رقماً ثابتاً لا يمثّل عقارك | نوضّح ما سيدخل في النطاق وما لن يدخل | حسب الجدولة اليومية، ومن الأحياء التي نصل إليها غالباً
10924,post,شركة تنظيف كنب بمكة المكرمة,https://www.rukn-eltatawer.com/sa/sofa-cleaning-mecca/,sofa-cleaning-mecca,1751,0,23,30,2,56,0,2026-09-03,2026-09-11,ffa5cb0a1eaa58b0|n=12,boilerplate_overuse,عبارات قالبية متكررة: تجهيزاً مرتباً قبل انتقال أو موسم ذروة | لا نضع رقماً ثابتاً لا يمثّل عقارك | نوضّح ما سيدخل في النطاق وما لن يدخل | حسب الجدولة اليومية، ومن الأحياء التي نصل إليها غالباً
10910,post,شركة تنظيف فلل بمكة المكرمة,https://www.rukn-eltatawer.com/sa/villa-cleaning-mecca/,villa-cleaning-mecca,1814,0,23,33,2,59,0,2026-09-03,2026-09-11,efe33fc6a3927483|n=12,boilerplate_overuse,عبارات قالبية متكررة: تجهيزاً مرتباً قبل انتقال أو موسم ذروة | لا نضع رقماً ثابتاً لا يمثّل عقارك | نوضّح ما سيدخل في النطاق وما لن يدخل | حسب الجدولة اليومية، ومن الأحياء التي نصل إليها غالباً
10909,post,شركة تنظيف شقق بمكة المكرمة,https://www.rukn-eltatawer.com/sa/apartment-cleaning-mecca/,apartment-cleaning-mecca,1810,0,23,33,2,59,0,2026-09-03,2026-09-11,04145549da01d869|n=12,boilerplate_overuse,عبارات قالبية متكررة: تجهيزاً مرتباً قبل انتقال أو موسم ذروة | لا نضع رقماً ثابتاً لا يمثّل عقارك | نوضّح ما سيدخل في النطاق وما لن يدخل | حسب الجدولة اليومية، ومن الأحياء التي نصل إليها غالباً
10922,post,شركة تنظيف سجاد بمكة المكرمة,https://www.rukn-eltatawer.com/sa/carpet-cleaning-mecca/,carpet-cleaning-mecca,1795,0,23,31,2,57,0,2026-09-03,2026-09-11,aa34b837eea2d037|n=12,boilerplate_overuse,عبارات قالبية متكررة: تجهيزاً مرتباً قبل انتقال أو موسم ذروة | لا نضع رقماً ثابتاً لا يمثّل عقارك | نوضّح ما سيدخل في النطاق وما لن يدخل | حسب الجدولة اليومية، ومن الأحياء التي نصل إليها غالباً
11178,post,شركة تركيب وصيانة مضخات مياه وصرف صحي بجدة,https://www.rukn-eltatawer.com/sa/water-pumps-jeddah/,water-pumps-jeddah,1942,0,23,30,2,56,0,2026-09-03,2026-09-11,374492f59dbb2660|n=12,boilerplate_overuse,عبارات قالبية متكررة: تجهيزاً مرتباً قبل انتقال أو موسم ذروة | لا نضع رقماً ثابتاً لا يمثّل عقارك | نوضّح ما سيدخل في النطاق وما لن يدخل | حسب الجدولة اليومية، ومن الأحياء التي نصل إليها غالباً
13065,post,شركة تركيب وصيانة سخانات مركزية بجدة,https://www.rukn-eltatawer.com/sa/central-heater-installation-maintenance-jeddah/,central-heater-installation-maintenance-jeddah,1887,0,23,33,2,59,0,2026-09-03,2026-09-09,a551931b44a40847|n=12,boilerplate_overuse,عبارات قالبية متكررة: تجهيزاً مرتباً قبل انتقال أو موسم ذروة | لا نضع رقماً ثابتاً لا يمثّل عقارك | نوضّح ما سيدخل في النطاق وما لن يدخل | حسب الجدولة اليومية، ومن الأحياء التي نصل إليها غالباً
13017,post,شركة تركيب سخانات مياه بجدة,https://www.rukn-eltatawer.com/sa/water-heater-installation-jeddah/,water-heater-installation-jeddah,1801,0,23,33,2,59,0,2026-09-03,2026-09-09,04145549da01d869|n=12,boilerplate_overuse,عبارات قالبية متكررة: تجهيزاً مرتباً قبل انتقال أو موسم ذروة | لا نضع رقماً ثابتاً لا يمثّل عقارك | نوضّح ما سيدخل في النطاق وما لن يدخل | حسب الجدولة اليومية، ومن الأحياء التي نصل إليها غالباً
12521,post,شركة تركيب سخانات طاقة شمسية بجدة,https://www.rukn-eltatawer.com/sa/solar-water-heaters-jeddah/,solar-water-heaters-jeddah,1864,0,23,33,2,59,0,2026-09-03,2026-09-09,fe6e087d304f4f0e|n=12,boilerplate_overuse,عبارات قالبية متكررة: تجهيزاً مرتباً قبل انتقال أو موسم ذروة | لا نضع رقماً ثابتاً لا يمثّل عقارك | نوضّح ما سيدخل في النطاق وما لن يدخل | حسب الجدولة اليومية، ومن الأحياء التي نصل إليها غالباً
13049,post,شركة تأسيس كهرباء وسباكة لمبنى جديد بجدة,https://www.rukn-eltatawer.com/sa/new-building-electrical-plumbing-jeddah/,new-building-electrical-plumbing-jeddah,1905,0,23,31,2,57,0,2026-09-03,2026-09-09,f0b1dd2818f90da3|n=12,boilerplate_overuse,عبارات قالبية متكررة: تجهيزاً مرتباً قبل انتقال أو موسم ذروة | لا نضع رقماً ثابتاً لا يمثّل عقارك | نوضّح ما سيدخل في النطاق وما لن يدخل | حسب الجدولة اليومية، ومن الأحياء التي نصل إليها غالباً
12674,post,شركة التعقيم بالكلور بمكة المكرمة,https://www.rukn-eltatawer.com/sa/chlorine-disinfection-mecca/,chlorine-disinfection-mecca,1784,0,23,30,2,56,0,2026-09-03,2026-09-11,c74bbebf3b9b2173|n=12,boilerplate_overuse,عبارات قالبية متكررة: تجهيزاً مرتباً قبل انتقال أو موسم ذروة | لا نضع رقماً ثابتاً لا يمثّل عقارك | نوضّح ما سيدخل في النطاق وما لن يدخل | حسب الجدولة اليومية، ومن الأحياء التي نصل إليها غالباً
12666,post,شركة التعقيم بالبخار بمكة المكرمة,https://www.rukn-eltatawer.com/sa/steam-disinfection-mecca/,steam-disinfection-mecca,1805,0,23,32,2,58,0,2026-09-03,2026-09-11,ce61d32aa7864dd4|n=12,boilerplate_overuse,عبارات قالبية متكررة: تجهيزاً مرتباً قبل انتقال أو موسم ذروة | لا نضع رقماً ثابتاً لا يمثّل عقارك | نوضّح ما سيدخل في النطاق وما لن يدخل | حسب الجدولة اليومية، ومن الأحياء التي نصل إليها غالباً
12682,post,شركة التعقيم بالأوزون بمكة المكرمة,https://www.rukn-eltatawer.com/sa/ozone-disinfection-mecca/,ozone-disinfection-mecca,1812,0,23,32,2,58,0,2026-09-03,2026-09-11,77f404fa76de0e42|n=12,boilerplate_overuse,عبارات قالبية متكررة: تجهيزاً مرتباً قبل انتقال أو موسم ذروة | لا نضع رقماً ثابتاً لا يمثّل عقارك | نوضّح ما سيدخل في النطاق وما لن يدخل | حسب الجدولة اليومية، ومن الأحياء التي نصل إليها غالباً
13105,post,شركة غسيل وتنظيف مكيفات بجدة,https://www.rukn-eltatawer.com/sa/ac-cleaning-washing-jeddah/,ac-cleaning-washing-jeddah,1789,0,23,31,2,57,0,2026-09-03,2026-09-11,80ab4e52ed40c378|n=12,boilerplate_overuse|intent_mismatch,عبارات قالبية متكررة: تجهيزاً مرتباً قبل انتقال أو موسم ذروة | لا نضع رقماً ثابتاً لا يمثّل عقارك | نوضّح ما سيدخل في النطاق وما لن يدخل | حسب الجدولة اليومية، ومن الأحياء التي نصل إليها غالباً || عنوان عن تكييف بينما النص/الأسئلة تتحدث عن تنظيف منازل أو رخام وخشب
13153,post,شركة عقود صيانة تكييف دورية بجدة,https://www.rukn-eltatawer.com/sa/ac-periodic-maintenance-contracts-jeddah/,ac-periodic-maintenance-contracts-jeddah,1881,0,23,33,2,59,0,2026-09-03,2026-09-11,c28f3eab567efed1|n=12,boilerplate_overuse,عبارات قالبية متكررة: تجهيزاً مرتباً قبل انتقال أو موسم ذروة | لا نضع رقماً ثابتاً لا يمثّل عقارك | نوضّح ما سيدخل في النطاق وما لن يدخل | حسب الجدولة اليومية، ومن الأحياء التي نصل إليها غالباً
11162,post,شركة صيانة مكيفات سبليت بجدة,https://www.rukn-eltatawer.com/sa/split-ac-maintenance-jeddah/,split-ac-maintenance-jeddah,2108,0,28,31,2,62,0,2026-09-03,2026-09-10,257e191d63ae1867|n=12,boilerplate_overuse,عبارات قالبية متكررة: تجهيزاً مرتباً قبل انتقال أو موسم ذروة | لا نضع رقماً ثابتاً لا يمثّل عقارك | نوضّح ما سيدخل في النطاق وما لن يدخل | حسب الجدولة اليومية، ومن الأحياء التي نصل إليها غالباً
13121,post,شركة صيانة دكتات التكييف بجدة,https://www.rukn-eltatawer.com/sa/ac-duct-maintenance-jeddah/,ac-duct-maintenance-jeddah,1832,0,23,33,2,59,0,2026-09-03,2026-09-11,34e4893734cc7271|n=12,boilerplate_overuse,عبارات قالبية متكررة: تجهيزاً مرتباً قبل انتقال أو موسم ذروة | لا نضع رقماً ثابتاً لا يمثّل عقارك | نوضّح ما سيدخل في النطاق وما لن يدخل | حسب الجدولة اليومية، ومن الأحياء التي نصل إليها غالباً
11161,post,شركة صيانة تكييف مركزي بجدة,https://www.rukn-eltatawer.com/sa/central-ac-maintenance-jeddah/,central-ac-maintenance-jeddah,1798,0,23,31,2,57,0,2026-09-03,2026-09-11,aa34b837eea2d037|n=12,boilerplate_overuse,عبارات قالبية متكررة: تجهيزاً مرتباً قبل انتقال أو موسم ذروة | لا نضع رقماً ثابتاً لا يمثّل عقارك | نوضّح ما سيدخل في النطاق وما لن يدخل | حسب الجدولة اليومية، ومن الأحياء التي نصل إليها غالباً
13097,post,شركة تعبئة فريون مكيفات بجدة,https://www.rukn-eltatawer.com/sa/ac-freon-refill-jeddah/,ac-freon-refill-jeddah,1812,0,23,31,2,57,0,2026-09-03,2026-09-11,eb252683afe597ee|n=12,boilerplate_overuse,عبارات قالبية متكررة: تجهيزاً مرتباً قبل انتقال أو موسم ذروة | لا نضع رقماً ثابتاً لا يمثّل عقارك | نوضّح ما سيدخل في النطاق وما لن يدخل | حسب الجدولة اليومية، ومن الأحياء التي نصل إليها غالباً
13089,post,شركة تركيب وحدات تكييف نافذة بجدة,https://www.rukn-eltatawer.com/sa/window-ac-installation-jeddah/,window-ac-installation-jeddah,1877,0,23,33,2,59,0,2026-09-03,2026-09-11,c47d3637063fb2ff|n=12,boilerplate_overuse,عبارات قالبية متكررة: تجهيزاً مرتباً قبل انتقال أو موسم ذروة | لا نضع رقماً ثابتاً لا يمثّل عقارك | نوضّح ما سيدخل في النطاق وما لن يدخل | حسب الجدولة اليومية، ومن الأحياء التي نصل إليها غالباً
13081,post,شركة تركيب مكيفات سبليت بجدة,https://www.rukn-eltatawer.com/sa/split-ac-installation-jeddah/,split-ac-installation-jeddah,1820,0,23,33,2,59,0,2026-09-03,2026-09-11,b2c5ba20cd34541f|n=12,boilerplate_overuse,عبارات قالبية متكررة: تجهيزاً مرتباً قبل انتقال أو موسم ذروة | لا نضع رقماً ثابتاً لا يمثّل عقارك | نوضّح ما سيدخل في النطاق وما لن يدخل | حسب الجدولة اليومية، ومن الأحياء التي نصل إليها غالباً
13129,post,شركة تركيب تكييف مركزي جديد بجدة,https://www.rukn-eltatawer.com/sa/new-central-ac-installation-jeddah/,new-central-ac-installation-jeddah,1897,0,23,33,2,59,0,2026-09-03,2026-09-11,e50690548885da68|n=12,boilerplate_overuse,عبارات قالبية متكررة: تجهيزاً مرتباً قبل انتقال أو موسم ذروة | لا نضع رقماً ثابتاً لا يمثّل عقارك | نوضّح ما سيدخل في النطاق وما لن يدخل | حسب الجدولة اليومية، ومن الأحياء التي نصل إليها غالباً
12529,post,شركة تركيب أجهزة تكييف طاقة شمسية بجدة,https://www.rukn-eltatawer.com/sa/solar-ac-installation-jeddah/,solar-ac-installation-jeddah,1948,0,23,33,2,59,0,2026-09-03,2026-09-11,362737dac888fc65|n=12,boilerplate_overuse,عبارات قالبية متكررة: تجهيزاً مرتباً قبل انتقال أو موسم ذروة | لا نضع رقماً ثابتاً لا يمثّل عقارك | نوضّح ما سيدخل في النطاق وما لن يدخل | حسب الجدولة اليومية، ومن الأحياء التي نصل إليها غالباً
12561,post,شركة مكافحة النمل الأسود والأحمر بجدة,https://www.rukn-eltatawer.com/sa/ant-control-jeddah/,ant-control-jeddah,1839,0,23,30,2,56,0,2026-09-03,2026-09-11,f2ba19e76779afd1|n=12,boilerplate_overuse,عبارات قالبية متكررة: تجهيزاً مرتباً قبل انتقال أو موسم ذروة | لا نضع رقماً ثابتاً لا يمثّل عقارك | نوضّح ما سيدخل في النطاق وما لن يدخل | حسب الجدولة اليومية، ومن الأحياء التي نصل إليها غالباً
12553,post,شركة مكافحة النمل الأبيض (الرمة) بجدة,https://www.rukn-eltatawer.com/sa/termite-control-jeddah/,termite-control-jeddah,1858,0,23,32,2,58,0,2026-09-03,2026-09-11,c75da0c7ac7d51bd|n=12,boilerplate_overuse,عبارات قالبية متكررة: تجهيزاً مرتباً قبل انتقال أو موسم ذروة | لا نضع رقماً ثابتاً لا يمثّل عقارك | نوضّح ما سيدخل في النطاق وما لن يدخل | حسب الجدولة اليومية، ومن الأحياء التي نصل إليها غالباً
12569,post,شركة مكافحة الصراصير بجدة,https://www.rukn-eltatawer.com/sa/cockroach-control-jeddah/,cockroach-control-jeddah,1757,0,23,33,2,59,0,2026-09-03,2026-09-11,06731aac67b1c564|n=12,boilerplate_overuse,عبارات قالبية متكررة: تجهيزاً مرتباً قبل انتقال أو موسم ذروة | لا نضع رقماً ثابتاً لا يمثّل عقارك | نوضّح ما سيدخل في النطاق وما لن يدخل | حسب الجدولة اليومية، ومن الأحياء التي نصل إليها غالباً
11365,post,شركة عزل خزانات بمكة المكرمة,https://www.rukn-eltatawer.com/sa/tank-insulation-mecca/,tank-insulation-mecca,1841,0,23,33,2,59,0,2026-09-03,2026-09-09,9f26fbca03b28b39|n=12,boilerplate_overuse,عبارات قالبية متكررة: تجهيزاً مرتباً قبل انتقال أو موسم ذروة | لا نضع رقماً ثابتاً لا يمثّل عقارك | نوضّح ما سيدخل في النطاق وما لن يدخل | حسب الجدولة اليومية، ومن الأحياء التي نصل إليها غالباً
11364,post,شركة عزل أسطح بمكة المكرمة,https://www.rukn-eltatawer.com/sa/roof-insulation-mecca/,roof-insulation-mecca,2158,0,28,31,2,62,0,2026-09-03,2026-09-10,cc4be0808c9d0562|n=12,boilerplate_overuse,عبارات قالبية متكررة: تجهيزاً مرتباً قبل انتقال أو موسم ذروة | لا نضع رقماً ثابتاً لا يمثّل عقارك | نوضّح ما سيدخل في النطاق وما لن يدخل | حسب الجدولة اليومية، ومن الأحياء التي نصل إليها غالباً
12960,post,شركة كهربائي منازل بالرياض,https://www.rukn-eltatawer.com/sa/home-electrician-elec-riyadh/,home-electrician-elec-riyadh,1741,0,23,33,2,59,0,2026-09-02,2026-09-09,69a6f3e0d9845f93|n=12,boilerplate_overuse,عبارات قالبية متكررة: تجهيزاً مرتباً قبل انتقال أو موسم ذروة | لا نضع رقماً ثابتاً لا يمثّل عقارك | نوضّح ما سيدخل في النطاق وما لن يدخل | حسب الجدولة اليومية، ومن الأحياء التي نصل إليها غالباً
13040,post,شركة كهربائي طوارئ 24 ساعة بالرياض,https://www.rukn-eltatawer.com/sa/24h-emergency-electrician-riyadh/,24h-emergency-electrician-riyadh,1798,0,23,33,2,59,0,2026-09-02,2026-09-09,f65f1780147c1a9e|n=12,boilerplate_overuse,عبارات قالبية متكررة: تجهيزاً مرتباً قبل انتقال أو موسم ذروة | لا نضع رقماً ثابتاً لا يمثّل عقارك | نوضّح ما سيدخل في النطاق وما لن يدخل | حسب الجدولة اليومية، ومن الأحياء التي نصل إليها غالباً
13010,post,شركة كشف تسريبات مواسير مياه بمكة المكرمة,https://www.rukn-eltatawer.com/sa/water-pipe-leak-detection-mecca/,water-pipe-leak-detection-mecca,2070,0,23,32,2,58,0,2026-09-02,2026-09-09,3ca81d0c25981e5c|n=12,boilerplate_overuse,عبارات قالبية متكررة: تجهيزاً مرتباً قبل انتقال أو موسم ذروة | لا نضع رقماً ثابتاً لا يمثّل عقارك | نوضّح ما سيدخل في النطاق وما لن يدخل | حسب الجدولة اليومية، ومن الأحياء التي نصل إليها غالباً
11361,post,شركة كشف تسربات المياه بمكة المكرمة,https://www.rukn-eltatawer.com/sa/water-leak-detection-mecca/,water-leak-detection-mecca,2353,0,28,34,2,65,0,2026-09-02,2026-09-10,956c87bcd9372ec1|n=12,boilerplate_overuse,عبارات قالبية متكررة: تجهيزاً مرتباً قبل انتقال أو موسم ذروة | لا نضع رقماً ثابتاً لا يمثّل عقارك | نوضّح ما سيدخل في النطاق وما لن يدخل | حسب الجدولة اليومية، ومن الأحياء التي نصل إليها غالباً
11362,post,شركة كشف تسربات الغاز بمكة المكرمة,https://www.rukn-eltatawer.com/sa/gas-leak-detection-mecca/,gas-leak-detection-mecca,2031,0,23,34,2,60,0,2026-09-02,2026-09-09,520eed1f13dac3c5|n=12,boilerplate_overuse,عبارات قالبية متكررة: تجهيزاً مرتباً قبل انتقال أو موسم ذروة | لا نضع رقماً ثابتاً لا يمثّل عقارك | نوضّح ما سيدخل في النطاق وما لن يدخل | حسب الجدولة اليومية، ومن الأحياء التي نصل إليها غالباً
11363,post,شركة كشف تسربات التكييف بمكة المكرمة,https://www.rukn-eltatawer.com/sa/ac-leak-detection-mecca/,ac-leak-detection-mecca,2020,0,23,34,2,60,0,2026-09-02,2026-09-11,7555ef2978b5c5ce|n=12,boilerplate_overuse,عبارات قالبية متكررة: تجهيزاً مرتباً قبل انتقال أو موسم ذروة | لا نضع رقماً ثابتاً لا يمثّل عقارك | نوضّح ما سيدخل في النطاق وما لن يدخل | حسب الجدولة اليومية، ومن الأحياء التي نصل إليها غالباً
12984,post,شركة كشف أعطال كهرباء بالرياض,https://www.rukn-eltatawer.com/sa/electrical-fault-detection-riyadh/,electrical-fault-detection-riyadh,1784,0,23,31,2,57,0,2026-09-02,2026-09-09,ed56d179184f077d|n=12,boilerplate_overuse,عبارات قالبية متكررة: تجهيزاً مرتباً قبل انتقال أو موسم ذروة | لا نضع رقماً ثابتاً لا يمثّل عقارك | نوضّح ما سيدخل في النطاق وما لن يدخل | حسب الجدولة اليومية، ومن الأحياء التي نصل إليها غالباً
11150,post,شركة صيانة مكانس كهربائية بالرياض,https://www.rukn-eltatawer.com/sa/vacuum-maintenance-riyadh/,vacuum-maintenance-riyadh,1789,0,23,31,2,57,0,2026-09-02,2026-09-09,c7dbe79ba28c6135|n=12,boilerplate_overuse,عبارات قالبية متكررة: تجهيزاً مرتباً قبل انتقال أو موسم ذروة | لا نضع رقماً ثابتاً لا يمثّل عقارك | نوضّح ما سيدخل في النطاق وما لن يدخل | حسب الجدولة اليومية، ومن الأحياء التي نصل إليها غالباً
12968,post,شركة صيانة لوحات كهرباء بالرياض,https://www.rukn-eltatawer.com/sa/electric-panel-maintenance-riyadh/,electric-panel-maintenance-riyadh,1786,0,23,31,2,57,0,2026-09-02,2026-09-09,73031bfb7ff89150|n=12,boilerplate_overuse,عبارات قالبية متكررة: تجهيزاً مرتباً قبل انتقال أو موسم ذروة | لا نضع رقماً ثابتاً لا يمثّل عقارك | نوضّح ما سيدخل في النطاق وما لن يدخل | حسب الجدولة اليومية، ومن الأحياء التي نصل إليها غالباً
11133,post,شركة صيانة كهرباء بالرياض,https://www.rukn-eltatawer.com/sa/electrical-maintenance-riyadh/,electrical-maintenance-riyadh,1734,0,23,31,2,57,0,2026-09-02,2026-09-09,f4a6eb06bb7ec1d7|n=12,boilerplate_overuse,عبارات قالبية متكررة: تجهيزاً مرتباً قبل انتقال أو موسم ذروة | لا نضع رقماً ثابتاً لا يمثّل عقارك | نوضّح ما سيدخل في النطاق وما لن يدخل | حسب الجدولة اليومية، ومن الأحياء التي نصل إليها غالباً
11143,post,شركة صيانة الأجهزة الكهربائية بالرياض,https://www.rukn-eltatawer.com/sa/appliance-maintenance-riyadh/,appliance-maintenance-riyadh,1808,0,23,33,2,59,0,2026-09-02,2026-09-09,155dc01ca9a6be51|n=12,boilerplate_overuse,عبارات قالبية متكررة: تجهيزاً مرتباً قبل انتقال أو موسم ذروة | لا نضع رقماً ثابتاً لا يمثّل عقارك | نوضّح ما سيدخل في النطاق وما لن يدخل | حسب الجدولة اليومية، ومن الأحياء التي نصل إليها غالباً
12928,post,شركة رش بويات كهربائي بالرياض,https://www.rukn-eltatawer.com/sa/electric-spray-painting-riyadh/,electric-spray-painting-riyadh,1801,0,23,31,2,57,0,2026-09-02,2026-09-09,98b3186eade20acd|n=12,boilerplate_overuse,عبارات قالبية متكررة: تجهيزاً مرتباً قبل انتقال أو موسم ذروة | لا نضع رقماً ثابتاً لا يمثّل عقارك | نوضّح ما سيدخل في النطاق وما لن يدخل | حسب الجدولة اليومية، ومن الأحياء التي نصل إليها غالباً
10905,post,شركة تنظيف وتعقيم شامل بجدة,https://www.rukn-eltatawer.com/sa/deep-cleaning-jeddah/,deep-cleaning-jeddah,1794,0,23,31,2,57,0,2026-09-02,2026-09-11,680b22cd5285dda5|n=12,boilerplate_overuse,عبارات قالبية متكررة: تجهيزاً مرتباً قبل انتقال أو موسم ذروة | لا نضع رقماً ثابتاً لا يمثّل عقارك | نوضّح ما سيدخل في النطاق وما لن يدخل | حسب الجدولة اليومية، ومن الأحياء التي نصل إليها غالباً
10882,post,شركة تنظيف منازل بجدة,https://www.rukn-eltatawer.com/sa/home-cleaning-jeddah/,home-cleaning-jeddah,2042,0,28,33,2,64,0,2026-09-02,2026-09-10,4efb9a270faf2892|n=12,boilerplate_overuse,عبارات قالبية متكررة: تجهيزاً مرتباً قبل انتقال أو موسم ذروة | لا نضع رقماً ثابتاً لا يمثّل عقارك | نوضّح ما سيدخل في النطاق وما لن يدخل | حسب الجدولة اليومية، ومن الأحياء التي نصل إليها غالباً
10898,post,شركة تنظيف كنب بجدة,https://www.rukn-eltatawer.com/sa/sofa-cleaning-jeddah/,sofa-cleaning-jeddah,1686,0,23,30,2,56,0,2026-09-02,2026-09-11,8965a5c3e4d58bd3|n=12,boilerplate_overuse,عبارات قالبية متكررة: تجهيزاً مرتباً قبل انتقال أو موسم ذروة | لا نضع رقماً ثابتاً لا يمثّل عقارك | نوضّح ما سيدخل في النطاق وما لن يدخل | حسب الجدولة اليومية، ومن الأحياء التي نصل إليها غالباً
10884,post,شركة تنظيف فلل بجدة,https://www.rukn-eltatawer.com/sa/villa-cleaning-jeddah/,villa-cleaning-jeddah,1742,0,23,31,2,57,0,2026-09-02,2026-09-11,a53e3e8cb16e1240|n=12,boilerplate_overuse,عبارات قالبية متكررة: تجهيزاً مرتباً قبل انتقال أو موسم ذروة | لا نضع رقماً ثابتاً لا يمثّل عقارك | نوضّح ما سيدخل في النطاق وما لن يدخل | حسب الجدولة اليومية، ومن الأحياء التي نصل إليها غالباً
10883,post,شركة تنظيف شقق بجدة,https://www.rukn-eltatawer.com/sa/apartment-cleaning-jeddah/,apartment-cleaning-jeddah,1746,0,23,31,2,57,0,2026-09-02,2026-09-11,b389ef0dd6b5da7b|n=12,boilerplate_overuse,عبارات قالبية متكررة: تجهيزاً مرتباً قبل انتقال أو موسم ذروة | لا نضع رقماً ثابتاً لا يمثّل عقارك | نوضّح ما سيدخل في النطاق وما لن يدخل | حسب الجدولة اليومية، ومن الأحياء التي نصل إليها غالباً
10896,post,شركة تنظيف سجاد بجدة,https://www.rukn-eltatawer.com/sa/carpet-cleaning-jeddah/,carpet-cleaning-jeddah,1732,0,23,31,2,57,0,2026-09-02,2026-09-11,30eeb6a1a6534cd6|n=12,boilerplate_overuse,عبارات قالبية متكررة: تجهيزاً مرتباً قبل انتقال أو موسم ذروة | لا نضع رقماً ثابتاً لا يمثّل عقارك | نوضّح ما سيدخل في النطاق وما لن يدخل | حسب الجدولة اليومية، ومن الأحياء التي نصل إليها غالباً
12976,post,شركة تمديدات كهربائية جديدة بالرياض,https://www.rukn-eltatawer.com/sa/new-electrical-wiring-riyadh/,new-electrical-wiring-riyadh,1789,0,23,31,2,57,0,2026-09-02,2026-09-09,c20a1e05a8739d5f|n=12,boilerplate_overuse,عبارات قالبية متكررة: تجهيزاً مرتباً قبل انتقال أو موسم ذروة | لا نضع رقماً ثابتاً لا يمثّل عقارك | نوضّح ما سيدخل في النطاق وما لن يدخل | حسب الجدولة اليومية، ومن الأحياء التي نصل إليها غالباً
12992,post,شركة تركيب إنارة داخلية وخارجية بالرياض,https://www.rukn-eltatawer.com/sa/indoor-outdoor-lighting-installation-riyadh/,indoor-outdoor-lighting-installation-riyadh,1870,0,23,31,2,57,0,2026-09-02,2026-09-09,cb7926f126f736a6|n=12,boilerplate_overuse,عبارات قالبية متكررة: تجهيزاً مرتباً قبل انتقال أو موسم ذروة | لا نضع رقماً ثابتاً لا يمثّل عقارك | نوضّح ما سيدخل في النطاق وما لن يدخل | حسب الجدولة اليومية، ومن الأحياء التي نصل إليها غالباً
12673,post,شركة التعقيم بالكلور بجدة,https://www.rukn-eltatawer.com/sa/chlorine-disinfection-jeddah/,chlorine-disinfection-jeddah,1731,0,23,32,2,58,0,2026-09-02,2026-09-11,d1ff213d56967500|n=12,boilerplate_overuse,عبارات قالبية متكررة: تجهيزاً مرتباً قبل انتقال أو موسم ذروة | لا نضع رقماً ثابتاً لا يمثّل عقارك | نوضّح ما سيدخل في النطاق وما لن يدخل | حسب الجدولة اليومية، ومن الأحياء التي نصل إليها غالباً
12665,post,شركة التعقيم بالبخار بجدة,https://www.rukn-eltatawer.com/sa/steam-disinfection-jeddah/,steam-disinfection-jeddah,1721,0,23,30,2,56,0,2026-09-02,2026-09-11,0f4875e804bf539d|n=12,boilerplate_overuse,عبارات قالبية متكررة: تجهيزاً مرتباً قبل انتقال أو موسم ذروة | لا نضع رقماً ثابتاً لا يمثّل عقارك | نوضّح ما سيدخل في النطاق وما لن يدخل | حسب الجدولة اليومية، ومن الأحياء التي نصل إليها غالباً
12681,post,شركة التعقيم بالأوزون بجدة,https://www.rukn-eltatawer.com/sa/ozone-disinfection-jeddah/,ozone-disinfection-jeddah,1715,0,23,30,2,56,0,2026-09-02,2026-09-11,2fd95b2c787f23df|n=12,boilerplate_overuse,عبارات قالبية متكررة: تجهيزاً مرتباً قبل انتقال أو موسم ذروة | لا نضع رقماً ثابتاً لا يمثّل عقارك | نوضّح ما سيدخل في النطاق وما لن يدخل | حسب الجدولة اليومية، ومن الأحياء التي نصل إليها غالباً
12688,post,سباك منازل بالرياض,https://www.rukn-eltatawer.com/sa/home-plumber-riyadh/,home-plumber-riyadh,1745,0,23,33,2,59,0,2026-09-02,2026-09-11,8be957bae8e58645|n=12,boilerplate_overuse,عبارات قالبية متكررة: تجهيزاً مرتباً قبل انتقال أو موسم ذروة | لا نضع رقماً ثابتاً لا يمثّل عقارك | نوضّح ما سيدخل في النطاق وما لن يدخل | حسب الجدولة اليومية، ومن الأحياء التي نصل إليها غالباً
12752,post,فني تركيب وصيانة تكييف بالرياض,https://www.rukn-eltatawer.com/sa/ac-tech-riyadh/,ac-tech-riyadh,1805,0,23,31,2,57,0,2026-09-02,2026-09-11,5c96fab1b783017f|n=12,boilerplate_overuse,عبارات قالبية متكررة: تجهيزاً مرتباً قبل انتقال أو موسم ذروة | لا نضع رقماً ثابتاً لا يمثّل عقارك | نوضّح ما سيدخل في النطاق وما لن يدخل | حسب الجدولة اليومية، ومن الأحياء التي نصل إليها غالباً
11353,post,شركة عزل خزانات بجدة,https://www.rukn-eltatawer.com/sa/tank-insulation-jeddah/,tank-insulation-jeddah,1758,0,23,31,2,57,0,2026-09-02,2026-09-09,0f31f84600e5577a|n=12,boilerplate_overuse,عبارات قالبية متكررة: تجهيزاً مرتباً قبل انتقال أو موسم ذروة | لا نضع رقماً ثابتاً لا يمثّل عقارك | نوضّح ما سيدخل في النطاق وما لن يدخل | حسب الجدولة اليومية، ومن الأحياء التي نصل إليها غالباً
11352,post,شركة عزل أسطح بجدة,https://www.rukn-eltatawer.com/sa/roof-insulation-jeddah/,roof-insulation-jeddah,2096,0,28,31,2,62,0,2026-09-02,2026-09-10,920618330006e4b5|n=12,boilerplate_overuse,عبارات قالبية متكررة: تجهيزاً مرتباً قبل انتقال أو موسم ذروة | لا نضع رقماً ثابتاً لا يمثّل عقارك | نوضّح ما سيدخل في النطاق وما لن يدخل | حسب الجدولة اليومية، ومن الأحياء التي نصل إليها غالباً
12064,post,شركة تسليك مجاري بالرياض,https://www.rukn-eltatawer.com/sa/drain-unclogging-riyadh/,drain-unclogging-riyadh,2052,0,28,33,2,64,0,2026-09-02,2026-09-10,b19a8653cab5fbc3|n=12,boilerplate_overuse,عبارات قالبية متكررة: تجهيزاً مرتباً قبل انتقال أو موسم ذروة | لا نضع رقماً ثابتاً لا يمثّل عقارك | نوضّح ما سيدخل في النطاق وما لن يدخل | حسب الجدولة اليومية، ومن الأحياء التي نصل إليها غالباً
13072,post,شركة كشف وإصلاح أعطال السباكة بالرياض,https://www.rukn-eltatawer.com/sa/plumbing-fault-repair-riyadh/,plumbing-fault-repair-riyadh,1870,0,23,33,2,59,0,2026-09-02,2026-09-11,5a120353bb69673f|n=12,boilerplate_overuse,عبارات قالبية متكررة: تجهيزاً مرتباً قبل انتقال أو موسم ذروة | لا نضع رقماً ثابتاً لا يمثّل عقارك | نوضّح ما سيدخل في النطاق وما لن يدخل | حسب الجدولة اليومية، ومن الأحياء التي نصل إليها غالباً
13009,post,شركة كشف تسريبات مواسير مياه بجدة,https://www.rukn-eltatawer.com/sa/water-pipe-leak-detection-jeddah/,water-pipe-leak-detection-jeddah,2012,0,23,32,2,58,0,2026-09-02,2026-09-09,c3ee0f1e9d4592a7|n=12,boilerplate_overuse,عبارات قالبية متكررة: تجهيزاً مرتباً قبل انتقال أو موسم ذروة | لا نضع رقماً ثابتاً لا يمثّل عقارك | نوضّح ما سيدخل في النطاق وما لن يدخل | حسب الجدولة اليومية، ومن الأحياء التي نصل إليها غالباً
11349,post,شركة كشف تسربات المياه بجدة,https://www.rukn-eltatawer.com/sa/water-leak-detection-jeddah/,water-leak-detection-jeddah,2250,0,28,34,2,65,0,2026-09-02,2026-09-10,95a0d5f62b148441|n=12,boilerplate_overuse,عبارات قالبية متكررة: تجهيزاً مرتباً قبل انتقال أو موسم ذروة | لا نضع رقماً ثابتاً لا يمثّل عقارك | نوضّح ما سيدخل في النطاق وما لن يدخل | حسب الجدولة اليومية، ومن الأحياء التي نصل إليها غالباً
11350,post,شركة كشف تسربات الغاز بجدة,https://www.rukn-eltatawer.com/sa/gas-leak-detection-jeddah/,gas-leak-detection-jeddah,1959,0,23,34,2,60,0,2026-09-02,2026-09-09,04145549da01d869|n=12,boilerplate_overuse,عبارات قالبية متكررة: تجهيزاً مرتباً قبل انتقال أو موسم ذروة | لا نضع رقماً ثابتاً لا يمثّل عقارك | نوضّح ما سيدخل في النطاق وما لن يدخل | حسب الجدولة اليومية، ومن الأحياء التي نصل إليها غالباً
11351,post,شركة كشف تسربات التكييف بجدة,https://www.rukn-eltatawer.com/sa/ac-leak-detection-jeddah/,ac-leak-detection-jeddah,1948,0,23,32,2,58,0,2026-09-02,2026-09-11,b82a3b711631a7e4|n=12,boilerplate_overuse,عبارات قالبية متكررة: تجهيزاً مرتباً قبل انتقال أو موسم ذروة | لا نضع رقماً ثابتاً لا يمثّل عقارك | نوضّح ما سيدخل في النطاق وما لن يدخل | حسب الجدولة اليومية، ومن الأحياء التي نصل إليها غالباً
13024,post,شركة صيانة مواسير صرف صحي بالرياض,https://www.rukn-eltatawer.com/sa/drainage-pipe-maintenance-riyadh/,drainage-pipe-maintenance-riyadh,1861,0,23,32,2,58,0,2026-09-02,2026-09-11,a4fc957ca29d4979|n=12,boilerplate_overuse,عبارات قالبية متكررة: تجهيزاً مرتباً قبل انتقال أو موسم ذروة | لا نضع رقماً ثابتاً لا يمثّل عقارك | نوضّح ما سيدخل في النطاق وما لن يدخل | حسب الجدولة اليومية، ومن الأحياء التي نصل إليها غالباً
13056,post,شركة صيانة مضخات مياه بالرياض,https://www.rukn-eltatawer.com/sa/water-pump-maintenance-riyadh/,water-pump-maintenance-riyadh,1790,0,23,30,2,56,0,2026-09-02,2026-09-11,aa34b837eea2d037|n=12,boilerplate_overuse,عبارات قالبية متكررة: تجهيزاً مرتباً قبل انتقال أو موسم ذروة | لا نضع رقماً ثابتاً لا يمثّل عقارك | نوضّح ما سيدخل في النطاق وما لن يدخل | حسب الجدولة اليومية، ومن الأحياء التي نصل إليها غالباً
11148,post,شركة صيانة سخانات بالرياض,https://www.rukn-eltatawer.com/sa/water-heater-maintenance-riyadh/,water-heater-maintenance-riyadh,1751,0,23,33,2,59,0,2026-09-02,2026-09-11,090a91c0eff0c5c1|n=12,boilerplate_overuse,عبارات قالبية متكررة: تجهيزاً مرتباً قبل انتقال أو موسم ذروة | لا نضع رقماً ثابتاً لا يمثّل عقارك | نوضّح ما سيدخل في النطاق وما لن يدخل | حسب الجدولة اليومية، ومن الأحياء التي نصل إليها غالباً
11134,post,شركة صيانة سباكة بالرياض,https://www.rukn-eltatawer.com/sa/plumbing-maintenance-riyadh/,plumbing-maintenance-riyadh,1760,0,23,33,2,59,0,2026-09-02,2026-09-11,3cecb0671c62bd17|n=12,boilerplate_overuse,عبارات قالبية متكررة: تجهيزاً مرتباً قبل انتقال أو موسم ذروة | لا نضع رقماً ثابتاً لا يمثّل عقارك | نوضّح ما سيدخل في النطاق وما لن يدخل | حسب الجدولة اليومية، ومن الأحياء التي نصل إليها غالباً
13000,post,شركة سباك منازل بالرياض,https://www.rukn-eltatawer.com/sa/home-plumber-elec-riyadh/,home-plumber-elec-riyadh,1750,0,23,33,2,59,0,2026-09-02,2026-09-11,04145549da01d869|n=12,boilerplate_overuse,عبارات قالبية متكررة: تجهيزاً مرتباً قبل انتقال أو موسم ذروة | لا نضع رقماً ثابتاً لا يمثّل عقارك | نوضّح ما سيدخل في النطاق وما لن يدخل | حسب الجدولة اليومية، ومن الأحياء التي نصل إليها غالباً
11152,post,شركة تركيب وصيانة مضخات مياه وصرف صحي بالرياض,https://www.rukn-eltatawer.com/sa/water-pumps-riyadh/,water-pumps-riyadh,1993,0,23,30,2,56,0,2026-09-02,2026-09-11,70a3178bdb517a8d|n=12,boilerplate_overuse,عبارات قالبية متكررة: تجهيزاً مرتباً قبل انتقال أو موسم ذروة | لا نضع رقماً ثابتاً لا يمثّل عقارك | نوضّح ما سيدخل في النطاق وما لن يدخل | حسب الجدولة اليومية، ومن الأحياء التي نصل إليها غالباً
13064,post,شركة تركيب وصيانة سخانات مركزية بالرياض,https://www.rukn-eltatawer.com/sa/central-heater-installation-maintenance-riyadh/,central-heater-installation-maintenance-riyadh,1848,0,23,31,2,57,0,2026-09-02,2026-09-11,7bdb7cc14477c49b|n=12,boilerplate_overuse,عبارات قالبية متكررة: تجهيزاً مرتباً قبل انتقال أو موسم ذروة | لا نضع رقماً ثابتاً لا يمثّل عقارك | نوضّح ما سيدخل في النطاق وما لن يدخل | حسب الجدولة اليومية، ومن الأحياء التي نصل إليها غالباً
13016,post,شركة تركيب سخانات مياه بالرياض,https://www.rukn-eltatawer.com/sa/water-heater-installation-riyadh/,water-heater-installation-riyadh,1812,0,23,31,2,57,0,2026-09-02,2026-09-11,c3d4e83e84bf7fe9|n=12,boilerplate_overuse,عبارات قالبية متكررة: تجهيزاً مرتباً قبل انتقال أو موسم ذروة | لا نضع رقماً ثابتاً لا يمثّل عقارك | نوضّح ما سيدخل في النطاق وما لن يدخل | حسب الجدولة اليومية، ومن الأحياء التي نصل إليها غالباً
12520,post,شركة تركيب سخانات طاقة شمسية بالرياض,https://www.rukn-eltatawer.com/sa/solar-water-heaters-riyadh/,solar-water-heaters-riyadh,1899,0,23,33,2,59,0,2026-09-02,2026-09-11,db5716c079d3532a|n=12,boilerplate_overuse,عبارات قالبية متكررة: تجهيزاً مرتباً قبل انتقال أو موسم ذروة | لا نضع رقماً ثابتاً لا يمثّل عقارك | نوضّح ما سيدخل في النطاق وما لن يدخل | حسب الجدولة اليومية، ومن الأحياء التي نصل إليها غالباً
13048,post,شركة تأسيس كهرباء وسباكة لمبنى جديد بالرياض,https://www.rukn-eltatawer.com/sa/new-building-electrical-plumbing-riyadh/,new-building-electrical-plumbing-riyadh,1928,0,23,33,2,59,0,2026-09-02,2026-09-11,9f678ddb9fa83f15|n=12,boilerplate_overuse,عبارات قالبية متكررة: تجهيزاً مرتباً قبل انتقال أو موسم ذروة | لا نضع رقماً ثابتاً لا يمثّل عقارك | نوضّح ما سيدخل في النطاق وما لن يدخل | حسب الجدولة اليومية، ومن الأحياء التي نصل إليها غالباً
13104,post,شركة غسيل وتنظيف مكيفات بالرياض,https://www.rukn-eltatawer.com/sa/ac-cleaning-washing-riyadh/,ac-cleaning-washing-riyadh,1819,0,23,31,2,57,0,2026-09-02,2026-09-11,1f2e836d6e71a5ce|n=12,boilerplate_overuse|intent_mismatch,عبارات قالبية متكررة: تجهيزاً مرتباً قبل انتقال أو موسم ذروة | لا نضع رقماً ثابتاً لا يمثّل عقارك | نوضّح ما سيدخل في النطاق وما لن يدخل | حسب الجدولة اليومية، ومن الأحياء التي نصل إليها غالباً || عنوان عن تكييف بينما النص/الأسئلة تتحدث عن تنظيف منازل أو رخام وخشب
13152,post,شركة عقود صيانة تكييف دورية بالرياض,https://www.rukn-eltatawer.com/sa/ac-periodic-maintenance-contracts-riyadh/,ac-periodic-maintenance-contracts-riyadh,1895,0,23,31,2,57,0,2026-09-02,2026-09-11,9c4ba07168574324|n=12,boilerplate_overuse,عبارات قالبية متكررة: تجهيزاً مرتباً قبل انتقال أو موسم ذروة | لا نضع رقماً ثابتاً لا يمثّل عقارك | نوضّح ما سيدخل في النطاق وما لن يدخل | حسب الجدولة اليومية، ومن الأحياء التي نصل إليها غالباً
11136,post,شركة صيانة مكيفات سبليت بالرياض,https://www.rukn-eltatawer.com/sa/split-ac-maintenance-riyadh/,split-ac-maintenance-riyadh,2127,0,28,33,2,64,0,2026-09-02,2026-09-10,0dac3a7b69b0cc76|n=12,boilerplate_overuse,عبارات قالبية متكررة: تجهيزاً مرتباً قبل انتقال أو موسم ذروة | لا نضع رقماً ثابتاً لا يمثّل عقارك | نوضّح ما سيدخل في النطاق وما لن يدخل | حسب الجدولة اليومية، ومن الأحياء التي نصل إليها غالباً
13120,post,شركة صيانة دكتات التكييف بالرياض,https://www.rukn-eltatawer.com/sa/ac-duct-maintenance-riyadh/,ac-duct-maintenance-riyadh,1824,0,23,33,2,59,0,2026-09-02,2026-09-11,690de4056736ee7d|n=12,boilerplate_overuse,عبارات قالبية متكررة: تجهيزاً مرتباً قبل انتقال أو موسم ذروة | لا نضع رقماً ثابتاً لا يمثّل عقارك | نوضّح ما سيدخل في النطاق وما لن يدخل | حسب الجدولة اليومية، ومن الأحياء التي نصل إليها غالباً
11135,post,شركة صيانة تكييف مركزي بالرياض,https://www.rukn-eltatawer.com/sa/central-ac-maintenance-riyadh/,central-ac-maintenance-riyadh,1824,0,23,31,2,57,0,2026-09-02,2026-09-11,567f006fb0575135|n=12,boilerplate_overuse,عبارات قالبية متكررة: تجهيزاً مرتباً قبل انتقال أو موسم ذروة | لا نضع رقماً ثابتاً لا يمثّل عقارك | نوضّح ما سيدخل في النطاق وما لن يدخل | حسب الجدولة اليومية، ومن الأحياء التي نصل إليها غالباً
13096,post,شركة تعبئة فريون مكيفات بالرياض,https://www.rukn-eltatawer.com/sa/ac-freon-refill-riyadh/,ac-freon-refill-riyadh,1803,0,23,31,2,57,0,2026-09-02,2026-09-11,3788031c710bb64c|n=12,boilerplate_overuse,عبارات قالبية متكررة: تجهيزاً مرتباً قبل انتقال أو موسم ذروة | لا نضع رقماً ثابتاً لا يمثّل عقارك | نوضّح ما سيدخل في النطاق وما لن يدخل | حسب الجدولة اليومية، ومن الأحياء التي نصل إليها غالباً
13088,post,شركة تركيب وحدات تكييف نافذة بالرياض,https://www.rukn-eltatawer.com/sa/window-ac-installation-riyadh/,window-ac-installation-riyadh,1913,0,23,33,2,59,0,2026-09-02,2026-09-11,4363057c8b6ce24a|n=12,boilerplate_overuse,عبارات قالبية متكررة: تجهيزاً مرتباً قبل انتقال أو موسم ذروة | لا نضع رقماً ثابتاً لا يمثّل عقارك | نوضّح ما سيدخل في النطاق وما لن يدخل | حسب الجدولة اليومية، ومن الأحياء التي نصل إليها غالباً
13080,post,شركة تركيب مكيفات سبليت بالرياض,https://www.rukn-eltatawer.com/sa/split-ac-installation-riyadh/,split-ac-installation-riyadh,1824,0,23,31,2,57,0,2026-09-02,2026-09-11,a1c174a4868bb81b|n=12,boilerplate_overuse,عبارات قالبية متكررة: تجهيزاً مرتباً قبل انتقال أو موسم ذروة | لا نضع رقماً ثابتاً لا يمثّل عقارك | نوضّح ما سيدخل في النطاق وما لن يدخل | حسب الجدولة اليومية، ومن الأحياء التي نصل إليها غالباً
13128,post,شركة تركيب تكييف مركزي جديد بالرياض,https://www.rukn-eltatawer.com/sa/new-central-ac-installation-riyadh/,new-central-ac-installation-riyadh,1890,0,23,33,2,59,0,2026-09-02,2026-09-11,97e4a3870d1eb716|n=12,boilerplate_overuse,عبارات قالبية متكررة: تجهيزاً مرتباً قبل انتقال أو موسم ذروة | لا نضع رقماً ثابتاً لا يمثّل عقارك | نوضّح ما سيدخل في النطاق وما لن يدخل | حسب الجدولة اليومية، ومن الأحياء التي نصل إليها غالباً
12528,post,شركة تركيب أجهزة تكييف طاقة شمسية بالرياض,https://www.rukn-eltatawer.com/sa/solar-ac-installation-riyadh/,solar-ac-installation-riyadh,1952,0,23,31,2,57,0,2026-09-02,2026-09-11,0463843b4fa7bec3|n=12,boilerplate_overuse,عبارات قالبية متكررة: تجهيزاً مرتباً قبل انتقال أو موسم ذروة | لا نضع رقماً ثابتاً لا يمثّل عقارك | نوضّح ما سيدخل في النطاق وما لن يدخل | حسب الجدولة اليومية، ومن الأحياء التي نصل إليها غالباً
12560,post,شركة مكافحة النمل الأسود والأحمر بالرياض,https://www.rukn-eltatawer.com/sa/ant-control-riyadh/,ant-control-riyadh,1841,0,23,32,2,58,0,2026-09-02,2026-09-11,73c2a2075170f4cd|n=12,boilerplate_overuse,عبارات قالبية متكررة: تجهيزاً مرتباً قبل انتقال أو موسم ذروة | لا نضع رقماً ثابتاً لا يمثّل عقارك | نوضّح ما سيدخل في النطاق وما لن يدخل | حسب الجدولة اليومية، ومن الأحياء التي نصل إليها غالباً
12552,post,شركة مكافحة النمل الأبيض (الرمة) بالرياض,https://www.rukn-eltatawer.com/sa/termite-control-riyadh/,termite-control-riyadh,1857,0,23,32,2,58,0,2026-09-02,2026-09-11,9fc2d88a6b9be5dd|n=12,boilerplate_overuse,عبارات قالبية متكررة: تجهيزاً مرتباً قبل انتقال أو موسم ذروة | لا نضع رقماً ثابتاً لا يمثّل عقارك | نوضّح ما سيدخل في النطاق وما لن يدخل | حسب الجدولة اليومية، ومن الأحياء التي نصل إليها غالباً
12568,post,شركة مكافحة الصراصير بالرياض,https://www.rukn-eltatawer.com/sa/cockroach-control-riyadh/,cockroach-control-riyadh,1752,0,23,31,2,57,0,2026-09-02,2026-09-11,4e33720bf9a9c4e5|n=12,boilerplate_overuse,عبارات قالبية متكررة: تجهيزاً مرتباً قبل انتقال أو موسم ذروة | لا نضع رقماً ثابتاً لا يمثّل عقارك | نوضّح ما سيدخل في النطاق وما لن يدخل | حسب الجدولة اليومية، ومن الأحياء التي نصل إليها غالباً
10879,post,شركة تنظيف وتعقيم شامل بالرياض,https://www.rukn-eltatawer.com/sa/deep-cleaning-riyadh/,deep-cleaning-riyadh,1803,0,23,31,2,57,0,2026-09-02,2026-09-11,45f57ed89ab254d1|n=12,boilerplate_overuse,عبارات قالبية متكررة: تجهيزاً مرتباً قبل انتقال أو موسم ذروة | لا نضع رقماً ثابتاً لا يمثّل عقارك | نوضّح ما سيدخل في النطاق وما لن يدخل | حسب الجدولة اليومية، ومن الأحياء التي نصل إليها غالباً
10872,post,شركة تنظيف كنب بالرياض,https://www.rukn-eltatawer.com/sa/sofa-cleaning-riyadh/,sofa-cleaning-riyadh,1698,0,23,30,2,56,0,2026-09-02,2026-09-11,ffa5cb0a1eaa58b0|n=12,boilerplate_overuse,عبارات قالبية متكررة: تجهيزاً مرتباً قبل انتقال أو موسم ذروة | لا نضع رقماً ثابتاً لا يمثّل عقارك | نوضّح ما سيدخل في النطاق وما لن يدخل | حسب الجدولة اليومية، ومن الأحياء التي نصل إليها غالباً
10870,post,شركة تنظيف سجاد بالرياض,https://www.rukn-eltatawer.com/sa/carpet-cleaning-riyadh/,carpet-cleaning-riyadh,1741,0,23,31,2,57,0,2026-09-02,2026-09-11,e9de070130222c2a|n=12,boilerplate_overuse,عبارات قالبية متكررة: تجهيزاً مرتباً قبل انتقال أو موسم ذروة | لا نضع رقماً ثابتاً لا يمثّل عقارك | نوضّح ما سيدخل في النطاق وما لن يدخل | حسب الجدولة اليومية، ومن الأحياء التي نصل إليها غالباً
12672,post,شركة التعقيم بالكلور بالرياض,https://www.rukn-eltatawer.com/sa/chlorine-disinfection-riyadh/,chlorine-disinfection-riyadh,1735,0,23,30,2,56,0,2026-09-02,2026-09-11,48bdf106b6e992e8|n=12,boilerplate_overuse,عبارات قالبية متكررة: تجهيزاً مرتباً قبل انتقال أو موسم ذروة | لا نضع رقماً ثابتاً لا يمثّل عقارك | نوضّح ما سيدخل في النطاق وما لن يدخل | حسب الجدولة اليومية، ومن الأحياء التي نصل إليها غالباً
12664,post,شركة التعقيم بالبخار بالرياض,https://www.rukn-eltatawer.com/sa/steam-disinfection-riyadh/,steam-disinfection-riyadh,1753,0,23,32,2,58,0,2026-09-02,2026-09-11,54e40304aac1166e|n=12,boilerplate_overuse,عبارات قالبية متكررة: تجهيزاً مرتباً قبل انتقال أو موسم ذروة | لا نضع رقماً ثابتاً لا يمثّل عقارك | نوضّح ما سيدخل في النطاق وما لن يدخل | حسب الجدولة اليومية، ومن الأحياء التي نصل إليها غالباً
12680,post,شركة التعقيم بالأوزون بالرياض,https://www.rukn-eltatawer.com/sa/ozone-disinfection-riyadh/,ozone-disinfection-riyadh,1753,0,23,32,2,58,0,2026-09-02,2026-09-11,77f404fa76de0e42|n=12,boilerplate_overuse,عبارات قالبية متكررة: تجهيزاً مرتباً قبل انتقال أو موسم ذروة | لا نضع رقماً ثابتاً لا يمثّل عقارك | نوضّح ما سيدخل في النطاق وما لن يدخل | حسب الجدولة اليومية، ومن الأحياء التي نصل إليها غالباً
11341,post,شركة عزل خزانات بالرياض,https://www.rukn-eltatawer.com/sa/tank-insulation-riyadh/,tank-insulation-riyadh,1777,0,23,31,2,57,0,2026-09-02,2026-09-09,74bad9e94eabaffc|n=12,boilerplate_overuse,عبارات قالبية متكررة: تجهيزاً مرتباً قبل انتقال أو موسم ذروة | لا نضع رقماً ثابتاً لا يمثّل عقارك | نوضّح ما سيدخل في النطاق وما لن يدخل | حسب الجدولة اليومية، ومن الأحياء التي نصل إليها غالباً
14835,post,Home Cleaning in Riyadh | Rukn Eltatawer,https://www.rukn-eltatawer.com/sa/en/en-home-cleaning-riyadh/,en-home-cleaning-riyadh,1895,0,23,32,2,58,0,2026-09-02,2026-09-13,98c21fc5b6e3779b|n=12,boilerplate_overuse,عبارات قالبية متكررة: تجهيزاً مرتباً قبل انتقال أو موسم ذروة | لا نضع رقماً ثابتاً لا يمثّل عقارك | نوضّح ما سيدخل في النطاق وما لن يدخل | حسب الجدولة اليومية، ومن الأحياء التي نصل إليها غالباً
14834,post,Roof Waterproofing in Riyadh | Rukn Eltatawer,https://www.rukn-eltatawer.com/sa/en/en-roof-waterproofing-riyadh/,en-roof-waterproofing-riyadh,1899,0,23,32,2,58,0,2026-09-02,2026-09-13,4d9964b40eb3e410|n=12,boilerplate_overuse,عبارات قالبية متكررة: تجهيزاً مرتباً قبل انتقال أو موسم ذروة | لا نضع رقماً ثابتاً لا يمثّل عقارك | نوضّح ما سيدخل في النطاق وما لن يدخل | حسب الجدولة اليومية، ومن الأحياء التي نصل إليها غالباً
14833,post,Water Leak Detection in Riyadh | Rukn Eltatawer,https://www.rukn-eltatawer.com/sa/en/en-water-leak-detection-riyadh/,en-water-leak-detection-riyadh,1918,0,23,30,2,56,0,2026-09-02,2026-09-13,a7fb7b3d728a96a3|n=12,boilerplate_overuse,عبارات قالبية متكررة: تجهيزاً مرتباً قبل انتقال أو موسم ذروة | لا نضع رقماً ثابتاً لا يمثّل عقارك | نوضّح ما سيدخل في النطاق وما لن يدخل | حسب الجدولة اليومية، ومن الأحياء التي نصل إليها غالباً
13008,post,شركة كشف تسريبات مواسير مياه بالرياض,https://www.rukn-eltatawer.com/sa/water-pipe-leak-detection-riyadh/,water-pipe-leak-detection-riyadh,2013,0,23,32,2,58,0,2026-09-02,2026-09-09,10ad5aa4654c1f79|n=12,boilerplate_overuse,عبارات قالبية متكررة: تجهيزاً مرتباً قبل انتقال أو موسم ذروة | لا نضع رقماً ثابتاً لا يمثّل عقارك | نوضّح ما سيدخل في النطاق وما لن يدخل | حسب الجدولة اليومية، ومن الأحياء التي نصل إليها غالباً
10604,post,شركة عزل أسطح بالرياض,https://www.rukn-eltatawer.com/sa/roof-insulation-riyadh/,roof-insulation-riyadh,4015,0,18,35,10,65,0,2026-09-02,2026-09-10,a55621d00409cd66|n=12,ok,
10603,post,شركة كشف تسربات المياه بالرياض,https://www.rukn-eltatawer.com/sa/water-leak-detection-riyadh/,water-leak-detection-riyadh,4142,0,18,42,11,76,0,2026-09-02,2026-09-05,14a0ad3fb529dd48|n=12,ok,
11339,post,شركة كشف تسربات الغاز بالرياض,https://www.rukn-eltatawer.com/sa/gas-leak-detection-riyadh/,gas-leak-detection-riyadh,1954,0,23,34,2,60,0,2026-09-02,2026-09-09,854b4ea530a9aec1|n=12,boilerplate_overuse,عبارات قالبية متكررة: تجهيزاً مرتباً قبل انتقال أو موسم ذروة | لا نضع رقماً ثابتاً لا يمثّل عقارك | نوضّح ما سيدخل في النطاق وما لن يدخل | حسب الجدولة اليومية، ومن الأحياء التي نصل إليها غالباً
11340,post,شركة كشف تسربات التكييف بالرياض,https://www.rukn-eltatawer.com/sa/ac-leak-detection-riyadh/,ac-leak-detection-riyadh,1976,0,23,34,2,60,0,2026-09-02,2026-09-11,da6afa4d92f47d5f|n=12,boilerplate_overuse,عبارات قالبية متكررة: تجهيزاً مرتباً قبل انتقال أو موسم ذروة | لا نضع رقماً ثابتاً لا يمثّل عقارك | نوضّح ما سيدخل في النطاق وما لن يدخل | حسب الجدولة اليومية، ومن الأحياء التي نصل إليها غالباً
10293,post,شركة تنظيف منازل بالباحة | ركن التطور 2026,https://www.rukn-eltatawer.com/sa/home-cleaning-al-baha-2026/,home-cleaning-al-baha-2026,2027,0,14,28,2,42,6,2026-08-14,2026-09-11,6ce82eeb566685c0|n=12,ok,
10292,post,تنظيف فلل بالباحة | خدمات احترافية من ركن التطور 2026,https://www.rukn-eltatawer.com/sa/villa-cleaning-al-baha/,villa-cleaning-al-baha,2236,0,14,17,0,34,5,2026-08-14,2026-09-11,0690f7aba0d695b5|n=12,errors_missing,لا صور داخل المحتوى
10422,post,أهمية الصيانة الدورية للمنازل في السعودية,https://www.rukn-eltatawer.com/sa/ahmyh-alsyanh-aldwryh/,ahmyh-alsyanh-aldwryh,1970,0,23,30,2,56,0,2026-07-01,2026-09-10,8a6b22a415966ee4|n=12,boilerplate_overuse,عبارات قالبية متكررة: تجهيزاً مرتباً قبل انتقال أو موسم ذروة | لا نضع رقماً ثابتاً لا يمثّل عقارك | نوضّح ما سيدخل في النطاق وما لن يدخل | حسب الجدولة اليومية، ومن الأحياء التي نصل إليها غالباً
10421,post,متى تحتاج لفحص تسربات المياه؟ العلامات التي لا تتجاهلها,https://www.rukn-eltatawer.com/sa/mta-thtaj-lfhs-altsrbat/,mta-thtaj-lfhs-altsrbat,2322,0,23,32,2,58,0,2026-07-01,2026-09-10,ee5ff9384ac0a787|n=12,boilerplate_overuse,عبارات قالبية متكررة: تجهيزاً مرتباً قبل انتقال أو موسم ذروة | لا نضع رقماً ثابتاً لا يمثّل عقارك | نوضّح ما سيدخل في النطاق وما لن يدخل | حسب الجدولة اليومية، ومن الأحياء التي نصل إليها غالباً
10420,post,نصائح للعناية بالمنزل طوال العام,https://www.rukn-eltatawer.com/sa/nsayh-llanayh-balmnzl/,nsayh-llanayh-balmnzl,1931,0,23,32,2,58,0,2026-07-01,2026-09-10,d0ece5496eabd785|n=12,boilerplate_overuse,عبارات قالبية متكررة: تجهيزاً مرتباً قبل انتقال أو موسم ذروة | لا نضع رقماً ثابتاً لا يمثّل عقارك | نوضّح ما سيدخل في النطاق وما لن يدخل | حسب الجدولة اليومية، ومن الأحياء التي نصل إليها غالباً
10409,post,سباكة وصيانة عامة للمنازل — حلول سريعة ومعتمدة,https://www.rukn-eltatawer.com/sa/sbakh-wsyanh-aamh/,sbakh-wsyanh-aamh,2073,0,23,33,2,59,0,2026-07-01,2026-09-13,1569f1a0ad0ab0a2|n=12,boilerplate_overuse,عبارات قالبية متكررة: تجهيزاً مرتباً قبل انتقال أو موسم ذروة | لا نضع رقماً ثابتاً لا يمثّل عقارك | نوضّح ما سيدخل في النطاق وما لن يدخل | حسب الجدولة اليومية، ومن الأحياء التي نصل إليها غالباً
10408,post,مكافحة الحشرات في المنازل — حماية فعالة وآمنة,https://www.rukn-eltatawer.com/sa/mkafhh-alhshrat/,mkafhh-alhshrat,2079,0,23,33,2,59,0,2026-07-01,2026-09-13,f4d9f6c31d9847cf|n=12,boilerplate_overuse,عبارات قالبية متكررة: تجهيزاً مرتباً قبل انتقال أو موسم ذروة | لا نضع رقماً ثابتاً لا يمثّل عقارك | نوضّح ما سيدخل في النطاق وما لن يدخل | حسب الجدولة اليومية، ومن الأحياء التي نصل إليها غالباً
10407,post,تنظيف وتعقيم المنازل — نظافة عميقة تدوم,https://www.rukn-eltatawer.com/sa/tnzyf-wtaqym/,tnzyf-wtaqym,2022,0,23,31,2,57,0,2026-07-01,2026-09-13,9aa34c0fdf847941|n=12,boilerplate_overuse,عبارات قالبية متكررة: تجهيزاً مرتباً قبل انتقال أو موسم ذروة | لا نضع رقماً ثابتاً لا يمثّل عقارك | نوضّح ما سيدخل في النطاق وما لن يدخل | حسب الجدولة اليومية، ومن الأحياء التي نصل إليها غالباً
10406,post,صيانة التكييف — تبريد أقوى واستهلاك أقل,https://www.rukn-eltatawer.com/sa/syanh-altkyyf/,syanh-altkyyf,1999,0,23,31,2,57,0,2026-07-01,2026-09-13,a9415bff017339e8|n=12,boilerplate_overuse,عبارات قالبية متكررة: تجهيزاً مرتباً قبل انتقال أو موسم ذروة | لا نضع رقماً ثابتاً لا يمثّل عقارك | نوضّح ما سيدخل في النطاق وما لن يدخل | حسب الجدولة اليومية، ومن الأحياء التي نصل إليها غالباً
10405,post,عزل الأسطح — حماية من الرطوبة والحرارة,https://www.rukn-eltatawer.com/sa/azl-alasth/,azl-alasth,2021,0,23,33,2,59,0,2026-07-01,2026-09-13,bee1c3dade83f8b1|n=12,boilerplate_overuse,عبارات قالبية متكررة: تجهيزاً مرتباً قبل انتقال أو موسم ذروة | لا نضع رقماً ثابتاً لا يمثّل عقارك | نوضّح ما سيدخل في النطاق وما لن يدخل | حسب الجدولة اليومية، ومن الأحياء التي نصل إليها غالباً
10404,post,كشف تسربات المياه — دليل الخدمة من ركن التطور,https://www.rukn-eltatawer.com/sa/kshf-tsrbat-almyah/,kshf-tsrbat-almyah,2264,0,23,32,2,58,0,2026-07-01,2026-09-13,f3fb1d0ab8649c83|n=12,boilerplate_overuse,عبارات قالبية متكررة: تجهيزاً مرتباً قبل انتقال أو موسم ذروة | لا نضع رقماً ثابتاً لا يمثّل عقارك | نوضّح ما سيدخل في النطاق وما لن يدخل | حسب الجدولة اليومية، ومن الأحياء التي نصل إليها غالباً
10283,post,تنظيف سجاد وموكيت بالرياض,https://www.rukn-eltatawer.com/sa/tanzif-sijjad-wamaukit-bilriyadh/,tanzif-sijjad-wamaukit-bilriyadh,1804,0,23,31,2,57,0,2026-03-28,2026-09-11,ac356bc70da3dff4|n=12,boilerplate_overuse,عبارات قالبية متكررة: تجهيزاً مرتباً قبل انتقال أو موسم ذروة | لا نضع رقماً ثابتاً لا يمثّل عقارك | نوضّح ما سيدخل في النطاق وما لن يدخل | حسب الجدولة اليومية، ومن الأحياء التي نصل إليها غالباً
10282,post,شركة تنظيف كنب بالبخار بالرياض,https://www.rukn-eltatawer.com/sa/sharikat-tanzif-kanab-bilbukhar-bilriyadh/,sharikat-tanzif-kanab-bilbukhar-bilriyadh,1789,0,23,32,2,58,0,2026-03-28,2026-09-11,ac2fca756a13c56c|n=12,boilerplate_overuse,عبارات قالبية متكررة: تجهيزاً مرتباً قبل انتقال أو موسم ذروة | لا نضع رقماً ثابتاً لا يمثّل عقارك | نوضّح ما سيدخل في النطاق وما لن يدخل | حسب الجدولة اليومية، ومن الأحياء التي نصل إليها غالباً
10281,post,تنظيف شامل للمنازل بالرياض,https://www.rukn-eltatawer.com/sa/tanzif-shamil-lilmanazil-bilriyadh/,tanzif-shamil-lilmanazil-bilriyadh,2096,0,28,31,2,62,0,2026-03-28,2026-09-10,f2a8d304634383c8|n=12,boilerplate_overuse,عبارات قالبية متكررة: تجهيزاً مرتباً قبل انتقال أو موسم ذروة | لا نضع رقماً ثابتاً لا يمثّل عقارك | نوضّح ما سيدخل في النطاق وما لن يدخل | حسب الجدولة اليومية، ومن الأحياء التي نصل إليها غالباً
10280,post,شركة تنظيف شقق بالرياض,https://www.rukn-eltatawer.com/sa/apartment-cleaning-in-riyadh/,apartment-cleaning-in-riyadh,1741,0,23,31,2,57,0,2026-03-28,2026-09-11,60a0d97ec758190c|n=12,boilerplate_overuse,عبارات قالبية متكررة: تجهيزاً مرتباً قبل انتقال أو موسم ذروة | لا نضع رقماً ثابتاً لا يمثّل عقارك | نوضّح ما سيدخل في النطاق وما لن يدخل | حسب الجدولة اليومية، ومن الأحياء التي نصل إليها غالباً
10279,post,تنظيف فلل فاخرة بالرياض,https://www.rukn-eltatawer.com/sa/tanzif-filla-fakhira-bilriyadh/,tanzif-filla-fakhira-bilriyadh,1802,0,23,31,2,57,0,2026-03-28,2026-09-11,aa34b837eea2d037|n=12,boilerplate_overuse,عبارات قالبية متكررة: تجهيزاً مرتباً قبل انتقال أو موسم ذروة | لا نضع رقماً ثابتاً لا يمثّل عقارك | نوضّح ما سيدخل في النطاق وما لن يدخل | حسب الجدولة اليومية، ومن الأحياء التي نصل إليها غالباً
10278,post,شركة تنظيف فلل بالرياض,https://www.rukn-eltatawer.com/sa/sharikat-tanzif-filla-bilriyadh/,sharikat-tanzif-filla-bilriyadh,1756,0,23,33,2,59,0,2026-03-28,2026-09-11,b2493b027436d5e1|n=12,boilerplate_overuse,عبارات قالبية متكررة: تجهيزاً مرتباً قبل انتقال أو موسم ذروة | لا نضع رقماً ثابتاً لا يمثّل عقارك | نوضّح ما سيدخل في النطاق وما لن يدخل | حسب الجدولة اليومية، ومن الأحياء التي نصل إليها غالباً
10277,post,تنظيف منازل بالرياض مع التعقيم الكامل,https://www.rukn-eltatawer.com/sa/tanzif-manazil-bilriyadh-maa-altaqim/,tanzif-manazil-bilriyadh-maa-altaqim,2254,0,28,31,2,62,0,2026-03-28,2026-09-10,8ba50e9fa6a78bf6|n=12,boilerplate_overuse,عبارات قالبية متكررة: تجهيزاً مرتباً قبل انتقال أو موسم ذروة | لا نضع رقماً ثابتاً لا يمثّل عقارك | نوضّح ما سيدخل في النطاق وما لن يدخل | حسب الجدولة اليومية، ومن الأحياء التي نصل إليها غالباً
10276,post,أسعار تنظيف المنازل بالرياض,https://www.rukn-eltatawer.com/sa/asaar-tanzif-almanazil-bilriyadh/,asaar-tanzif-almanazil-bilriyadh,1797,0,23,31,2,57,0,2026-03-28,2026-09-11,45172cb4f1bdf8cc|n=12,boilerplate_overuse,عبارات قالبية متكررة: تجهيزاً مرتباً قبل انتقال أو موسم ذروة | لا نضع رقماً ثابتاً لا يمثّل عقارك | نوضّح ما سيدخل في النطاق وما لن يدخل | حسب الجدولة اليومية، ومن الأحياء التي نصل إليها غالباً
10275,post,أفضل شركة تنظيف منازل بالرياض,https://www.rukn-eltatawer.com/sa/afdal-sharikat-tanzif-manazil-bilriyadh/,afdal-sharikat-tanzif-manazil-bilriyadh,1898,0,23,33,2,59,0,2026-03-28,2026-09-11,7189e5503d5e083d|n=12,boilerplate_overuse,عبارات قالبية متكررة: تجهيزاً مرتباً قبل انتقال أو موسم ذروة | لا نضع رقماً ثابتاً لا يمثّل عقارك | نوضّح ما سيدخل في النطاق وما لن يدخل | حسب الجدولة اليومية، ومن الأحياء التي نصل إليها غالباً
10274,post,شركة تنظيف منازل بالرياض,https://www.rukn-eltatawer.com/sa/house-cleaning-in-riyadh/,house-cleaning-in-riyadh,4136,0,18,37,3,66,2,2026-03-28,2026-09-11,7f5c5911eebed434|n=12,ok,
9352,post,كشف تسربات المياه في شرورة | شركة ركن التطور,https://www.rukn-eltatawer.com/sa/water-leak-detection-sharurah/,water-leak-detection-sharurah,2095,0,23,32,2,58,0,2026-02-10,2026-09-10,13c28d6bbb6121fb|n=12,boilerplate_overuse,عبارات قالبية متكررة: تجهيزاً مرتباً قبل انتقال أو موسم ذروة | لا نضع رقماً ثابتاً لا يمثّل عقارك | نوضّح ما سيدخل في النطاق وما لن يدخل | حسب الجدولة اليومية، ومن الأحياء التي نصل إليها غالباً
9351,post,كشف تسربات المياه في أملج | شركة ركن التطور,https://www.rukn-eltatawer.com/sa/water-leak-detection-umluj/,water-leak-detection-umluj,2107,0,23,34,2,60,0,2026-02-10,2026-09-10,4ee613d1807d06a8|n=12,boilerplate_overuse,عبارات قالبية متكررة: تجهيزاً مرتباً قبل انتقال أو موسم ذروة | لا نضع رقماً ثابتاً لا يمثّل عقارك | نوضّح ما سيدخل في النطاق وما لن يدخل | حسب الجدولة اليومية، ومن الأحياء التي نصل إليها غالباً
9350,post,كشف تسربات المياه في المندق | شركة ركن التطور,https://www.rukn-eltatawer.com/sa/water-leak-detection-al-mandaq/,water-leak-detection-al-mandaq,2125,0,23,34,2,60,0,2026-02-10,2026-09-10,bf138ae083214d8e|n=12,boilerplate_overuse,عبارات قالبية متكررة: تجهيزاً مرتباً قبل انتقال أو موسم ذروة | لا نضع رقماً ثابتاً لا يمثّل عقارك | نوضّح ما سيدخل في النطاق وما لن يدخل | حسب الجدولة اليومية، ومن الأحياء التي نصل إليها غالباً
9349,post,كشف تسربات المياه في صامطة | شركة ركن التطور,https://www.rukn-eltatawer.com/sa/water-leak-detection-samtah/,water-leak-detection-samtah,2081,0,23,32,2,58,0,2026-02-10,2026-09-10,f1b1d8bb3d965a68|n=12,boilerplate_overuse,عبارات قالبية متكررة: تجهيزاً مرتباً قبل انتقال أو موسم ذروة | لا نضع رقماً ثابتاً لا يمثّل عقارك | نوضّح ما سيدخل في النطاق وما لن يدخل | حسب الجدولة اليومية، ومن الأحياء التي نصل إليها غالباً
9348,post,كشف تسربات المياه في النعيرية | شركة ركن التطور,https://www.rukn-eltatawer.com/sa/water-leak-detection-an-nuayriyah/,water-leak-detection-an-nuayriyah,2108,0,23,34,2,60,0,2026-02-10,2026-09-10,3215ce10421cfa2b|n=12,boilerplate_overuse,عبارات قالبية متكررة: تجهيزاً مرتباً قبل انتقال أو موسم ذروة | لا نضع رقماً ثابتاً لا يمثّل عقارك | نوضّح ما سيدخل في النطاق وما لن يدخل | حسب الجدولة اليومية، ومن الأحياء التي نصل إليها غالباً
9347,post,كشف تسربات المياه في تنومة | شركة ركن التطور,https://www.rukn-eltatawer.com/sa/water-leak-detection-tanuma/,water-leak-detection-tanuma,2088,0,23,32,2,58,0,2026-02-10,2026-09-10,7e92db4a19b9a0b6|n=12,boilerplate_overuse,عبارات قالبية متكررة: تجهيزاً مرتباً قبل انتقال أو موسم ذروة | لا نضع رقماً ثابتاً لا يمثّل عقارك | نوضّح ما سيدخل في النطاق وما لن يدخل | حسب الجدولة اليومية، ومن الأحياء التي نصل إليها غالباً
9346,post,كشف تسربات المياه في النماص | شركة ركن التطور,https://www.rukn-eltatawer.com/sa/water-leak-detection-al-namas/,water-leak-detection-al-namas,2109,0,23,32,2,58,0,2026-02-10,2026-09-10,f178a077770bee97|n=12,boilerplate_overuse,عبارات قالبية متكررة: تجهيزاً مرتباً قبل انتقال أو موسم ذروة | لا نضع رقماً ثابتاً لا يمثّل عقارك | نوضّح ما سيدخل في النطاق وما لن يدخل | حسب الجدولة اليومية، ومن الأحياء التي نصل إليها غالباً
9345,post,كشف تسربات المياه في البكيرية | شركة ركن التطور,https://www.rukn-eltatawer.com/sa/water-leak-detection-al-bukayriyah/,water-leak-detection-al-bukayriyah,2094,0,23,32,2,58,0,2026-02-10,2026-09-10,9ecc26bfcc2e996c|n=12,boilerplate_overuse,عبارات قالبية متكررة: تجهيزاً مرتباً قبل انتقال أو موسم ذروة | لا نضع رقماً ثابتاً لا يمثّل عقارك | نوضّح ما سيدخل في النطاق وما لن يدخل | حسب الجدولة اليومية، ومن الأحياء التي نصل إليها غالباً
9344,post,كشف تسربات المياه في الرس | شركة ركن التطور,https://www.rukn-eltatawer.com/sa/water-leak-detection-ar-rass/,water-leak-detection-ar-rass,2085,0,23,32,2,58,0,2026-02-10,2026-09-10,324384fc071dd734|n=12,boilerplate_overuse,عبارات قالبية متكررة: تجهيزاً مرتباً قبل انتقال أو موسم ذروة | لا نضع رقماً ثابتاً لا يمثّل عقارك | نوضّح ما سيدخل في النطاق وما لن يدخل | حسب الجدولة اليومية، ومن الأحياء التي نصل إليها غالباً
9343,post,كشف تسربات المياه في المخواة | شركة ركن التطور,https://www.rukn-eltatawer.com/sa/water-leak-detection-al-makhwah/,water-leak-detection-al-makhwah,2107,0,23,32,2,58,0,2026-02-10,2026-09-10,bfaf15a711589dc7|n=12,boilerplate_overuse,عبارات قالبية متكررة: تجهيزاً مرتباً قبل انتقال أو موسم ذروة | لا نضع رقماً ثابتاً لا يمثّل عقارك | نوضّح ما سيدخل في النطاق وما لن يدخل | حسب الجدولة اليومية، ومن الأحياء التي نصل إليها غالباً
9342,post,كشف تسربات المياه في بلجرشي | شركة ركن التطور,https://www.rukn-eltatawer.com/sa/water-leak-detection-baljurashi/,water-leak-detection-baljurashi,2099,0,23,34,2,60,0,2026-02-10,2026-09-10,761974a07622fd12|n=12,boilerplate_overuse,عبارات قالبية متكررة: تجهيزاً مرتباً قبل انتقال أو موسم ذروة | لا نضع رقماً ثابتاً لا يمثّل عقارك | نوضّح ما سيدخل في النطاق وما لن يدخل | حسب الجدولة اليومية، ومن الأحياء التي نصل إليها غالباً
9341,post,كشف تسربات المياه في ظهران الجنوب | شركة ركن التطور,https://www.rukn-eltatawer.com/sa/water-leak-detection-zahran-al-janoub/,water-leak-detection-zahran-al-janoub,2164,0,23,34,2,60,0,2026-02-10,2026-09-10,af5b81212b01cc63|n=12,boilerplate_overuse,عبارات قالبية متكررة: تجهيزاً مرتباً قبل انتقال أو موسم ذروة | لا نضع رقماً ثابتاً لا يمثّل عقارك | نوضّح ما سيدخل في النطاق وما لن يدخل | حسب الجدولة اليومية، ومن الأحياء التي نصل إليها غالباً
9340,post,كشف تسربات المياه في تثليث | شركة ركن التطور,https://www.rukn-eltatawer.com/sa/water-leak-detection-tathlith/,water-leak-detection-tathlith,2113,0,23,34,2,60,0,2026-02-10,2026-09-10,1f3807b79b02122d|n=12,boilerplate_overuse,عبارات قالبية متكررة: تجهيزاً مرتباً قبل انتقال أو موسم ذروة | لا نضع رقماً ثابتاً لا يمثّل عقارك | نوضّح ما سيدخل في النطاق وما لن يدخل | حسب الجدولة اليومية، ومن الأحياء التي نصل إليها غالباً
9339,post,كشف تسربات المياه في الحناكية | شركة ركن التطور,https://www.rukn-eltatawer.com/sa/water-leak-detection-al-hinakiyah/,water-leak-detection-al-hinakiyah,2081,0,23,32,2,58,0,2026-02-10,2026-09-10,c04a096dd072ed05|n=12,boilerplate_overuse,عبارات قالبية متكررة: تجهيزاً مرتباً قبل انتقال أو موسم ذروة | لا نضع رقماً ثابتاً لا يمثّل عقارك | نوضّح ما سيدخل في النطاق وما لن يدخل | حسب الجدولة اليومية، ومن الأحياء التي نصل إليها غالباً
9338,post,كشف تسربات المياه في المهد | شركة ركن التطور,https://www.rukn-eltatawer.com/sa/water-leak-detection-al-mahd/,water-leak-detection-al-mahd,2125,0,23,34,2,60,0,2026-02-10,2026-09-10,d004c7e4f76b2684|n=12,boilerplate_overuse,عبارات قالبية متكررة: تجهيزاً مرتباً قبل انتقال أو موسم ذروة | لا نضع رقماً ثابتاً لا يمثّل عقارك | نوضّح ما سيدخل في النطاق وما لن يدخل | حسب الجدولة اليومية، ومن الأحياء التي نصل إليها غالباً
9337,post,كشف تسربات المياه في العلا | شركة ركن التطور,https://www.rukn-eltatawer.com/sa/water-leak-detection-alula/,water-leak-detection-alula,2083,0,23,32,2,58,0,2026-02-10,2026-09-10,5bccab8eac91f236|n=12,boilerplate_overuse,عبارات قالبية متكررة: تجهيزاً مرتباً قبل انتقال أو موسم ذروة | لا نضع رقماً ثابتاً لا يمثّل عقارك | نوضّح ما سيدخل في النطاق وما لن يدخل | حسب الجدولة اليومية، ومن الأحياء التي نصل إليها غالباً
9336,post,كشف تسربات المياه في بدر | شركة ركن التطور,https://www.rukn-eltatawer.com/sa/water-leak-detection-badr/,water-leak-detection-badr,2113,0,23,32,2,58,0,2026-02-10,2026-09-10,379d99fb9605ff70|n=12,boilerplate_overuse,عبارات قالبية متكررة: تجهيزاً مرتباً قبل انتقال أو موسم ذروة | لا نضع رقماً ثابتاً لا يمثّل عقارك | نوضّح ما سيدخل في النطاق وما لن يدخل | حسب الجدولة اليومية، ومن الأحياء التي نصل إليها غالباً
9335,post,كشف تسربات المياه في الجموم | شركة ركن التطور,https://www.rukn-eltatawer.com/sa/water-leak-detection-al-jumum/,water-leak-detection-al-jumum,2084,0,23,32,2,58,0,2026-02-10,2026-09-10,607bf4b72b201429|n=12,boilerplate_overuse,عبارات قالبية متكررة: تجهيزاً مرتباً قبل انتقال أو موسم ذروة | لا نضع رقماً ثابتاً لا يمثّل عقارك | نوضّح ما سيدخل في النطاق وما لن يدخل | حسب الجدولة اليومية، ومن الأحياء التي نصل إليها غالباً
9334,post,كشف تسربات المياه في رابغ | شركة ركن التطور,https://www.rukn-eltatawer.com/sa/water-leak-detection-rabigh/,water-leak-detection-rabigh,2081,0,23,32,2,58,0,2026-02-10,2026-09-10,bd48275daedcb49c|n=12,boilerplate_overuse,عبارات قالبية متكررة: تجهيزاً مرتباً قبل انتقال أو موسم ذروة | لا نضع رقماً ثابتاً لا يمثّل عقارك | نوضّح ما سيدخل في النطاق وما لن يدخل | حسب الجدولة اليومية، ومن الأحياء التي نصل إليها غالباً
9333,post,كشف تسربات المياه بالخفجي,https://www.rukn-eltatawer.com/sa/water-leak-detection-khafji/,water-leak-detection-khafji,8252,0,28,170,0,198,0,2026-02-10,2026-09-09,0c0f9dbe4786a362|n=12,errors_missing,لا صور داخل المحتوى
9332,post,كشف تسربات المياه في حفر الباطن | شركة ركن التطور,https://www.rukn-eltatawer.com/sa/water-leak-detection-hafar-al-batin/,water-leak-detection-hafar-al-batin,2142,0,23,32,2,58,0,2026-02-10,2026-09-10,73d575a0d3d04977|n=12,boilerplate_overuse,عبارات قالبية متكررة: تجهيزاً مرتباً قبل انتقال أو موسم ذروة | لا نضع رقماً ثابتاً لا يمثّل عقارك | نوضّح ما سيدخل في النطاق وما لن يدخل | حسب الجدولة اليومية، ومن الأحياء التي نصل إليها غالباً
9331,post,كشف تسربات المياه في ضباء | شركة ركن التطور,https://www.rukn-eltatawer.com/sa/water-leak-detection-duba/,water-leak-detection-duba,2105,0,23,34,2,60,0,2026-02-10,2026-09-10,6bc5c655fdbbddd0|n=12,boilerplate_overuse,عبارات قالبية متكررة: تجهيزاً مرتباً قبل انتقال أو موسم ذروة | لا نضع رقماً ثابتاً لا يمثّل عقارك | نوضّح ما سيدخل في النطاق وما لن يدخل | حسب الجدولة اليومية، ومن الأحياء التي نصل إليها غالباً
9330,post,كشف تسربات المياه في الوجه | شركة ركن التطور,https://www.rukn-eltatawer.com/sa/water-leak-detection-al-wajh/,water-leak-detection-al-wajh,2105,0,23,32,2,58,0,2026-02-10,2026-09-10,57b866c64064d117|n=12,boilerplate_overuse,عبارات قالبية متكررة: تجهيزاً مرتباً قبل انتقال أو موسم ذروة | لا نضع رقماً ثابتاً لا يمثّل عقارك | نوضّح ما سيدخل في النطاق وما لن يدخل | حسب الجدولة اليومية، ومن الأحياء التي نصل إليها غالباً
9329,post,كشف تسربات المياه في دومة الجندل | شركة ركن التطور,https://www.rukn-eltatawer.com/sa/water-leak-detection-dumat-al-jandal/,water-leak-detection-dumat-al-jandal,2172,0,23,34,2,60,0,2026-02-10,2026-09-10,dd0e6b85d126d19b|n=12,boilerplate_overuse,عبارات قالبية متكررة: تجهيزاً مرتباً قبل انتقال أو موسم ذروة | لا نضع رقماً ثابتاً لا يمثّل عقارك | نوضّح ما سيدخل في النطاق وما لن يدخل | حسب الجدولة اليومية، ومن الأحياء التي نصل إليها غالباً
9328,post,كشف تسربات المياه في القريات | شركة ركن التطور,https://www.rukn-eltatawer.com/sa/water-leak-detection-al-qurayyat/,water-leak-detection-al-qurayyat,2093,0,23,32,2,58,0,2026-02-10,2026-09-10,7392e6c19e78133a|n=12,boilerplate_overuse,عبارات قالبية متكررة: تجهيزاً مرتباً قبل انتقال أو موسم ذروة | لا نضع رقماً ثابتاً لا يمثّل عقارك | نوضّح ما سيدخل في النطاق وما لن يدخل | حسب الجدولة اليومية، ومن الأحياء التي نصل إليها غالباً
9327,post,كشف تسربات المياه في طريف | شركة ركن التطور,https://www.rukn-eltatawer.com/sa/water-leak-detection-turaif/,water-leak-detection-turaif,2098,0,23,32,2,58,0,2026-02-10,2026-09-10,7361433482376940|n=12,boilerplate_overuse,عبارات قالبية متكررة: تجهيزاً مرتباً قبل انتقال أو موسم ذروة | لا نضع رقماً ثابتاً لا يمثّل عقارك | نوضّح ما سيدخل في النطاق وما لن يدخل | حسب الجدولة اليومية، ومن الأحياء التي نصل إليها غالباً
9326,post,كشف تسربات المياه في رفحاء | شركة ركن التطور,https://www.rukn-eltatawer.com/sa/water-leak-detection-rafha/,water-leak-detection-rafha,2101,0,23,34,2,60,0,2026-02-10,2026-09-10,378a20f37f021062|n=12,boilerplate_overuse,عبارات قالبية متكررة: تجهيزاً مرتباً قبل انتقال أو موسم ذروة | لا نضع رقماً ثابتاً لا يمثّل عقارك | نوضّح ما سيدخل في النطاق وما لن يدخل | حسب الجدولة اليومية، ومن الأحياء التي نصل إليها غالباً
9325,post,كشف تسربات المياه في أبو عريش | شركة ركن التطور,https://www.rukn-eltatawer.com/sa/water-leak-detection-abu-arish/,water-leak-detection-abu-arish,2180,0,23,32,2,58,0,2026-02-10,2026-09-10,dff95e4f43e0872b|n=12,boilerplate_overuse,عبارات قالبية متكررة: تجهيزاً مرتباً قبل انتقال أو موسم ذروة | لا نضع رقماً ثابتاً لا يمثّل عقارك | نوضّح ما سيدخل في النطاق وما لن يدخل | حسب الجدولة اليومية، ومن الأحياء التي نصل إليها غالباً
9324,post,كشف تسربات المياه في صبيا | شركة ركن التطور,https://www.rukn-eltatawer.com/sa/water-leak-detection-sabya/,water-leak-detection-sabya,2100,0,23,34,2,60,0,2026-02-10,2026-09-10,a799ed3911215860|n=12,boilerplate_overuse,عبارات قالبية متكررة: تجهيزاً مرتباً قبل انتقال أو موسم ذروة | لا نضع رقماً ثابتاً لا يمثّل عقارك | نوضّح ما سيدخل في النطاق وما لن يدخل | حسب الجدولة اليومية، ومن الأحياء التي نصل إليها غالباً
9323,post,كشف تسربات المياه في سراة عبيدة | شركة ركن التطور,https://www.rukn-eltatawer.com/sa/water-leak-detection-sarat-obaidah/,water-leak-detection-sarat-obaidah,2169,0,23,34,2,60,0,2026-02-10,2026-09-10,933ab579b5d6b940|n=12,boilerplate_overuse,عبارات قالبية متكررة: تجهيزاً مرتباً قبل انتقال أو موسم ذروة | لا نضع رقماً ثابتاً لا يمثّل عقارك | نوضّح ما سيدخل في النطاق وما لن يدخل | حسب الجدولة اليومية، ومن الأحياء التي نصل إليها غالباً
9322,post,كشف تسربات المياه في محايل عسير | شركة ركن التطور,https://www.rukn-eltatawer.com/sa/water-leak-detection-muhayil-asir/,water-leak-detection-muhayil-asir,2173,0,23,34,2,60,0,2026-02-10,2026-09-10,0812755ab29ba35c|n=12,boilerplate_overuse,عبارات قالبية متكررة: تجهيزاً مرتباً قبل انتقال أو موسم ذروة | لا نضع رقماً ثابتاً لا يمثّل عقارك | نوضّح ما سيدخل في النطاق وما لن يدخل | حسب الجدولة اليومية، ومن الأحياء التي نصل إليها غالباً
9321,post,كشف تسربات المياه في بيشة | شركة ركن التطور,https://www.rukn-eltatawer.com/sa/water-leak-detection-bisha/,water-leak-detection-bisha,2086,0,23,32,2,58,0,2026-02-10,2026-09-10,1aefc8c1928e4d84|n=12,boilerplate_overuse,عبارات قالبية متكررة: تجهيزاً مرتباً قبل انتقال أو موسم ذروة | لا نضع رقماً ثابتاً لا يمثّل عقارك | نوضّح ما سيدخل في النطاق وما لن يدخل | حسب الجدولة اليومية، ومن الأحياء التي نصل إليها غالباً
9320,post,كشف تسربات المياه في الأفلاج | شركة ركن التطور,https://www.rukn-eltatawer.com/sa/water-leak-detection-al-aflaj/,water-leak-detection-al-aflaj,2103,0,23,34,2,60,0,2026-02-10,2026-09-10,aa6c916ac28aa20a|n=12,boilerplate_overuse,عبارات قالبية متكررة: تجهيزاً مرتباً قبل انتقال أو موسم ذروة | لا نضع رقماً ثابتاً لا يمثّل عقارك | نوضّح ما سيدخل في النطاق وما لن يدخل | حسب الجدولة اليومية، ومن الأحياء التي نصل إليها غالباً
9319,post,كشف تسربات المياه في وادي الدواسر | شركة ركن التطور,https://www.rukn-eltatawer.com/sa/water-leak-detection-wadi-ad-dawasir/,water-leak-detection-wadi-ad-dawasir,2152,0,23,32,2,58,0,2026-02-10,2026-09-10,407750af206ac586|n=12,boilerplate_overuse,عبارات قالبية متكررة: تجهيزاً مرتباً قبل انتقال أو موسم ذروة | لا نضع رقماً ثابتاً لا يمثّل عقارك | نوضّح ما سيدخل في النطاق وما لن يدخل | حسب الجدولة اليومية، ومن الأحياء التي نصل إليها غالباً
9318,post,كشف تسربات المياه في المجمعة | شركة ركن التطور,https://www.rukn-eltatawer.com/sa/water-leak-detection-al-majmaah/,water-leak-detection-al-majmaah,2121,0,23,34,2,60,0,2026-02-10,2026-09-10,950ef93b6242d362|n=12,boilerplate_overuse,عبارات قالبية متكررة: تجهيزاً مرتباً قبل انتقال أو موسم ذروة | لا نضع رقماً ثابتاً لا يمثّل عقارك | نوضّح ما سيدخل في النطاق وما لن يدخل | حسب الجدولة اليومية، ومن الأحياء التي نصل إليها غالباً
9317,post,كشف تسربات المياه في شقراء | شركة ركن التطور,https://www.rukn-eltatawer.com/sa/water-leak-detection-shaqra/,water-leak-detection-shaqra,2101,0,23,34,2,60,0,2026-02-10,2026-09-10,fa3d1ef2891fa5a3|n=12,boilerplate_overuse,عبارات قالبية متكررة: تجهيزاً مرتباً قبل انتقال أو موسم ذروة | لا نضع رقماً ثابتاً لا يمثّل عقارك | نوضّح ما سيدخل في النطاق وما لن يدخل | حسب الجدولة اليومية، ومن الأحياء التي نصل إليها غالباً
9316,post,كشف تسربات المياه في الزلفي,https://www.rukn-eltatawer.com/sa/water-leak-detection-al-zulfi/,water-leak-detection-al-zulfi,2079,0,23,32,2,58,0,2026-02-10,2026-09-10,c756f21de76ce425|n=12,boilerplate_overuse,عبارات قالبية متكررة: تجهيزاً مرتباً قبل انتقال أو موسم ذروة | لا نضع رقماً ثابتاً لا يمثّل عقارك | نوضّح ما سيدخل في النطاق وما لن يدخل | حسب الجدولة اليومية، ومن الأحياء التي نصل إليها غالباً
9315,post,كشف تسربات المياه في الدوادمي,https://www.rukn-eltatawer.com/sa/water-leak-detection-al-dawadmi/,water-leak-detection-al-dawadmi,1875,0,22,34,2,56,0,2026-02-10,2026-09-09,46ed7a091953345b|n=12,boilerplate_overuse,عبارات قالبية متكررة: تجهيزاً مرتباً قبل انتقال أو موسم ذروة | لا نضع رقماً ثابتاً لا يمثّل عقارك | نوضّح ما سيدخل في النطاق وما لن يدخل | حسب الجدولة اليومية، ومن الأحياء التي نصل إليها غالباً
9314,post,كشف تسربات المياه في الخرج,https://www.rukn-eltatawer.com/sa/water-leak-detection-al-kharj/,water-leak-detection-al-kharj,2111,0,23,32,2,58,0,2026-02-10,2026-09-10,73090e66ca2023a9|n=12,boilerplate_overuse,عبارات قالبية متكررة: تجهيزاً مرتباً قبل انتقال أو موسم ذروة | لا نضع رقماً ثابتاً لا يمثّل عقارك | نوضّح ما سيدخل في النطاق وما لن يدخل | حسب الجدولة اليومية، ومن الأحياء التي نصل إليها غالباً
9313,post,كشف تسربات المياه في رأس تنورة,https://www.rukn-eltatawer.com/sa/water-leak-detection-ras-tanura/,water-leak-detection-ras-tanura,2184,0,23,34,2,60,0,2026-02-10,2026-09-10,313f2c1fe27a24fb|n=12,boilerplate_overuse,عبارات قالبية متكررة: تجهيزاً مرتباً قبل انتقال أو موسم ذروة | لا نضع رقماً ثابتاً لا يمثّل عقارك | نوضّح ما سيدخل في النطاق وما لن يدخل | حسب الجدولة اليومية، ومن الأحياء التي نصل إليها غالباً
9312,post,كشف تسربات المياه في القطيف,https://www.rukn-eltatawer.com/sa/water-leak-detection-qatif/,water-leak-detection-qatif,1877,0,22,32,2,54,0,2026-02-10,2026-09-09,8eb4d652f83c2f37|n=12,boilerplate_overuse,عبارات قالبية متكررة: تجهيزاً مرتباً قبل انتقال أو موسم ذروة | لا نضع رقماً ثابتاً لا يمثّل عقارك | نوضّح ما سيدخل في النطاق وما لن يدخل | حسب الجدولة اليومية، ومن الأحياء التي نصل إليها غالباً
9311,post,كشف تسربات المياه في الجبيل,https://www.rukn-eltatawer.com/sa/water-leak-detection-jubail/,water-leak-detection-jubail,1915,0,22,34,2,56,0,2026-02-10,2026-09-09,77f49929c56052c8|n=12,boilerplate_overuse,عبارات قالبية متكررة: تجهيزاً مرتباً قبل انتقال أو موسم ذروة | لا نضع رقماً ثابتاً لا يمثّل عقارك | نوضّح ما سيدخل في النطاق وما لن يدخل | حسب الجدولة اليومية، ومن الأحياء التي نصل إليها غالباً
9310,post,كشف تسربات المياه في المبرز,https://www.rukn-eltatawer.com/sa/water-leak-detection-mubarraz/,water-leak-detection-mubarraz,2121,0,23,34,2,60,0,2026-02-10,2026-09-10,56bad1806a8964b5|n=12,boilerplate_overuse,عبارات قالبية متكررة: تجهيزاً مرتباً قبل انتقال أو موسم ذروة | لا نضع رقماً ثابتاً لا يمثّل عقارك | نوضّح ما سيدخل في النطاق وما لن يدخل | حسب الجدولة اليومية، ومن الأحياء التي نصل إليها غالباً
9309,post,كشف تسربات المياه في الهفوف,https://www.rukn-eltatawer.com/sa/water-leak-detection-hofuf/,water-leak-detection-hofuf,2119,0,23,34,2,60,0,2026-02-10,2026-09-10,f279d0a76e50d74a|n=12,boilerplate_overuse,عبارات قالبية متكررة: تجهيزاً مرتباً قبل انتقال أو موسم ذروة | لا نضع رقماً ثابتاً لا يمثّل عقارك | نوضّح ما سيدخل في النطاق وما لن يدخل | حسب الجدولة اليومية، ومن الأحياء التي نصل إليها غالباً
9308,post,كشف تسربات المياه في الأحساء,https://www.rukn-eltatawer.com/sa/water-leak-detection-al-ahsa/,water-leak-detection-al-ahsa,1917,0,22,34,2,56,0,2026-02-10,2026-09-09,b5f0f3368ebb2608|n=12,boilerplate_overuse,عبارات قالبية متكررة: تجهيزاً مرتباً قبل انتقال أو موسم ذروة | لا نضع رقماً ثابتاً لا يمثّل عقارك | نوضّح ما سيدخل في النطاق وما لن يدخل | حسب الجدولة اليومية، ومن الأحياء التي نصل إليها غالباً
9307,post,كشف تسربات المياه في الليث,https://www.rukn-eltatawer.com/sa/water-leak-detection-al-lith/,water-leak-detection-al-lith,2086,0,23,32,2,58,0,2026-02-10,2026-09-10,d4fcc499841eb87d|n=12,boilerplate_overuse,عبارات قالبية متكررة: تجهيزاً مرتباً قبل انتقال أو موسم ذروة | لا نضع رقماً ثابتاً لا يمثّل عقارك | نوضّح ما سيدخل في النطاق وما لن يدخل | حسب الجدولة اليومية، ومن الأحياء التي نصل إليها غالباً
9306,post,كشف تسربات المياه في القنفذة,https://www.rukn-eltatawer.com/sa/water-leak-detection-al-qunfudhah/,water-leak-detection-al-qunfudhah,2128,0,23,34,2,60,0,2026-02-10,2026-09-10,8be6979666c4e0ca|n=12,boilerplate_overuse,عبارات قالبية متكررة: تجهيزاً مرتباً قبل انتقال أو موسم ذروة | لا نضع رقماً ثابتاً لا يمثّل عقارك | نوضّح ما سيدخل في النطاق وما لن يدخل | حسب الجدولة اليومية، ومن الأحياء التي نصل إليها غالباً
9305,post,كشف تسربات المياه في ينبع,https://www.rukn-eltatawer.com/sa/water-leak-detection-yanbu/,water-leak-detection-yanbu,1892,0,22,32,2,54,0,2026-02-10,2026-09-09,b31ceaafde9d02d9|n=12,boilerplate_overuse,عبارات قالبية متكررة: تجهيزاً مرتباً قبل انتقال أو موسم ذروة | لا نضع رقماً ثابتاً لا يمثّل عقارك | نوضّح ما سيدخل في النطاق وما لن يدخل | حسب الجدولة اليومية، ومن الأحياء التي نصل إليها غالباً
9304,post,كشف تسربات المياه في الباحة,https://www.rukn-eltatawer.com/sa/water-leak-detection-al-baha/,water-leak-detection-al-baha,1901,0,23,32,2,57,0,2026-02-10,2026-09-09,5f8fa083dd015bb2|n=12,boilerplate_overuse,عبارات قالبية متكررة: تجهيزاً مرتباً قبل انتقال أو موسم ذروة | لا نضع رقماً ثابتاً لا يمثّل عقارك | نوضّح ما سيدخل في النطاق وما لن يدخل | حسب الجدولة اليومية، ومن الأحياء التي نصل إليها غالباً
9303,post,كشف تسربات المياه في عرعر,https://www.rukn-eltatawer.com/sa/water-leak-detection-arar/,water-leak-detection-arar,2078,0,23,32,2,58,0,2026-02-10,2026-09-10,fb99f9c322dc3208|n=12,boilerplate_overuse,عبارات قالبية متكررة: تجهيزاً مرتباً قبل انتقال أو موسم ذروة | لا نضع رقماً ثابتاً لا يمثّل عقارك | نوضّح ما سيدخل في النطاق وما لن يدخل | حسب الجدولة اليومية، ومن الأحياء التي نصل إليها غالباً
9302,post,كشف تسربات المياه في سكاكا,https://www.rukn-eltatawer.com/sa/water-leak-detection-sakakah/,water-leak-detection-sakakah,2101,0,23,32,2,58,0,2026-02-10,2026-09-10,2306f12765226f7f|n=12,boilerplate_overuse,عبارات قالبية متكررة: تجهيزاً مرتباً قبل انتقال أو موسم ذروة | لا نضع رقماً ثابتاً لا يمثّل عقارك | نوضّح ما سيدخل في النطاق وما لن يدخل | حسب الجدولة اليومية، ومن الأحياء التي نصل إليها غالباً
9301,post,كشف تسربات المياه في جازان,https://www.rukn-eltatawer.com/sa/water-leak-detection-jazan/,water-leak-detection-jazan,1879,0,22,32,2,54,0,2026-02-10,2026-09-09,c5089c4023469773|n=12,boilerplate_overuse,عبارات قالبية متكررة: تجهيزاً مرتباً قبل انتقال أو موسم ذروة | لا نضع رقماً ثابتاً لا يمثّل عقارك | نوضّح ما سيدخل في النطاق وما لن يدخل | حسب الجدولة اليومية، ومن الأحياء التي نصل إليها غالباً
9300,post,كشف تسربات المياه في نجران,https://www.rukn-eltatawer.com/sa/water-leak-detection-najran/,water-leak-detection-najran,1898,0,22,34,2,56,0,2026-02-10,2026-09-09,b5f0f3368ebb2608|n=12,boilerplate_overuse,عبارات قالبية متكررة: تجهيزاً مرتباً قبل انتقال أو موسم ذروة | لا نضع رقماً ثابتاً لا يمثّل عقارك | نوضّح ما سيدخل في النطاق وما لن يدخل | حسب الجدولة اليومية، ومن الأحياء التي نصل إليها غالباً
9299,post,كشف تسربات المياه في حائل,https://www.rukn-eltatawer.com/sa/water-leak-detection-hail/,water-leak-detection-hail,1895,0,22,34,2,56,0,2026-02-10,2026-09-09,d43f59534e66fdcd|n=12,boilerplate_overuse,عبارات قالبية متكررة: تجهيزاً مرتباً قبل انتقال أو موسم ذروة | لا نضع رقماً ثابتاً لا يمثّل عقارك | نوضّح ما سيدخل في النطاق وما لن يدخل | حسب الجدولة اليومية، ومن الأحياء التي نصل إليها غالباً
9298,post,كشف تسربات المياه في عنيزة,https://www.rukn-eltatawer.com/sa/water-leak-detection-unaizah/,water-leak-detection-unaizah,2081,0,23,32,2,58,0,2026-02-10,2026-09-10,f4b86c5bf644286d|n=12,boilerplate_overuse,عبارات قالبية متكررة: تجهيزاً مرتباً قبل انتقال أو موسم ذروة | لا نضع رقماً ثابتاً لا يمثّل عقارك | نوضّح ما سيدخل في النطاق وما لن يدخل | حسب الجدولة اليومية، ومن الأحياء التي نصل إليها غالباً
9297,post,كشف تسربات المياه في بريدة,https://www.rukn-eltatawer.com/sa/water-leak-detection-buraidah/,water-leak-detection-buraidah,1906,0,22,34,2,56,0,2026-02-10,2026-09-09,956c87bcd9372ec1|n=12,boilerplate_overuse,عبارات قالبية متكررة: تجهيزاً مرتباً قبل انتقال أو موسم ذروة | لا نضع رقماً ثابتاً لا يمثّل عقارك | نوضّح ما سيدخل في النطاق وما لن يدخل | حسب الجدولة اليومية، ومن الأحياء التي نصل إليها غالباً
9296,post,كشف تسربات المياه في تبوك,https://www.rukn-eltatawer.com/sa/water-leak-detection-tabuk/,water-leak-detection-tabuk,1881,0,22,32,2,54,0,2026-02-10,2026-09-09,c5089c4023469773|n=12,boilerplate_overuse,عبارات قالبية متكررة: تجهيزاً مرتباً قبل انتقال أو موسم ذروة | لا نضع رقماً ثابتاً لا يمثّل عقارك | نوضّح ما سيدخل في النطاق وما لن يدخل | حسب الجدولة اليومية، ومن الأحياء التي نصل إليها غالباً
9294,post,كشف تسربات المياه في خميس مشيط,https://www.rukn-eltatawer.com/sa/water-leak-detection-khamis-mushait/,water-leak-detection-khamis-mushait,1975,0,22,34,2,56,0,2026-02-10,2026-09-09,8bfb1fdef0779fd9|n=12,boilerplate_overuse,عبارات قالبية متكررة: تجهيزاً مرتباً قبل انتقال أو موسم ذروة | لا نضع رقماً ثابتاً لا يمثّل عقارك | نوضّح ما سيدخل في النطاق وما لن يدخل | حسب الجدولة اليومية، ومن الأحياء التي نصل إليها غالباً
9292,post,كشف تسربات المياه في الظهران,https://www.rukn-eltatawer.com/sa/water-leak-detection-dhahran/,water-leak-detection-dhahran,2096,0,23,34,2,60,0,2026-02-10,2026-09-10,a2c330a5685b12f9|n=12,boilerplate_overuse,عبارات قالبية متكررة: تجهيزاً مرتباً قبل انتقال أو موسم ذروة | لا نضع رقماً ثابتاً لا يمثّل عقارك | نوضّح ما سيدخل في النطاق وما لن يدخل | حسب الجدولة اليومية، ومن الأحياء التي نصل إليها غالباً
9289,post,كشف تسربات المياه في المدينة المنورة,https://www.rukn-eltatawer.com/sa/water-leak-detection-madinah/,water-leak-detection-madinah,2042,0,23,34,2,60,0,2026-02-10,2026-09-09,b5f0f3368ebb2608|n=12,boilerplate_overuse,عبارات قالبية متكررة: تجهيزاً مرتباً قبل انتقال أو موسم ذروة | لا نضع رقماً ثابتاً لا يمثّل عقارك | نوضّح ما سيدخل في النطاق وما لن يدخل | حسب الجدولة اليومية، ومن الأحياء التي نصل إليها غالباً
9288,post,كشف تسربات المياه في أحياء مكة,https://www.rukn-eltatawer.com/sa/water-leak-detection-makkah-neighborhoods/,water-leak-detection-makkah-neighborhoods,2129,0,23,32,2,58,0,2026-02-10,2026-09-09,aa34b837eea2d037|n=12,boilerplate_overuse,عبارات قالبية متكررة: تجهيزاً مرتباً قبل انتقال أو موسم ذروة | لا نضع رقماً ثابتاً لا يمثّل عقارك | نوضّح ما سيدخل في النطاق وما لن يدخل | حسب الجدولة اليومية، ومن الأحياء التي نصل إليها غالباً
9287,post,كشف تسربات المياه في مكة,https://www.rukn-eltatawer.com/sa/water-leak-detection-makkah-center/,water-leak-detection-makkah-center,2081,0,5,13,0,18,0,2026-02-10,2026-09-09,90e5257e05a42491|n=5,errors_missing,لا صور داخل المحتوى
9286,post,كشف تسربات المياه في جنوب جدة,https://www.rukn-eltatawer.com/sa/water-leak-detection-south-jeddah/,water-leak-detection-south-jeddah,1953,0,23,34,2,60,0,2026-02-10,2026-09-09,1e5e13ce56b83dee|n=12,boilerplate_overuse,عبارات قالبية متكررة: تجهيزاً مرتباً قبل انتقال أو موسم ذروة | لا نضع رقماً ثابتاً لا يمثّل عقارك | نوضّح ما سيدخل في النطاق وما لن يدخل | حسب الجدولة اليومية، ومن الأحياء التي نصل إليها غالباً
9285,post,كشف تسربات المياه في شرق جدة,https://www.rukn-eltatawer.com/sa/water-leak-detection-east-jeddah/,water-leak-detection-east-jeddah,1936,0,23,32,2,58,0,2026-02-10,2026-09-09,8eb4d652f83c2f37|n=12,boilerplate_overuse,عبارات قالبية متكررة: تجهيزاً مرتباً قبل انتقال أو موسم ذروة | لا نضع رقماً ثابتاً لا يمثّل عقارك | نوضّح ما سيدخل في النطاق وما لن يدخل | حسب الجدولة اليومية، ومن الأحياء التي نصل إليها غالباً
9284,post,كشف تسربات المياه في شمال جدة,https://www.rukn-eltatawer.com/sa/water-leak-detection-north-jeddah/,water-leak-detection-north-jeddah,1948,0,23,34,2,60,0,2026-02-10,2026-09-09,95a0d5f62b148441|n=12,boilerplate_overuse,عبارات قالبية متكررة: تجهيزاً مرتباً قبل انتقال أو موسم ذروة | لا نضع رقماً ثابتاً لا يمثّل عقارك | نوضّح ما سيدخل في النطاق وما لن يدخل | حسب الجدولة اليومية، ومن الأحياء التي نصل إليها غالباً
9283,post,كشف تسربات المياه في جدة,https://www.rukn-eltatawer.com/sa/water-leak-detection-jeddah-center/,water-leak-detection-jeddah-center,1960,0,23,34,2,60,0,2026-02-10,2026-09-09,ff54dbacd5f0f3e8|n=12,boilerplate_overuse,عبارات قالبية متكررة: تجهيزاً مرتباً قبل انتقال أو موسم ذروة | لا نضع رقماً ثابتاً لا يمثّل عقارك | نوضّح ما سيدخل في النطاق وما لن يدخل | حسب الجدولة اليومية، ومن الأحياء التي نصل إليها غالباً
9282,post,كشف تسربات المياه في جنوب الرياض,https://www.rukn-eltatawer.com/sa/water-leak-detection-south-riyadh/,water-leak-detection-south-riyadh,2264,0,28,32,2,63,0,2026-02-10,2026-09-10,41432d6eed57b87c|n=12,boilerplate_overuse,عبارات قالبية متكررة: تجهيزاً مرتباً قبل انتقال أو موسم ذروة | لا نضع رقماً ثابتاً لا يمثّل عقارك | نوضّح ما سيدخل في النطاق وما لن يدخل | حسب الجدولة اليومية، ومن الأحياء التي نصل إليها غالباً
9281,post,كشف تسربات المياه في غرب الرياض,https://www.rukn-eltatawer.com/sa/water-leak-detection-west-riyadh/,water-leak-detection-west-riyadh,1962,0,23,34,2,60,0,2026-02-10,2026-09-09,1e5e13ce56b83dee|n=12,boilerplate_overuse,عبارات قالبية متكررة: تجهيزاً مرتباً قبل انتقال أو موسم ذروة | لا نضع رقماً ثابتاً لا يمثّل عقارك | نوضّح ما سيدخل في النطاق وما لن يدخل | حسب الجدولة اليومية، ومن الأحياء التي نصل إليها غالباً
9280,post,كشف تسربات المياه في شرق الرياض,https://www.rukn-eltatawer.com/sa/water-leak-detection-east-riyadh/,water-leak-detection-east-riyadh,1978,0,23,34,2,60,0,2026-02-10,2026-09-09,956c87bcd9372ec1|n=12,boilerplate_overuse,عبارات قالبية متكررة: تجهيزاً مرتباً قبل انتقال أو موسم ذروة | لا نضع رقماً ثابتاً لا يمثّل عقارك | نوضّح ما سيدخل في النطاق وما لن يدخل | حسب الجدولة اليومية، ومن الأحياء التي نصل إليها غالباً
9279,post,كشف تسربات المياه في شمال الرياض,https://www.rukn-eltatawer.com/sa/water-leak-detection-north-riyadh/,water-leak-detection-north-riyadh,1975,0,23,34,2,60,0,2026-02-10,2026-09-09,8bfb1fdef0779fd9|n=12,boilerplate_overuse,عبارات قالبية متكررة: تجهيزاً مرتباً قبل انتقال أو موسم ذروة | لا نضع رقماً ثابتاً لا يمثّل عقارك | نوضّح ما سيدخل في النطاق وما لن يدخل | حسب الجدولة اليومية، ومن الأحياء التي نصل إليها غالباً
9278,post,كشف تسربات المياه في وسط الرياض,https://www.rukn-eltatawer.com/sa/water-leak-detection-riyadh-center/,water-leak-detection-riyadh-center,1948,0,23,32,2,58,0,2026-02-10,2026-09-09,0ccd165aa1eb1552|n=12,boilerplate_overuse,عبارات قالبية متكررة: تجهيزاً مرتباً قبل انتقال أو موسم ذروة | لا نضع رقماً ثابتاً لا يمثّل عقارك | نوضّح ما سيدخل في النطاق وما لن يدخل | حسب الجدولة اليومية، ومن الأحياء التي نصل إليها غالباً
7458,page,خريطة الموقع,https://www.rukn-eltatawer.com/sa/sitemap/,sitemap,935,0,7,7,0,14,5,2025-11-01,2026-09-16,6df63f8cd9bf1c01|n=7,thin_content,صفحة أدوات/فهرس (935 كلمة) — الحد 1000 موجّه لمقالات الخدمات لا للصفحات الهيكلية
7467,page,الأسئلة الشائعة,https://www.rukn-eltatawer.com/sa/faq/,faq,1054,0,7,7,0,14,30,2025-10-30,2026-09-16,b0df468606d29e55|n=7,ok,
7465,page,المدن,https://www.rukn-eltatawer.com/sa/cities/,cities,214,0,3,0,0,36,0,2025-10-30,2026-09-16,4646dc8e31e170aa|n=3,thin_content,صفحة أدوات/فهرس (214 كلمة) — الحد 1000 موجّه لمقالات الخدمات لا للصفحات الهيكلية
7464,page,الأسعار,https://www.rukn-eltatawer.com/sa/pricing/,pricing,324,0,5,2,0,19,0,2025-10-30,2026-09-16,9a825ae52cef2b6a|n=5,thin_content,صفحة أدوات/فهرس (324 كلمة) — الحد 1000 موجّه لمقالات الخدمات لا للصفحات الهيكلية
7463,page,خدماتنا,https://www.rukn-eltatawer.com/sa/services/,services,1069,0,7,8,0,15,3,2025-10-30,2026-09-16,7ce9475c7ab2d9eb|n=7,ok,
7462,page,سياسة الخصوصية,https://www.rukn-eltatawer.com/sa/privacy-policy/,privacy-policy,1176,0,7,8,0,15,4,2025-10-30,2026-09-16,14097aee0842a7bb|n=7,ok,
7461,page,اتصل بنا,https://www.rukn-eltatawer.com/sa/contact-us/,contact-us,899,0,7,10,0,17,6,2025-10-30,2026-09-16,e69b58162ba8d2ee|n=7,thin_content,صفحة أدوات/فهرس (899 كلمة) — الحد 1000 موجّه لمقالات الخدمات لا للصفحات الهيكلية
7460,page,من نحن,https://www.rukn-eltatawer.com/sa/about/,about,1024,0,7,10,0,17,6,2025-10-30,2026-09-16,933a17dc849a5a07|n=7,ok,
2453,page,المدونة,https://www.rukn-eltatawer.com/sa/blog/,blog,979,1,6,7,0,13,3,2024-05-19,2026-09-16,6b431b4e69dbb71a|n=6,thin_content,صفحة أدوات/فهرس (979 كلمة) — الحد 1000 موجّه لمقالات الخدمات لا للصفحات الهيكلية
