cluster_size,sample_titles,urls,problem_categories,notes
68,شركة كشف تسربات المياه بأبها | شركة كشف تسربات المياه بالطائف | شركة كشف تسربات المياه بالخبر | شركة كشف تسربات المياه بالدمام | شركة كشف تسربات المياه بالمدينة المنورة | شركة كشف تسربات المياه بمكة المكرمة | شركة كشف تسربات المياه بجدة | كشف تسربات المياه في شرورة | شركة ركن التطور,https://www.rukn-eltatawer.com/sa/water-leak-detection-abha/ https://www.rukn-eltatawer.com/sa/water-leak-detection-taif/ https://www.rukn-eltatawer.com/sa/water-leak-detection-khobar/ https://www.rukn-eltatawer.com/sa/water-leak-detection-dammam/ https://www.rukn-eltatawer.com/sa/water-leak-detection-medina/ https://www.rukn-eltatawer.com/sa/water-leak-detection-mecca/ https://www.rukn-eltatawer.com/sa/water-leak-detection-jeddah/ https://www.rukn-eltatawer.com/sa/water-leak-detection-sharurah/ https://www.rukn-eltatawer.com/sa/water-leak-detection-umluj/ https://www.rukn-eltatawer.com/sa/water-leak-detection-al-mandaq/ https://www.rukn-eltatawer.com/sa/water-leak-detection-samtah/ https://www.rukn-eltatawer.com/sa/water-leak-detection-an-nuayriyah/ https://www.rukn-eltatawer.com/sa/water-leak-detection-tanuma/ https://www.rukn-eltatawer.com/sa/water-leak-detection-al-namas/ https://www.rukn-eltatawer.com/sa/water-leak-detection-al-bukayriyah/ https://www.rukn-eltatawer.com/sa/water-leak-detection-ar-rass/ https://www.rukn-eltatawer.com/sa/water-leak-detection-al-makhwah/ https://www.rukn-eltatawer.com/sa/water-leak-detection-baljurashi/ https://www.rukn-eltatawer.com/sa/water-leak-detection-tathlith/ https://www.rukn-eltatawer.com/sa/water-leak-detection-al-hinakiyah/ https://www.rukn-eltatawer.com/sa/water-leak-detection-al-mahd/ https://www.rukn-eltatawer.com/sa/water-leak-detection-alula/ https://www.rukn-eltatawer.com/sa/water-leak-detection-badr/ https://www.rukn-eltatawer.com/sa/water-leak-detection-al-jumum/ https://www.rukn-eltatawer.com/sa/water-leak-detection-rabigh/ https://www.rukn-eltatawer.com/sa/water-leak-detection-hafar-al-batin/ https://www.rukn-eltatawer.com/sa/water-leak-detection-duba/ https://www.rukn-eltatawer.com/sa/water-leak-detection-al-wajh/ https://www.rukn-eltatawer.com/sa/water-leak-detection-al-qurayyat/ https://www.rukn-eltatawer.com/sa/water-leak-detection-turaif/,duplicate_similar,مجموعة مقالات شبه متطابقة في الصياغة
33,شركة تنظيف منازل بالرياض | شركة تنظيف فلل بالرياض | شركة تنظيف شقق بالرياض | شركة تركيب عشب صناعي بالرياض | شركة تركيب عشب صناعي بمكة المكرمة | شركة تركيب عشب صناعي بجدة | شركة تركيب عشب صناعي بالمدينة المنورة | شركة تركيب عشب صناعي بالخبر,https://www.rukn-eltatawer.com/sa/home-cleaning-riyadh/ https://www.rukn-eltatawer.com/sa/villa-cleaning-riyadh/ https://www.rukn-eltatawer.com/sa/apartment-cleaning-riyadh/ https://www.rukn-eltatawer.com/sa/artificial-grass-grdn-riyadh/ https://www.rukn-eltatawer.com/sa/artificial-grass-grdn-mecca/ https://www.rukn-eltatawer.com/sa/artificial-grass-grdn-jeddah/ https://www.rukn-eltatawer.com/sa/artificial-grass-grdn-medina/ https://www.rukn-eltatawer.com/sa/artificial-grass-grdn-khobar/ https://www.rukn-eltatawer.com/sa/artificial-grass-grdn-dammam/ https://www.rukn-eltatawer.com/sa/artificial-grass-grdn-taif/ https://www.rukn-eltatawer.com/sa/wall-grass-riyadh/ https://www.rukn-eltatawer.com/sa/artificial-grass-grdn-abha/ https://www.rukn-eltatawer.com/sa/wall-grass-jeddah/ https://www.rukn-eltatawer.com/sa/wall-grass-medina/ https://www.rukn-eltatawer.com/sa/wall-grass-mecca/ https://www.rukn-eltatawer.com/sa/wall-grass-khobar/ https://www.rukn-eltatawer.com/sa/wall-grass-dammam/ https://www.rukn-eltatawer.com/sa/wall-grass-abha/ https://www.rukn-eltatawer.com/sa/wall-grass-taif/ https://www.rukn-eltatawer.com/sa/mattress-cleaning-abha/ https://www.rukn-eltatawer.com/sa/school-nursery-cleaning-abha/ https://www.rukn-eltatawer.com/sa/kitchen-cleaning-abha/ https://www.rukn-eltatawer.com/sa/hospital-clinic-cleaning-abha/ https://www.rukn-eltatawer.com/sa/moquette-cleaning-abha/ https://www.rukn-eltatawer.com/sa/office-cleaning-abha/ https://www.rukn-eltatawer.com/sa/stone-facade-cleaning-abha/ https://www.rukn-eltatawer.com/sa/glass-facade-cleaning-abha/ https://www.rukn-eltatawer.com/sa/car-shipping-jeddah/ https://www.rukn-eltatawer.com/sa/duct-cleaning-abha/ https://www.rukn-eltatawer.com/sa/chimney-cleaning-mecca/,duplicate_similar,مجموعة مقالات شبه متطابقة في الصياغة
24,فني جبس بورد بالطائف | شركة ديكورات جبس بورد بأبها | شركة تركيب جبس بورد بأبها | شركة ديكورات جبس بورد بالطائف | شركة تركيب جبس بورد بالطائف | فني جبس بورد بالخبر | فني جبس بورد بالدمام | شركة ديكورات جبس بورد بالخبر,https://www.rukn-eltatawer.com/sa/gypsum-tech-taif/ https://www.rukn-eltatawer.com/sa/gypsum-board-decor-abha/ https://www.rukn-eltatawer.com/sa/gypsum-board-abha/ https://www.rukn-eltatawer.com/sa/gypsum-board-decor-taif/ https://www.rukn-eltatawer.com/sa/gypsum-board-taif/ https://www.rukn-eltatawer.com/sa/gypsum-tech-khobar/ https://www.rukn-eltatawer.com/sa/gypsum-tech-dammam/ https://www.rukn-eltatawer.com/sa/gypsum-board-decor-khobar/ https://www.rukn-eltatawer.com/sa/gypsum-tech-abha/ https://www.rukn-eltatawer.com/sa/gypsum-board-khobar/ https://www.rukn-eltatawer.com/sa/gypsum-tech-medina/ https://www.rukn-eltatawer.com/sa/gypsum-board-decor-dammam/ https://www.rukn-eltatawer.com/sa/gypsum-board-dammam/ https://www.rukn-eltatawer.com/sa/gypsum-tech-mecca/ https://www.rukn-eltatawer.com/sa/gypsum-board-decor-medina/ https://www.rukn-eltatawer.com/sa/gypsum-board-medina/ https://www.rukn-eltatawer.com/sa/gypsum-tech-jeddah/ https://www.rukn-eltatawer.com/sa/gypsum-board-decor-mecca/ https://www.rukn-eltatawer.com/sa/gypsum-board-mecca/ https://www.rukn-eltatawer.com/sa/gypsum-board-decor-jeddah/ https://www.rukn-eltatawer.com/sa/gypsum-board-jeddah/ https://www.rukn-eltatawer.com/sa/gypsum-tech-riyadh/ https://www.rukn-eltatawer.com/sa/gypsum-board-decor-riyadh/ https://www.rukn-eltatawer.com/sa/gypsum-board-riyadh/,duplicate_similar,مجموعة مقالات شبه متطابقة في الصياغة
16,شركة تركيب شبكات ري حديثة بالدمام | شركة تركيب شبكات ري أوتوماتيكية بالدمام | شركة تركيب شبكات ري حديثة بالمدينة المنورة | شركة تركيب شبكات ري أوتوماتيكية بالمدينة المنورة | شركة تركيب شبكات ري حديثة بمكة المكرمة | شركة تركيب شبكات ري أوتوماتيكية بمكة المكرمة | شركة تركيب شبكات ري حديثة بأبها | شركة تركيب شبكات ري أوتوماتيكية بأبها,https://www.rukn-eltatawer.com/sa/modern-irrigation-dammam/ https://www.rukn-eltatawer.com/sa/automatic-irrigation-dammam/ https://www.rukn-eltatawer.com/sa/modern-irrigation-medina/ https://www.rukn-eltatawer.com/sa/automatic-irrigation-medina/ https://www.rukn-eltatawer.com/sa/modern-irrigation-mecca/ https://www.rukn-eltatawer.com/sa/automatic-irrigation-mecca/ https://www.rukn-eltatawer.com/sa/modern-irrigation-abha/ https://www.rukn-eltatawer.com/sa/automatic-irrigation-abha/ https://www.rukn-eltatawer.com/sa/modern-irrigation-taif/ https://www.rukn-eltatawer.com/sa/automatic-irrigation-taif/ https://www.rukn-eltatawer.com/sa/modern-irrigation-jeddah/ https://www.rukn-eltatawer.com/sa/automatic-irrigation-jeddah/ https://www.rukn-eltatawer.com/sa/modern-irrigation-khobar/ https://www.rukn-eltatawer.com/sa/automatic-irrigation-khobar/ https://www.rukn-eltatawer.com/sa/modern-irrigation-riyadh/ https://www.rukn-eltatawer.com/sa/automatic-irrigation-riyadh/,duplicate_similar,مجموعة مقالات شبه متطابقة في الصياغة
16,شركة سباك منازل بأبها | سباك منازل بأبها | سباك منازل بالطائف | شركة سباك منازل بالطائف | سباك منازل بالخبر | شركة سباك منازل بالخبر | سباك منازل بالدمام | شركة سباك منازل بالدمام,https://www.rukn-eltatawer.com/sa/home-plumber-elec-abha/ https://www.rukn-eltatawer.com/sa/home-plumber-abha/ https://www.rukn-eltatawer.com/sa/home-plumber-taif/ https://www.rukn-eltatawer.com/sa/home-plumber-elec-taif/ https://www.rukn-eltatawer.com/sa/home-plumber-khobar/ https://www.rukn-eltatawer.com/sa/home-plumber-elec-khobar/ https://www.rukn-eltatawer.com/sa/home-plumber-dammam/ https://www.rukn-eltatawer.com/sa/home-plumber-elec-dammam/ https://www.rukn-eltatawer.com/sa/home-plumber-medina/ https://www.rukn-eltatawer.com/sa/home-plumber-elec-medina/ https://www.rukn-eltatawer.com/sa/home-plumber-mecca/ https://www.rukn-eltatawer.com/sa/home-plumber-elec-mecca/ https://www.rukn-eltatawer.com/sa/home-plumber-jeddah/ https://www.rukn-eltatawer.com/sa/home-plumber-elec-jeddah/ https://www.rukn-eltatawer.com/sa/home-plumber-riyadh/ https://www.rukn-eltatawer.com/sa/home-plumber-elec-riyadh/,duplicate_similar,مجموعة مقالات شبه متطابقة في الصياغة
16,كهربائي منازل بأبها | كهربائي منازل بالطائف | شركة كهربائي منازل بأبها | شركة كهربائي منازل بالطائف | كهربائي منازل بالخبر | كهربائي منازل بالدمام | شركة كهربائي منازل بالخبر | كهربائي منازل بالمدينة المنورة,https://www.rukn-eltatawer.com/sa/home-electrician-abha/ https://www.rukn-eltatawer.com/sa/home-electrician-taif/ https://www.rukn-eltatawer.com/sa/home-electrician-elec-abha/ https://www.rukn-eltatawer.com/sa/home-electrician-elec-taif/ https://www.rukn-eltatawer.com/sa/home-electrician-khobar/ https://www.rukn-eltatawer.com/sa/home-electrician-dammam/ https://www.rukn-eltatawer.com/sa/home-electrician-elec-khobar/ https://www.rukn-eltatawer.com/sa/home-electrician-medina/ https://www.rukn-eltatawer.com/sa/home-electrician-elec-dammam/ https://www.rukn-eltatawer.com/sa/home-electrician-mecca/ https://www.rukn-eltatawer.com/sa/home-electrician-elec-medina/ https://www.rukn-eltatawer.com/sa/home-electrician-jeddah/ https://www.rukn-eltatawer.com/sa/home-electrician-elec-mecca/ https://www.rukn-eltatawer.com/sa/home-electrician-elec-jeddah/ https://www.rukn-eltatawer.com/sa/home-electrician-riyadh/ https://www.rukn-eltatawer.com/sa/home-electrician-elec-riyadh/,duplicate_similar,مجموعة مقالات شبه متطابقة في الصياغة
16,شركة صيانة لوحات كهرباء بأبها | شركة صيانة كهرباء بأبها | شركة صيانة لوحات كهرباء بالطائف | شركة صيانة كهرباء بالطائف | شركة صيانة لوحات كهرباء بالخبر | شركة صيانة كهرباء بالخبر | شركة صيانة لوحات كهرباء بالدمام | شركة صيانة كهرباء بالدمام,https://www.rukn-eltatawer.com/sa/electric-panel-maintenance-abha/ https://www.rukn-eltatawer.com/sa/electrical-maintenance-abha/ https://www.rukn-eltatawer.com/sa/electric-panel-maintenance-taif/ https://www.rukn-eltatawer.com/sa/electrical-maintenance-taif/ https://www.rukn-eltatawer.com/sa/electric-panel-maintenance-khobar/ https://www.rukn-eltatawer.com/sa/electrical-maintenance-khobar/ https://www.rukn-eltatawer.com/sa/electric-panel-maintenance-dammam/ https://www.rukn-eltatawer.com/sa/electrical-maintenance-dammam/ https://www.rukn-eltatawer.com/sa/electric-panel-maintenance-medina/ https://www.rukn-eltatawer.com/sa/electrical-maintenance-medina/ https://www.rukn-eltatawer.com/sa/electric-panel-maintenance-mecca/ https://www.rukn-eltatawer.com/sa/electrical-maintenance-mecca/ https://www.rukn-eltatawer.com/sa/electric-panel-maintenance-jeddah/ https://www.rukn-eltatawer.com/sa/electrical-maintenance-jeddah/ https://www.rukn-eltatawer.com/sa/electric-panel-maintenance-riyadh/ https://www.rukn-eltatawer.com/sa/electrical-maintenance-riyadh/,duplicate_similar,مجموعة مقالات شبه متطابقة في الصياغة
15,شركة عزل ودهان أسطح بالمدينة المنورة | شركة عزل ودهان أسطح بالدمام | شركة عزل ودهان أسطح بمكة المكرمة | شركة عزل ودهان أسطح بجدة | شركة عزل ودهان أسطح بأبها | شركة عزل ودهان أسطح بالطائف | شركة عزل ودهان أسطح بالخبر | شركة عزل ودهان أسطح بالرياض,https://www.rukn-eltatawer.com/sa/roof-insulation-painting-medina/ https://www.rukn-eltatawer.com/sa/roof-insulation-painting-dammam/ https://www.rukn-eltatawer.com/sa/roof-insulation-painting-mecca/ https://www.rukn-eltatawer.com/sa/roof-insulation-painting-jeddah/ https://www.rukn-eltatawer.com/sa/roof-insulation-painting-abha/ https://www.rukn-eltatawer.com/sa/roof-insulation-painting-taif/ https://www.rukn-eltatawer.com/sa/roof-insulation-painting-khobar/ https://www.rukn-eltatawer.com/sa/roof-insulation-painting-riyadh/ https://www.rukn-eltatawer.com/sa/roof-insulation-abha/ https://www.rukn-eltatawer.com/sa/roof-insulation-taif/ https://www.rukn-eltatawer.com/sa/roof-insulation-khobar/ https://www.rukn-eltatawer.com/sa/roof-insulation-dammam/ https://www.rukn-eltatawer.com/sa/roof-insulation-medina/ https://www.rukn-eltatawer.com/sa/roof-insulation-mecca/ https://www.rukn-eltatawer.com/sa/roof-insulation-jeddah/,duplicate_similar,مجموعة مقالات شبه متطابقة في الصياغة
9,شركة تنظيف كنب بأبها | شركة تنظيف كنب بالطائف | شركة تنظيف كنب بالخبر | شركة تنظيف كنب بالدمام | شركة تنظيف كنب بالمدينة المنورة | شركة تنظيف كنب بمكة المكرمة | شركة تنظيف كنب بجدة | شركة تنظيف كنب بالرياض,https://www.rukn-eltatawer.com/sa/sofa-cleaning-abha/ https://www.rukn-eltatawer.com/sa/sofa-cleaning-taif/ https://www.rukn-eltatawer.com/sa/sofa-cleaning-khobar/ https://www.rukn-eltatawer.com/sa/sofa-cleaning-dammam/ https://www.rukn-eltatawer.com/sa/sofa-cleaning-medina/ https://www.rukn-eltatawer.com/sa/sofa-cleaning-mecca/ https://www.rukn-eltatawer.com/sa/sofa-cleaning-jeddah/ https://www.rukn-eltatawer.com/sa/sofa-cleaning-riyadh/ https://www.rukn-eltatawer.com/sa/sharikat-tanzif-kanab-bilbukhar-bilriyadh/,duplicate_similar,مجموعة مقالات شبه متطابقة في الصياغة
9,شركة تنظيف فلل بأبها | شركة تنظيف فلل بالطائف | شركة تنظيف فلل بالخبر | شركة تنظيف فلل بالدمام | شركة تنظيف فلل بالمدينة المنورة | شركة تنظيف فلل بمكة المكرمة | شركة تنظيف فلل بجدة | تنظيف فلل فاخرة بالرياض,https://www.rukn-eltatawer.com/sa/villa-cleaning-abha/ https://www.rukn-eltatawer.com/sa/villa-cleaning-taif/ https://www.rukn-eltatawer.com/sa/villa-cleaning-khobar/ https://www.rukn-eltatawer.com/sa/villa-cleaning-dammam/ https://www.rukn-eltatawer.com/sa/villa-cleaning-medina/ https://www.rukn-eltatawer.com/sa/villa-cleaning-mecca/ https://www.rukn-eltatawer.com/sa/villa-cleaning-jeddah/ https://www.rukn-eltatawer.com/sa/tanzif-filla-fakhira-bilriyadh/ https://www.rukn-eltatawer.com/sa/sharikat-tanzif-filla-bilriyadh/,duplicate_similar,مجموعة مقالات شبه متطابقة في الصياغة
9,شركة تنظيف سجاد بأبها | شركة تنظيف سجاد بالطائف | شركة تنظيف سجاد بالخبر | شركة تنظيف سجاد بالدمام | شركة تنظيف سجاد بالمدينة المنورة | شركة تنظيف سجاد بمكة المكرمة | شركة تنظيف سجاد بجدة | شركة تنظيف سجاد بالرياض,https://www.rukn-eltatawer.com/sa/carpet-cleaning-abha/ https://www.rukn-eltatawer.com/sa/carpet-cleaning-taif/ https://www.rukn-eltatawer.com/sa/carpet-cleaning-khobar/ https://www.rukn-eltatawer.com/sa/carpet-cleaning-dammam/ https://www.rukn-eltatawer.com/sa/carpet-cleaning-medina/ https://www.rukn-eltatawer.com/sa/carpet-cleaning-mecca/ https://www.rukn-eltatawer.com/sa/carpet-cleaning-jeddah/ https://www.rukn-eltatawer.com/sa/carpet-cleaning-riyadh/ https://www.rukn-eltatawer.com/sa/tanzif-sijjad-wamaukit-bilriyadh/,duplicate_similar,مجموعة مقالات شبه متطابقة في الصياغة
8,شركة دهان شقق بالدمام | شركة دهان شقق بالمدينة المنورة | شركة دهان شقق بمكة المكرمة | شركة دهان شقق بأبها | شركة دهان شقق بالطائف | شركة دهان شقق بجدة | شركة دهان شقق بالخبر | شركة دهان شقق بالرياض,https://www.rukn-eltatawer.com/sa/apartment-painting-dammam/ https://www.rukn-eltatawer.com/sa/apartment-painting-medina/ https://www.rukn-eltatawer.com/sa/apartment-painting-mecca/ https://www.rukn-eltatawer.com/sa/apartment-painting-abha/ https://www.rukn-eltatawer.com/sa/apartment-painting-taif/ https://www.rukn-eltatawer.com/sa/apartment-painting-jeddah/ https://www.rukn-eltatawer.com/sa/apartment-painting-khobar/ https://www.rukn-eltatawer.com/sa/apartment-painting-riyadh/,duplicate_similar,مجموعة مقالات شبه متطابقة في الصياغة
8,شركة تركيب وصيانة محطات تحلية المياه بمكة المكرمة | شركة تركيب وصيانة محطات تحلية المياه بالدمام | شركة تركيب وصيانة محطات تحلية المياه بالمدينة المنورة | شركة تركيب وصيانة محطات تحلية المياه بأبها | شركة تركيب وصيانة محطات تحلية المياه بالطائف | شركة تركيب وصيانة محطات تحلية المياه بجدة | شركة تركيب وصيانة محطات تحلية المياه بالخبر | شركة تركيب وصيانة محطات تحلية المياه بالرياض,https://www.rukn-eltatawer.com/sa/ro-plants-mecca/ https://www.rukn-eltatawer.com/sa/ro-plants-dammam/ https://www.rukn-eltatawer.com/sa/ro-plants-medina/ https://www.rukn-eltatawer.com/sa/ro-plants-abha/ https://www.rukn-eltatawer.com/sa/ro-plants-taif/ https://www.rukn-eltatawer.com/sa/ro-plants-jeddah/ https://www.rukn-eltatawer.com/sa/ro-plants-khobar/ https://www.rukn-eltatawer.com/sa/ro-plants-riyadh/,duplicate_similar,مجموعة مقالات شبه متطابقة في الصياغة
8,حداد أبواب ونوافذ بالدمام | حداد أبواب ونوافذ بالمدينة المنورة | حداد أبواب ونوافذ بمكة المكرمة | حداد أبواب ونوافذ بجدة | حداد أبواب ونوافذ بأبها | حداد أبواب ونوافذ بالطائف | حداد أبواب ونوافذ بالخبر | حداد أبواب ونوافذ بالرياض,https://www.rukn-eltatawer.com/sa/blacksmith-doors-windows-dammam/ https://www.rukn-eltatawer.com/sa/blacksmith-doors-windows-medina/ https://www.rukn-eltatawer.com/sa/blacksmith-doors-windows-mecca/ https://www.rukn-eltatawer.com/sa/blacksmith-doors-windows-jeddah/ https://www.rukn-eltatawer.com/sa/blacksmith-doors-windows-abha/ https://www.rukn-eltatawer.com/sa/blacksmith-doors-windows-taif/ https://www.rukn-eltatawer.com/sa/blacksmith-doors-windows-khobar/ https://www.rukn-eltatawer.com/sa/blacksmith-doors-windows-riyadh/,duplicate_similar,مجموعة مقالات شبه متطابقة في الصياغة
8,نجار أثاث بالمدينة المنورة | نجار أثاث بمكة المكرمة | نجار أثاث بجدة | نجار أثاث بأبها | نجار أثاث بالطائف | نجار أثاث بالخبر | نجار أثاث بالدمام | نجار أثاث بالرياض,https://www.rukn-eltatawer.com/sa/carpenter-medina/ https://www.rukn-eltatawer.com/sa/carpenter-mecca/ https://www.rukn-eltatawer.com/sa/carpenter-jeddah/ https://www.rukn-eltatawer.com/sa/carpenter-abha/ https://www.rukn-eltatawer.com/sa/carpenter-taif/ https://www.rukn-eltatawer.com/sa/carpenter-khobar/ https://www.rukn-eltatawer.com/sa/carpenter-dammam/ https://www.rukn-eltatawer.com/sa/carpenter-riyadh/,duplicate_similar,مجموعة مقالات شبه متطابقة في الصياغة
8,فني تركيب دش بالمدينة المنورة | فني تركيب دش بمكة المكرمة | فني تركيب دش بجدة | فني تركيب دش بأبها | فني تركيب دش بالطائف | فني تركيب دش بالخبر | فني تركيب دش بالدمام | فني تركيب دش بالرياض,https://www.rukn-eltatawer.com/sa/sat-dish-tech-medina/ https://www.rukn-eltatawer.com/sa/sat-dish-tech-mecca/ https://www.rukn-eltatawer.com/sa/sat-dish-tech-jeddah/ https://www.rukn-eltatawer.com/sa/sat-dish-tech-abha/ https://www.rukn-eltatawer.com/sa/sat-dish-tech-taif/ https://www.rukn-eltatawer.com/sa/sat-dish-tech-khobar/ https://www.rukn-eltatawer.com/sa/sat-dish-tech-dammam/ https://www.rukn-eltatawer.com/sa/sat-dish-tech-riyadh/,duplicate_similar,مجموعة مقالات شبه متطابقة في الصياغة
8,فني تركيب أقمار صناعية بالمدينة المنورة | فني تركيب أقمار صناعية بمكة المكرمة | فني تركيب أقمار صناعية بجدة | فني تركيب أقمار صناعية بأبها | فني تركيب أقمار صناعية بالطائف | فني تركيب أقمار صناعية بالخبر | فني تركيب أقمار صناعية بالدمام | فني تركيب أقمار صناعية بالرياض,https://www.rukn-eltatawer.com/sa/satellite-tech-medina/ https://www.rukn-eltatawer.com/sa/satellite-tech-mecca/ https://www.rukn-eltatawer.com/sa/satellite-tech-jeddah/ https://www.rukn-eltatawer.com/sa/satellite-tech-abha/ https://www.rukn-eltatawer.com/sa/satellite-tech-taif/ https://www.rukn-eltatawer.com/sa/satellite-tech-khobar/ https://www.rukn-eltatawer.com/sa/satellite-tech-dammam/ https://www.rukn-eltatawer.com/sa/satellite-tech-riyadh/,duplicate_similar,مجموعة مقالات شبه متطابقة في الصياغة
8,فني أنظمة صوت منزلية بالمدينة المنورة | فني أنظمة صوت منزلية بمكة المكرمة | فني أنظمة صوت منزلية بجدة | فني أنظمة صوت منزلية بأبها | فني أنظمة صوت منزلية بالطائف | فني أنظمة صوت منزلية بالخبر | فني أنظمة صوت منزلية بالدمام | فني أنظمة صوت منزلية بالرياض,https://www.rukn-eltatawer.com/sa/home-audio-tech-medina/ https://www.rukn-eltatawer.com/sa/home-audio-tech-mecca/ https://www.rukn-eltatawer.com/sa/home-audio-tech-jeddah/ https://www.rukn-eltatawer.com/sa/home-audio-tech-abha/ https://www.rukn-eltatawer.com/sa/home-audio-tech-taif/ https://www.rukn-eltatawer.com/sa/home-audio-tech-khobar/ https://www.rukn-eltatawer.com/sa/home-audio-tech-dammam/ https://www.rukn-eltatawer.com/sa/home-audio-tech-riyadh/,duplicate_similar,مجموعة مقالات شبه متطابقة في الصياغة
8,عامل دهانات بالمدينة المنورة | عامل دهانات بمكة المكرمة | عامل دهانات بجدة | عامل دهانات بأبها | عامل دهانات بالطائف | عامل دهانات بالخبر | عامل دهانات بالدمام | عامل دهانات بالرياض,https://www.rukn-eltatawer.com/sa/painter-medina/ https://www.rukn-eltatawer.com/sa/painter-mecca/ https://www.rukn-eltatawer.com/sa/painter-jeddah/ https://www.rukn-eltatawer.com/sa/painter-abha/ https://www.rukn-eltatawer.com/sa/painter-taif/ https://www.rukn-eltatawer.com/sa/painter-khobar/ https://www.rukn-eltatawer.com/sa/painter-dammam/ https://www.rukn-eltatawer.com/sa/painter-riyadh/,duplicate_similar,مجموعة مقالات شبه متطابقة في الصياغة
8,شركة نقل وتركيب مكيفات بالدمام | شركة نقل وتركيب مكيفات بالمدينة المنورة | شركة نقل وتركيب مكيفات بمكة المكرمة | شركة نقل وتركيب مكيفات بجدة | شركة نقل وتركيب مكيفات بأبها | شركة نقل وتركيب مكيفات بالطائف | شركة نقل وتركيب مكيفات بالخبر | شركة نقل وتركيب مكيفات بالرياض,https://www.rukn-eltatawer.com/sa/ac-relocation-installation-dammam/ https://www.rukn-eltatawer.com/sa/ac-relocation-installation-medina/ https://www.rukn-eltatawer.com/sa/ac-relocation-installation-mecca/ https://www.rukn-eltatawer.com/sa/ac-relocation-installation-jeddah/ https://www.rukn-eltatawer.com/sa/ac-relocation-installation-abha/ https://www.rukn-eltatawer.com/sa/ac-relocation-installation-taif/ https://www.rukn-eltatawer.com/sa/ac-relocation-installation-khobar/ https://www.rukn-eltatawer.com/sa/ac-relocation-installation-riyadh/,duplicate_similar,مجموعة مقالات شبه متطابقة في الصياغة
8,شركة نقل بيانو بالدمام | شركة نقل بيانو بالمدينة المنورة | شركة نقل بيانو بمكة المكرمة | شركة نقل بيانو بجدة | شركة نقل بيانو بأبها | شركة نقل بيانو بالطائف | شركة نقل بيانو بالخبر | شركة نقل بيانو بالرياض,https://www.rukn-eltatawer.com/sa/piano-moving-dammam/ https://www.rukn-eltatawer.com/sa/piano-moving-medina/ https://www.rukn-eltatawer.com/sa/piano-moving-mecca/ https://www.rukn-eltatawer.com/sa/piano-moving-jeddah/ https://www.rukn-eltatawer.com/sa/piano-moving-abha/ https://www.rukn-eltatawer.com/sa/piano-moving-taif/ https://www.rukn-eltatawer.com/sa/piano-moving-khobar/ https://www.rukn-eltatawer.com/sa/piano-moving-riyadh/,duplicate_similar,مجموعة مقالات شبه متطابقة في الصياغة
8,شركة مكافحة بق الفراش بالدمام | شركة مكافحة بق الفراش بالمدينة المنورة | شركة مكافحة بق الفراش بمكة المكرمة | شركة مكافحة بق الفراش بجدة | شركة مكافحة بق الفراش بأبها | شركة مكافحة بق الفراش بالطائف | شركة مكافحة بق الفراش بالخبر | شركة مكافحة بق الفراش بالرياض,https://www.rukn-eltatawer.com/sa/bed-bug-control-dammam/ https://www.rukn-eltatawer.com/sa/bed-bug-control-medina/ https://www.rukn-eltatawer.com/sa/bed-bug-control-mecca/ https://www.rukn-eltatawer.com/sa/bed-bug-control-jeddah/ https://www.rukn-eltatawer.com/sa/bed-bug-control-abha/ https://www.rukn-eltatawer.com/sa/bed-bug-control-taif/ https://www.rukn-eltatawer.com/sa/bed-bug-control-khobar/ https://www.rukn-eltatawer.com/sa/bed-bug-control-riyadh/,duplicate_similar,مجموعة مقالات شبه متطابقة في الصياغة
8,شركة مكافحة الوزغ (البرص) بالدمام | شركة مكافحة الوزغ (البرص) بالمدينة المنورة | شركة مكافحة الوزغ (البرص) بمكة المكرمة | شركة مكافحة الوزغ (البرص) بجدة | شركة مكافحة الوزغ (البرص) بأبها | شركة مكافحة الوزغ (البرص) بالطائف | شركة مكافحة الوزغ (البرص) بالخبر | شركة مكافحة الوزغ (البرص) بالرياض,https://www.rukn-eltatawer.com/sa/lizard-control-dammam/ https://www.rukn-eltatawer.com/sa/lizard-control-medina/ https://www.rukn-eltatawer.com/sa/lizard-control-mecca/ https://www.rukn-eltatawer.com/sa/lizard-control-jeddah/ https://www.rukn-eltatawer.com/sa/lizard-control-abha/ https://www.rukn-eltatawer.com/sa/lizard-control-taif/ https://www.rukn-eltatawer.com/sa/lizard-control-khobar/ https://www.rukn-eltatawer.com/sa/lizard-control-riyadh/,duplicate_similar,مجموعة مقالات شبه متطابقة في الصياغة
8,شركة مكافحة العقارب بالدمام | شركة مكافحة العقارب بالمدينة المنورة | شركة مكافحة العقارب بمكة المكرمة | شركة مكافحة العقارب بجدة | شركة مكافحة العقارب بأبها | شركة مكافحة العقارب بالطائف | شركة مكافحة العقارب بالخبر | شركة مكافحة العقارب بالرياض,https://www.rukn-eltatawer.com/sa/scorpion-control-dammam/ https://www.rukn-eltatawer.com/sa/scorpion-control-medina/ https://www.rukn-eltatawer.com/sa/scorpion-control-mecca/ https://www.rukn-eltatawer.com/sa/scorpion-control-jeddah/ https://www.rukn-eltatawer.com/sa/scorpion-control-abha/ https://www.rukn-eltatawer.com/sa/scorpion-control-taif/ https://www.rukn-eltatawer.com/sa/scorpion-control-khobar/ https://www.rukn-eltatawer.com/sa/scorpion-control-riyadh/,duplicate_similar,مجموعة مقالات شبه متطابقة في الصياغة
8,شركة مكافحة الطيور بالدمام | شركة مكافحة الطيور بالمدينة المنورة | شركة مكافحة الطيور بمكة المكرمة | شركة مكافحة الطيور بجدة | شركة مكافحة الطيور بأبها | شركة مكافحة الطيور بالطائف | شركة مكافحة الطيور بالخبر | شركة مكافحة الطيور بالرياض,https://www.rukn-eltatawer.com/sa/bird-control-dammam/ https://www.rukn-eltatawer.com/sa/bird-control-medina/ https://www.rukn-eltatawer.com/sa/bird-control-mecca/ https://www.rukn-eltatawer.com/sa/bird-control-jeddah/ https://www.rukn-eltatawer.com/sa/bird-control-abha/ https://www.rukn-eltatawer.com/sa/bird-control-taif/ https://www.rukn-eltatawer.com/sa/bird-control-khobar/ https://www.rukn-eltatawer.com/sa/bird-control-riyadh/,duplicate_similar,مجموعة مقالات شبه متطابقة في الصياغة
8,شركة مكافحة الحشرات الطائرة بالدمام | شركة مكافحة الحشرات الطائرة بالمدينة المنورة | شركة مكافحة الحشرات الطائرة بمكة المكرمة | شركة مكافحة الحشرات الطائرة بجدة | شركة مكافحة الحشرات الطائرة بأبها | شركة مكافحة الحشرات الطائرة بالطائف | شركة مكافحة الحشرات الطائرة بالخبر | شركة مكافحة الحشرات الطائرة بالرياض,https://www.rukn-eltatawer.com/sa/flying-pest-control-dammam/ https://www.rukn-eltatawer.com/sa/flying-pest-control-medina/ https://www.rukn-eltatawer.com/sa/flying-pest-control-mecca/ https://www.rukn-eltatawer.com/sa/flying-pest-control-jeddah/ https://www.rukn-eltatawer.com/sa/flying-pest-control-abha/ https://www.rukn-eltatawer.com/sa/flying-pest-control-taif/ https://www.rukn-eltatawer.com/sa/flying-pest-control-khobar/ https://www.rukn-eltatawer.com/sa/flying-pest-control-riyadh/,duplicate_similar,مجموعة مقالات شبه متطابقة في الصياغة
8,شركة مكافحة الحشرات الزاحفة بالدمام | شركة مكافحة الحشرات الزاحفة بالمدينة المنورة | شركة مكافحة الحشرات الزاحفة بمكة المكرمة | شركة مكافحة الحشرات الزاحفة بجدة | شركة مكافحة الحشرات الزاحفة بأبها | شركة مكافحة الحشرات الزاحفة بالطائف | شركة مكافحة الحشرات الزاحفة بالخبر | شركة مكافحة الحشرات الزاحفة بالرياض,https://www.rukn-eltatawer.com/sa/crawling-pest-control-dammam/ https://www.rukn-eltatawer.com/sa/crawling-pest-control-medina/ https://www.rukn-eltatawer.com/sa/crawling-pest-control-mecca/ https://www.rukn-eltatawer.com/sa/crawling-pest-control-jeddah/ https://www.rukn-eltatawer.com/sa/crawling-pest-control-abha/ https://www.rukn-eltatawer.com/sa/crawling-pest-control-taif/ https://www.rukn-eltatawer.com/sa/crawling-pest-control-khobar/ https://www.rukn-eltatawer.com/sa/crawling-pest-control-riyadh/,duplicate_similar,مجموعة مقالات شبه متطابقة في الصياغة
8,شركة مكافحة البعوض والذباب بالدمام | شركة مكافحة البعوض والذباب بالمدينة المنورة | شركة مكافحة البعوض والذباب بمكة المكرمة | شركة مكافحة البعوض والذباب بجدة | شركة مكافحة البعوض والذباب بأبها | شركة مكافحة البعوض والذباب بالطائف | شركة مكافحة البعوض والذباب بالخبر | شركة مكافحة البعوض والذباب بالرياض,https://www.rukn-eltatawer.com/sa/mosquito-fly-control-dammam/ https://www.rukn-eltatawer.com/sa/mosquito-fly-control-medina/ https://www.rukn-eltatawer.com/sa/mosquito-fly-control-mecca/ https://www.rukn-eltatawer.com/sa/mosquito-fly-control-jeddah/ https://www.rukn-eltatawer.com/sa/mosquito-fly-control-abha/ https://www.rukn-eltatawer.com/sa/mosquito-fly-control-taif/ https://www.rukn-eltatawer.com/sa/mosquito-fly-control-khobar/ https://www.rukn-eltatawer.com/sa/mosquito-fly-control-riyadh/,duplicate_similar,مجموعة مقالات شبه متطابقة في الصياغة
8,شركة مكافحة البراغيث بالدمام | شركة مكافحة البراغيث بالمدينة المنورة | شركة مكافحة البراغيث بمكة المكرمة | شركة مكافحة البراغيث بجدة | شركة مكافحة البراغيث بأبها | شركة مكافحة البراغيث بالطائف | شركة مكافحة البراغيث بالخبر | شركة مكافحة البراغيث بالرياض,https://www.rukn-eltatawer.com/sa/flea-control-dammam/ https://www.rukn-eltatawer.com/sa/flea-control-medina/ https://www.rukn-eltatawer.com/sa/flea-control-mecca/ https://www.rukn-eltatawer.com/sa/flea-control-jeddah/ https://www.rukn-eltatawer.com/sa/flea-control-abha/ https://www.rukn-eltatawer.com/sa/flea-control-taif/ https://www.rukn-eltatawer.com/sa/flea-control-khobar/ https://www.rukn-eltatawer.com/sa/flea-control-riyadh/,duplicate_similar,مجموعة مقالات شبه متطابقة في الصياغة
8,شركة مكافحة الأفاعي بالدمام | شركة مكافحة الأفاعي بالمدينة المنورة | شركة مكافحة الأفاعي بمكة المكرمة | شركة مكافحة الأفاعي بجدة | شركة مكافحة الأفاعي بأبها | شركة مكافحة الأفاعي بالطائف | شركة مكافحة الأفاعي بالخبر | شركة مكافحة الأفاعي بالرياض,https://www.rukn-eltatawer.com/sa/snake-control-dammam/ https://www.rukn-eltatawer.com/sa/snake-control-medina/ https://www.rukn-eltatawer.com/sa/snake-control-mecca/ https://www.rukn-eltatawer.com/sa/snake-control-jeddah/ https://www.rukn-eltatawer.com/sa/snake-control-abha/ https://www.rukn-eltatawer.com/sa/snake-control-taif/ https://www.rukn-eltatawer.com/sa/snake-control-khobar/ https://www.rukn-eltatawer.com/sa/snake-control-riyadh/,duplicate_similar,مجموعة مقالات شبه متطابقة في الصياغة
8,شركة مكاتب الشحن بالدمام | شركة مكاتب الشحن بالمدينة المنورة | شركة مكاتب الشحن بمكة المكرمة | شركة مكاتب الشحن بجدة | شركة مكاتب الشحن بأبها | شركة مكاتب الشحن بالطائف | شركة مكاتب الشحن بالخبر | شركة مكاتب الشحن بالرياض,https://www.rukn-eltatawer.com/sa/shipping-offices-dammam/ https://www.rukn-eltatawer.com/sa/shipping-offices-medina/ https://www.rukn-eltatawer.com/sa/shipping-offices-mecca/ https://www.rukn-eltatawer.com/sa/shipping-offices-jeddah/ https://www.rukn-eltatawer.com/sa/shipping-offices-abha/ https://www.rukn-eltatawer.com/sa/shipping-offices-taif/ https://www.rukn-eltatawer.com/sa/shipping-offices-khobar/ https://www.rukn-eltatawer.com/sa/shipping-offices-riyadh/,duplicate_similar,مجموعة مقالات شبه متطابقة في الصياغة
8,شركة معالجة الرطوبة والعفن بالدمام | شركة معالجة الرطوبة والعفن بالمدينة المنورة | شركة معالجة الرطوبة والعفن بمكة المكرمة | شركة معالجة الرطوبة والعفن بجدة | شركة معالجة الرطوبة والعفن بأبها | شركة معالجة الرطوبة والعفن بالطائف | شركة معالجة الرطوبة والعفن بالخبر | شركة معالجة الرطوبة والعفن بالرياض,https://www.rukn-eltatawer.com/sa/humidity-treatment-dammam/ https://www.rukn-eltatawer.com/sa/humidity-treatment-medina/ https://www.rukn-eltatawer.com/sa/humidity-treatment-mecca/ https://www.rukn-eltatawer.com/sa/humidity-treatment-jeddah/ https://www.rukn-eltatawer.com/sa/humidity-treatment-abha/ https://www.rukn-eltatawer.com/sa/humidity-treatment-taif/ https://www.rukn-eltatawer.com/sa/humidity-treatment-khobar/ https://www.rukn-eltatawer.com/sa/humidity-treatment-riyadh/,duplicate_similar,مجموعة مقالات شبه متطابقة في الصياغة
8,شركة كشف أعطال تبريد بالدمام | شركة كشف أعطال تبريد بالمدينة المنورة | شركة كشف أعطال تبريد بمكة المكرمة | شركة كشف أعطال تبريد بجدة | شركة كشف أعطال تبريد بأبها | شركة كشف أعطال تبريد بالطائف | شركة كشف أعطال تبريد بالخبر | شركة كشف أعطال تبريد بالرياض,https://www.rukn-eltatawer.com/sa/cooling-fault-detection-dammam/ https://www.rukn-eltatawer.com/sa/cooling-fault-detection-medina/ https://www.rukn-eltatawer.com/sa/cooling-fault-detection-mecca/ https://www.rukn-eltatawer.com/sa/cooling-fault-detection-jeddah/ https://www.rukn-eltatawer.com/sa/cooling-fault-detection-abha/ https://www.rukn-eltatawer.com/sa/cooling-fault-detection-taif/ https://www.rukn-eltatawer.com/sa/cooling-fault-detection-khobar/ https://www.rukn-eltatawer.com/sa/cooling-fault-detection-riyadh/,duplicate_similar,مجموعة مقالات شبه متطابقة في الصياغة
8,شركة فحص فلل ومباني قبل الشراء بالدمام | شركة فحص فلل ومباني قبل الشراء بالمدينة المنورة | شركة فحص فلل ومباني قبل الشراء بمكة المكرمة | شركة فحص فلل ومباني قبل الشراء بجدة | شركة فحص فلل ومباني قبل الشراء بأبها | شركة فحص فلل ومباني قبل الشراء بالطائف | شركة فحص فلل ومباني قبل الشراء بالخبر | شركة فحص فلل ومباني قبل الشراء بالرياض,https://www.rukn-eltatawer.com/sa/villa-inspection-dammam/ https://www.rukn-eltatawer.com/sa/villa-inspection-medina/ https://www.rukn-eltatawer.com/sa/villa-inspection-mecca/ https://www.rukn-eltatawer.com/sa/villa-inspection-jeddah/ https://www.rukn-eltatawer.com/sa/villa-inspection-abha/ https://www.rukn-eltatawer.com/sa/villa-inspection-taif/ https://www.rukn-eltatawer.com/sa/villa-inspection-khobar/ https://www.rukn-eltatawer.com/sa/villa-inspection-riyadh/,duplicate_similar,مجموعة مقالات شبه متطابقة في الصياغة
8,شركة عزل مطابخ بالدمام | شركة عزل مطابخ بالمدينة المنورة | شركة عزل مطابخ بمكة المكرمة | شركة عزل مطابخ بجدة | شركة عزل مطابخ بأبها | شركة عزل مطابخ بالطائف | شركة عزل مطابخ بالخبر | شركة عزل مطابخ بالرياض,https://www.rukn-eltatawer.com/sa/kitchen-insulation-dammam/ https://www.rukn-eltatawer.com/sa/kitchen-insulation-medina/ https://www.rukn-eltatawer.com/sa/kitchen-insulation-mecca/ https://www.rukn-eltatawer.com/sa/kitchen-insulation-jeddah/ https://www.rukn-eltatawer.com/sa/kitchen-insulation-abha/ https://www.rukn-eltatawer.com/sa/kitchen-insulation-taif/ https://www.rukn-eltatawer.com/sa/kitchen-insulation-khobar/ https://www.rukn-eltatawer.com/sa/kitchen-insulation-riyadh/,duplicate_similar,مجموعة مقالات شبه متطابقة في الصياغة
8,شركة عزل مائي بالدمام | شركة عزل مائي بالمدينة المنورة | شركة عزل مائي بمكة المكرمة | شركة عزل مائي بجدة | شركة عزل مائي بأبها | شركة عزل مائي بالطائف | شركة عزل مائي بالخبر | شركة عزل مائي بالرياض,https://www.rukn-eltatawer.com/sa/waterproofing-dammam/ https://www.rukn-eltatawer.com/sa/waterproofing-medina/ https://www.rukn-eltatawer.com/sa/waterproofing-mecca/ https://www.rukn-eltatawer.com/sa/waterproofing-jeddah/ https://www.rukn-eltatawer.com/sa/waterproofing-abha/ https://www.rukn-eltatawer.com/sa/waterproofing-taif/ https://www.rukn-eltatawer.com/sa/waterproofing-khobar/ https://www.rukn-eltatawer.com/sa/waterproofing-riyadh/,duplicate_similar,مجموعة مقالات شبه متطابقة في الصياغة
8,شركة عزل صوتي بالدمام | شركة عزل صوتي بالمدينة المنورة | شركة عزل صوتي بمكة المكرمة | شركة عزل صوتي بجدة | شركة عزل صوتي بأبها | شركة عزل صوتي بالطائف | شركة عزل صوتي بالخبر | شركة عزل صوتي بالرياض,https://www.rukn-eltatawer.com/sa/soundproofing-dammam/ https://www.rukn-eltatawer.com/sa/soundproofing-medina/ https://www.rukn-eltatawer.com/sa/soundproofing-mecca/ https://www.rukn-eltatawer.com/sa/soundproofing-jeddah/ https://www.rukn-eltatawer.com/sa/soundproofing-abha/ https://www.rukn-eltatawer.com/sa/soundproofing-taif/ https://www.rukn-eltatawer.com/sa/soundproofing-khobar/ https://www.rukn-eltatawer.com/sa/soundproofing-riyadh/,duplicate_similar,مجموعة مقالات شبه متطابقة في الصياغة
8,شركة عزل حمامات بالدمام | شركة عزل حمامات بالمدينة المنورة | شركة عزل حمامات بمكة المكرمة | شركة عزل حمامات بجدة | شركة عزل حمامات بأبها | شركة عزل حمامات بالطائف | شركة عزل حمامات بالخبر | شركة عزل حمامات بالرياض,https://www.rukn-eltatawer.com/sa/bathroom-insulation-dammam/ https://www.rukn-eltatawer.com/sa/bathroom-insulation-medina/ https://www.rukn-eltatawer.com/sa/bathroom-insulation-mecca/ https://www.rukn-eltatawer.com/sa/bathroom-insulation-jeddah/ https://www.rukn-eltatawer.com/sa/bathroom-insulation-abha/ https://www.rukn-eltatawer.com/sa/bathroom-insulation-taif/ https://www.rukn-eltatawer.com/sa/bathroom-insulation-khobar/ https://www.rukn-eltatawer.com/sa/bathroom-insulation-riyadh/,duplicate_similar,مجموعة مقالات شبه متطابقة في الصياغة
8,شركة عزل حراري بالدمام | شركة عزل حراري بالمدينة المنورة | شركة عزل حراري بمكة المكرمة | شركة عزل حراري بجدة | شركة عزل حراري بأبها | شركة عزل حراري بالطائف | شركة عزل حراري بالخبر | شركة عزل حراري بالرياض,https://www.rukn-eltatawer.com/sa/thermal-insulation-dammam/ https://www.rukn-eltatawer.com/sa/thermal-insulation-medina/ https://www.rukn-eltatawer.com/sa/thermal-insulation-mecca/ https://www.rukn-eltatawer.com/sa/thermal-insulation-jeddah/ https://www.rukn-eltatawer.com/sa/thermal-insulation-abha/ https://www.rukn-eltatawer.com/sa/thermal-insulation-taif/ https://www.rukn-eltatawer.com/sa/thermal-insulation-khobar/ https://www.rukn-eltatawer.com/sa/thermal-insulation-riyadh/,duplicate_similar,مجموعة مقالات شبه متطابقة في الصياغة
8,شركة صيانة ودهان بعد التسريبات بالدمام | شركة صيانة ودهان بعد التسريبات بالمدينة المنورة | شركة صيانة ودهان بعد التسريبات بمكة المكرمة | شركة صيانة ودهان بعد التسريبات بجدة | شركة صيانة ودهان بعد التسريبات بأبها | شركة صيانة ودهان بعد التسريبات بالطائف | شركة صيانة ودهان بعد التسريبات بالخبر | شركة صيانة ودهان بعد التسريبات بالرياض,https://www.rukn-eltatawer.com/sa/post-leak-repaint-maintenance-dammam/ https://www.rukn-eltatawer.com/sa/post-leak-repaint-maintenance-medina/ https://www.rukn-eltatawer.com/sa/post-leak-repaint-maintenance-mecca/ https://www.rukn-eltatawer.com/sa/post-leak-repaint-maintenance-jeddah/ https://www.rukn-eltatawer.com/sa/post-leak-repaint-maintenance-abha/ https://www.rukn-eltatawer.com/sa/post-leak-repaint-maintenance-taif/ https://www.rukn-eltatawer.com/sa/post-leak-repaint-maintenance-khobar/ https://www.rukn-eltatawer.com/sa/post-leak-repaint-maintenance-riyadh/,duplicate_similar,مجموعة مقالات شبه متطابقة في الصياغة
8,شركة صيانة نشافات بالدمام | شركة صيانة نشافات بالمدينة المنورة | شركة صيانة نشافات بمكة المكرمة | شركة صيانة نشافات بجدة | شركة صيانة نشافات بأبها | شركة صيانة نشافات بالطائف | شركة صيانة نشافات بالخبر | شركة صيانة نشافات بالرياض,https://www.rukn-eltatawer.com/sa/dryer-maintenance-dammam/ https://www.rukn-eltatawer.com/sa/dryer-maintenance-medina/ https://www.rukn-eltatawer.com/sa/dryer-maintenance-mecca/ https://www.rukn-eltatawer.com/sa/dryer-maintenance-jeddah/ https://www.rukn-eltatawer.com/sa/dryer-maintenance-abha/ https://www.rukn-eltatawer.com/sa/dryer-maintenance-taif/ https://www.rukn-eltatawer.com/sa/dryer-maintenance-khobar/ https://www.rukn-eltatawer.com/sa/dryer-maintenance-riyadh/,duplicate_similar,مجموعة مقالات شبه متطابقة في الصياغة
8,شركة صيانة ميكروويف بالدمام | شركة صيانة ميكروويف بالمدينة المنورة | شركة صيانة ميكروويف بمكة المكرمة | شركة صيانة ميكروويف بجدة | شركة صيانة ميكروويف بأبها | شركة صيانة ميكروويف بالطائف | شركة صيانة ميكروويف بالخبر | شركة صيانة ميكروويف بالرياض,https://www.rukn-eltatawer.com/sa/microwave-maintenance-dammam/ https://www.rukn-eltatawer.com/sa/microwave-maintenance-medina/ https://www.rukn-eltatawer.com/sa/microwave-maintenance-mecca/ https://www.rukn-eltatawer.com/sa/microwave-maintenance-jeddah/ https://www.rukn-eltatawer.com/sa/microwave-maintenance-abha/ https://www.rukn-eltatawer.com/sa/microwave-maintenance-taif/ https://www.rukn-eltatawer.com/sa/microwave-maintenance-khobar/ https://www.rukn-eltatawer.com/sa/microwave-maintenance-riyadh/,duplicate_similar,مجموعة مقالات شبه متطابقة في الصياغة
8,شركة صيانة مصاعد بالدمام | شركة صيانة مصاعد بالمدينة المنورة | شركة صيانة مصاعد بمكة المكرمة | شركة صيانة مصاعد بجدة | شركة صيانة مصاعد بأبها | شركة صيانة مصاعد بالطائف | شركة صيانة مصاعد بالخبر | شركة صيانة مصاعد بالرياض,https://www.rukn-eltatawer.com/sa/elevator-maintenance-dammam/ https://www.rukn-eltatawer.com/sa/elevator-maintenance-medina/ https://www.rukn-eltatawer.com/sa/elevator-maintenance-mecca/ https://www.rukn-eltatawer.com/sa/elevator-maintenance-jeddah/ https://www.rukn-eltatawer.com/sa/elevator-maintenance-abha/ https://www.rukn-eltatawer.com/sa/elevator-maintenance-taif/ https://www.rukn-eltatawer.com/sa/elevator-maintenance-khobar/ https://www.rukn-eltatawer.com/sa/elevator-maintenance-riyadh/,duplicate_similar,مجموعة مقالات شبه متطابقة في الصياغة
8,شركة صيانة مبردات مياه بالدمام | شركة صيانة مبردات مياه بالمدينة المنورة | شركة صيانة مبردات مياه بمكة المكرمة | شركة صيانة مبردات مياه بجدة | شركة صيانة مبردات مياه بأبها | شركة صيانة مبردات مياه بالطائف | شركة صيانة مبردات مياه بالخبر | شركة صيانة مبردات مياه بالرياض,https://www.rukn-eltatawer.com/sa/water-cooler-maintenance-dammam/ https://www.rukn-eltatawer.com/sa/water-cooler-maintenance-medina/ https://www.rukn-eltatawer.com/sa/water-cooler-maintenance-mecca/ https://www.rukn-eltatawer.com/sa/water-cooler-maintenance-jeddah/ https://www.rukn-eltatawer.com/sa/water-cooler-maintenance-abha/ https://www.rukn-eltatawer.com/sa/water-cooler-maintenance-taif/ https://www.rukn-eltatawer.com/sa/water-cooler-maintenance-khobar/ https://www.rukn-eltatawer.com/sa/water-cooler-maintenance-riyadh/,duplicate_similar,مجموعة مقالات شبه متطابقة في الصياغة
8,شركة صيانة مباني بالدمام | شركة صيانة مباني بالمدينة المنورة | شركة صيانة مباني بمكة المكرمة | شركة صيانة مباني بجدة | شركة صيانة مباني بأبها | شركة صيانة مباني بالطائف | شركة صيانة مباني بالخبر | شركة صيانة مباني بالرياض,https://www.rukn-eltatawer.com/sa/building-maintenance-dammam/ https://www.rukn-eltatawer.com/sa/building-maintenance-medina/ https://www.rukn-eltatawer.com/sa/building-maintenance-mecca/ https://www.rukn-eltatawer.com/sa/building-maintenance-jeddah/ https://www.rukn-eltatawer.com/sa/building-maintenance-abha/ https://www.rukn-eltatawer.com/sa/building-maintenance-taif/ https://www.rukn-eltatawer.com/sa/building-maintenance-khobar/ https://www.rukn-eltatawer.com/sa/building-maintenance-riyadh/,duplicate_similar,مجموعة مقالات شبه متطابقة في الصياغة
8,شركة صيانة غسالات بالدمام | شركة صيانة غسالات بالمدينة المنورة | شركة صيانة غسالات بمكة المكرمة | شركة صيانة غسالات بجدة | شركة صيانة غسالات بأبها | شركة صيانة غسالات بالطائف | شركة صيانة غسالات بالخبر | شركة صيانة غسالات بالرياض,https://www.rukn-eltatawer.com/sa/washer-maintenance-dammam/ https://www.rukn-eltatawer.com/sa/washer-maintenance-medina/ https://www.rukn-eltatawer.com/sa/washer-maintenance-mecca/ https://www.rukn-eltatawer.com/sa/washer-maintenance-jeddah/ https://www.rukn-eltatawer.com/sa/washer-maintenance-abha/ https://www.rukn-eltatawer.com/sa/washer-maintenance-taif/ https://www.rukn-eltatawer.com/sa/washer-maintenance-khobar/ https://www.rukn-eltatawer.com/sa/washer-maintenance-riyadh/,duplicate_similar,مجموعة مقالات شبه متطابقة في الصياغة
8,شركة صيانة عامة بالدمام | شركة صيانة عامة بالمدينة المنورة | شركة صيانة عامة بمكة المكرمة | شركة صيانة عامة بجدة | شركة صيانة عامة بأبها | شركة صيانة عامة بالطائف | شركة صيانة عامة بالخبر | شركة صيانة عامة بالرياض,https://www.rukn-eltatawer.com/sa/general-maintenance-dammam/ https://www.rukn-eltatawer.com/sa/general-maintenance-medina/ https://www.rukn-eltatawer.com/sa/general-maintenance-mecca/ https://www.rukn-eltatawer.com/sa/general-maintenance-jeddah/ https://www.rukn-eltatawer.com/sa/general-maintenance-abha/ https://www.rukn-eltatawer.com/sa/general-maintenance-taif/ https://www.rukn-eltatawer.com/sa/general-maintenance-khobar/ https://www.rukn-eltatawer.com/sa/general-maintenance-riyadh/,duplicate_similar,مجموعة مقالات شبه متطابقة في الصياغة
8,شركة صيانة ثلاجات وتبريد تجاري بالدمام | شركة صيانة ثلاجات وتبريد تجاري بالمدينة المنورة | شركة صيانة ثلاجات وتبريد تجاري بمكة المكرمة | شركة صيانة ثلاجات وتبريد تجاري بجدة | شركة صيانة ثلاجات وتبريد تجاري بأبها | شركة صيانة ثلاجات وتبريد تجاري بالطائف | شركة صيانة ثلاجات وتبريد تجاري بالخبر | شركة صيانة ثلاجات وتبريد تجاري بالرياض,https://www.rukn-eltatawer.com/sa/commercial-refrigeration-maintenance-dammam/ https://www.rukn-eltatawer.com/sa/commercial-refrigeration-maintenance-medina/ https://www.rukn-eltatawer.com/sa/commercial-refrigeration-maintenance-mecca/ https://www.rukn-eltatawer.com/sa/commercial-refrigeration-maintenance-jeddah/ https://www.rukn-eltatawer.com/sa/commercial-refrigeration-maintenance-abha/ https://www.rukn-eltatawer.com/sa/commercial-refrigeration-maintenance-taif/ https://www.rukn-eltatawer.com/sa/commercial-refrigeration-maintenance-khobar/ https://www.rukn-eltatawer.com/sa/commercial-refrigeration-maintenance-riyadh/,duplicate_similar,مجموعة مقالات شبه متطابقة في الصياغة
8,شركة صيانة ثلاجات بالدمام | شركة صيانة ثلاجات بالمدينة المنورة | شركة صيانة ثلاجات بمكة المكرمة | شركة صيانة ثلاجات بجدة | شركة صيانة ثلاجات بأبها | شركة صيانة ثلاجات بالطائف | شركة صيانة ثلاجات بالخبر | شركة صيانة ثلاجات بالرياض,https://www.rukn-eltatawer.com/sa/fridge-maintenance-dammam/ https://www.rukn-eltatawer.com/sa/fridge-maintenance-medina/ https://www.rukn-eltatawer.com/sa/fridge-maintenance-mecca/ https://www.rukn-eltatawer.com/sa/fridge-maintenance-jeddah/ https://www.rukn-eltatawer.com/sa/fridge-maintenance-abha/ https://www.rukn-eltatawer.com/sa/fridge-maintenance-taif/ https://www.rukn-eltatawer.com/sa/fridge-maintenance-khobar/ https://www.rukn-eltatawer.com/sa/fridge-maintenance-riyadh/,duplicate_similar,مجموعة مقالات شبه متطابقة في الصياغة
8,شركة صيانة بوتاجازات بالدمام | شركة صيانة بوتاجازات بالمدينة المنورة | شركة صيانة بوتاجازات بمكة المكرمة | شركة صيانة بوتاجازات بجدة | شركة صيانة بوتاجازات بأبها | شركة صيانة بوتاجازات بالطائف | شركة صيانة بوتاجازات بالخبر | شركة صيانة بوتاجازات بالرياض,https://www.rukn-eltatawer.com/sa/stove-maintenance-dammam/ https://www.rukn-eltatawer.com/sa/stove-maintenance-medina/ https://www.rukn-eltatawer.com/sa/stove-maintenance-mecca/ https://www.rukn-eltatawer.com/sa/stove-maintenance-jeddah/ https://www.rukn-eltatawer.com/sa/stove-maintenance-abha/ https://www.rukn-eltatawer.com/sa/stove-maintenance-taif/ https://www.rukn-eltatawer.com/sa/stove-maintenance-khobar/ https://www.rukn-eltatawer.com/sa/stove-maintenance-riyadh/,duplicate_similar,مجموعة مقالات شبه متطابقة في الصياغة
8,شركة صيانة أفران بالدمام | شركة صيانة أفران بالمدينة المنورة | شركة صيانة أفران بمكة المكرمة | شركة صيانة أفران بجدة | شركة صيانة أفران بأبها | شركة صيانة أفران بالطائف | شركة صيانة أفران بالخبر | شركة صيانة أفران بالرياض,https://www.rukn-eltatawer.com/sa/oven-maintenance-dammam/ https://www.rukn-eltatawer.com/sa/oven-maintenance-medina/ https://www.rukn-eltatawer.com/sa/oven-maintenance-mecca/ https://www.rukn-eltatawer.com/sa/oven-maintenance-jeddah/ https://www.rukn-eltatawer.com/sa/oven-maintenance-abha/ https://www.rukn-eltatawer.com/sa/oven-maintenance-taif/ https://www.rukn-eltatawer.com/sa/oven-maintenance-khobar/ https://www.rukn-eltatawer.com/sa/oven-maintenance-riyadh/,duplicate_similar,مجموعة مقالات شبه متطابقة في الصياغة
8,شركة صيانة أبواب أوتوماتيكية بالدمام | شركة صيانة أبواب أوتوماتيكية بالمدينة المنورة | شركة صيانة أبواب أوتوماتيكية بمكة المكرمة | شركة صيانة أبواب أوتوماتيكية بجدة | شركة صيانة أبواب أوتوماتيكية بأبها | شركة صيانة أبواب أوتوماتيكية بالطائف | شركة صيانة أبواب أوتوماتيكية بالخبر | شركة صيانة أبواب أوتوماتيكية بالرياض,https://www.rukn-eltatawer.com/sa/automatic-doors-maintenance-dammam/ https://www.rukn-eltatawer.com/sa/automatic-doors-maintenance-medina/ https://www.rukn-eltatawer.com/sa/automatic-doors-maintenance-mecca/ https://www.rukn-eltatawer.com/sa/automatic-doors-maintenance-jeddah/ https://www.rukn-eltatawer.com/sa/automatic-doors-maintenance-abha/ https://www.rukn-eltatawer.com/sa/automatic-doors-maintenance-taif/ https://www.rukn-eltatawer.com/sa/automatic-doors-maintenance-khobar/ https://www.rukn-eltatawer.com/sa/automatic-doors-maintenance-riyadh/,duplicate_similar,مجموعة مقالات شبه متطابقة في الصياغة
8,شركة شفط بيارات بالدمام | شركة شفط بيارات بالمدينة المنورة | شركة شفط بيارات بمكة المكرمة | شركة شفط بيارات بجدة | شركة شفط بيارات بأبها | شركة شفط بيارات بالطائف | شركة شفط بيارات بالخبر | شركة شفط بيارات بالرياض,https://www.rukn-eltatawer.com/sa/septic-tank-emptying-dammam/ https://www.rukn-eltatawer.com/sa/septic-tank-emptying-medina/ https://www.rukn-eltatawer.com/sa/septic-tank-emptying-mecca/ https://www.rukn-eltatawer.com/sa/septic-tank-emptying-jeddah/ https://www.rukn-eltatawer.com/sa/septic-tank-emptying-abha/ https://www.rukn-eltatawer.com/sa/septic-tank-emptying-taif/ https://www.rukn-eltatawer.com/sa/septic-tank-emptying-khobar/ https://www.rukn-eltatawer.com/sa/septic-tank-emptying-riyadh/,duplicate_similar,مجموعة مقالات شبه متطابقة في الصياغة
8,شركة شحن طرود سريعة بالدمام | شركة شحن طرود سريعة بالمدينة المنورة | شركة شحن طرود سريعة بمكة المكرمة | شركة شحن طرود سريعة بجدة | شركة شحن طرود سريعة بأبها | شركة شحن طرود سريعة بالطائف | شركة شحن طرود سريعة بالخبر | شركة شحن طرود سريعة بالرياض,https://www.rukn-eltatawer.com/sa/express-parcel-shipping-dammam/ https://www.rukn-eltatawer.com/sa/express-parcel-shipping-medina/ https://www.rukn-eltatawer.com/sa/express-parcel-shipping-mecca/ https://www.rukn-eltatawer.com/sa/express-parcel-shipping-jeddah/ https://www.rukn-eltatawer.com/sa/express-parcel-shipping-abha/ https://www.rukn-eltatawer.com/sa/express-parcel-shipping-taif/ https://www.rukn-eltatawer.com/sa/express-parcel-shipping-khobar/ https://www.rukn-eltatawer.com/sa/express-parcel-shipping-riyadh/,duplicate_similar,مجموعة مقالات شبه متطابقة في الصياغة
8,شركة شحن دولي جوي بالدمام | شركة شحن دولي جوي بالمدينة المنورة | شركة شحن دولي جوي بمكة المكرمة | شركة شحن دولي جوي بجدة | شركة شحن دولي جوي بأبها | شركة شحن دولي جوي بالطائف | شركة شحن دولي جوي بالخبر | شركة شحن دولي جوي بالرياض,https://www.rukn-eltatawer.com/sa/air-freight-dammam/ https://www.rukn-eltatawer.com/sa/air-freight-medina/ https://www.rukn-eltatawer.com/sa/air-freight-mecca/ https://www.rukn-eltatawer.com/sa/air-freight-jeddah/ https://www.rukn-eltatawer.com/sa/air-freight-abha/ https://www.rukn-eltatawer.com/sa/air-freight-taif/ https://www.rukn-eltatawer.com/sa/air-freight-khobar/ https://www.rukn-eltatawer.com/sa/air-freight-riyadh/,duplicate_similar,مجموعة مقالات شبه متطابقة في الصياغة
8,شركة شحن دولي بري بالدمام | شركة شحن دولي بري بالمدينة المنورة | شركة شحن دولي بري بمكة المكرمة | شركة شحن دولي بري بجدة | شركة شحن دولي بري بأبها | شركة شحن دولي بري بالطائف | شركة شحن دولي بري بالخبر | شركة شحن دولي بري بالرياض,https://www.rukn-eltatawer.com/sa/land-freight-dammam/ https://www.rukn-eltatawer.com/sa/land-freight-medina/ https://www.rukn-eltatawer.com/sa/land-freight-mecca/ https://www.rukn-eltatawer.com/sa/land-freight-jeddah/ https://www.rukn-eltatawer.com/sa/land-freight-abha/ https://www.rukn-eltatawer.com/sa/land-freight-taif/ https://www.rukn-eltatawer.com/sa/land-freight-khobar/ https://www.rukn-eltatawer.com/sa/land-freight-riyadh/,duplicate_similar,مجموعة مقالات شبه متطابقة في الصياغة
8,شركة شحن دولي بحري بالدمام | شركة شحن دولي بحري بالمدينة المنورة | شركة شحن دولي بحري بمكة المكرمة | شركة شحن دولي بحري بجدة | شركة شحن دولي بحري بأبها | شركة شحن دولي بحري بالطائف | شركة شحن دولي بحري بالخبر | شركة شحن دولي بحري بالرياض,https://www.rukn-eltatawer.com/sa/sea-freight-dammam/ https://www.rukn-eltatawer.com/sa/sea-freight-medina/ https://www.rukn-eltatawer.com/sa/sea-freight-mecca/ https://www.rukn-eltatawer.com/sa/sea-freight-jeddah/ https://www.rukn-eltatawer.com/sa/sea-freight-abha/ https://www.rukn-eltatawer.com/sa/sea-freight-taif/ https://www.rukn-eltatawer.com/sa/sea-freight-khobar/ https://www.rukn-eltatawer.com/sa/sea-freight-riyadh/,duplicate_similar,مجموعة مقالات شبه متطابقة في الصياغة
8,شركة شحن داخلي داخل بالدمام | شركة شحن داخلي داخل بالمدينة المنورة | شركة شحن داخلي داخل بمكة المكرمة | شركة شحن داخلي داخل بجدة | شركة شحن داخلي داخل بأبها | شركة شحن داخلي داخل بالطائف | شركة شحن داخلي داخل بالخبر | شركة شحن داخلي داخل بالرياض,https://www.rukn-eltatawer.com/sa/domestic-shipping-dammam/ https://www.rukn-eltatawer.com/sa/domestic-shipping-medina/ https://www.rukn-eltatawer.com/sa/domestic-shipping-mecca/ https://www.rukn-eltatawer.com/sa/domestic-shipping-jeddah/ https://www.rukn-eltatawer.com/sa/domestic-shipping-abha/ https://www.rukn-eltatawer.com/sa/domestic-shipping-taif/ https://www.rukn-eltatawer.com/sa/domestic-shipping-khobar/ https://www.rukn-eltatawer.com/sa/domestic-shipping-riyadh/,duplicate_similar,مجموعة مقالات شبه متطابقة في الصياغة
8,شركة شحن بضائع بالدمام | شركة شحن بضائع بالمدينة المنورة | شركة شحن بضائع بمكة المكرمة | شركة شحن بضائع بجدة | شركة شحن بضائع بأبها | شركة شحن بضائع بالطائف | شركة شحن بضائع بالخبر | شركة شحن بضائع بالرياض,https://www.rukn-eltatawer.com/sa/cargo-shipping-dammam/ https://www.rukn-eltatawer.com/sa/cargo-shipping-medina/ https://www.rukn-eltatawer.com/sa/cargo-shipping-mecca/ https://www.rukn-eltatawer.com/sa/cargo-shipping-jeddah/ https://www.rukn-eltatawer.com/sa/cargo-shipping-abha/ https://www.rukn-eltatawer.com/sa/cargo-shipping-taif/ https://www.rukn-eltatawer.com/sa/cargo-shipping-khobar/ https://www.rukn-eltatawer.com/sa/cargo-shipping-riyadh/,duplicate_similar,مجموعة مقالات شبه متطابقة في الصياغة
8,شركة زرع نخيل وأشجار بالدمام | شركة زرع نخيل وأشجار بالمدينة المنورة | شركة زرع نخيل وأشجار بمكة المكرمة | شركة زرع نخيل وأشجار بأبها | شركة زرع نخيل وأشجار بالطائف | شركة زرع نخيل وأشجار بجدة | شركة زرع نخيل وأشجار بالخبر | شركة زرع نخيل وأشجار بالرياض,https://www.rukn-eltatawer.com/sa/palm-tree-planting-dammam/ https://www.rukn-eltatawer.com/sa/palm-tree-planting-medina/ https://www.rukn-eltatawer.com/sa/palm-tree-planting-mecca/ https://www.rukn-eltatawer.com/sa/palm-tree-planting-abha/ https://www.rukn-eltatawer.com/sa/palm-tree-planting-taif/ https://www.rukn-eltatawer.com/sa/palm-tree-planting-jeddah/ https://www.rukn-eltatawer.com/sa/palm-tree-planting-khobar/ https://www.rukn-eltatawer.com/sa/palm-tree-planting-riyadh/,duplicate_similar,مجموعة مقالات شبه متطابقة في الصياغة
8,شركة دهانات ديكورية وتأثيرات جدارية بأبها | شركة دهانات ديكورية وتأثيرات جدارية بالطائف | شركة دهانات ديكورية وتأثيرات جدارية بالخبر | شركة دهانات ديكورية وتأثيرات جدارية بالدمام | شركة دهانات ديكورية وتأثيرات جدارية بالمدينة المنورة | شركة دهانات ديكورية وتأثيرات جدارية بمكة المكرمة | شركة دهانات ديكورية وتأثيرات جدارية بجدة | شركة دهانات ديكورية وتأثيرات جدارية بالرياض,https://www.rukn-eltatawer.com/sa/decorative-wall-effects-abha/ https://www.rukn-eltatawer.com/sa/decorative-wall-effects-taif/ https://www.rukn-eltatawer.com/sa/decorative-wall-effects-khobar/ https://www.rukn-eltatawer.com/sa/decorative-wall-effects-dammam/ https://www.rukn-eltatawer.com/sa/decorative-wall-effects-medina/ https://www.rukn-eltatawer.com/sa/decorative-wall-effects-mecca/ https://www.rukn-eltatawer.com/sa/decorative-wall-effects-jeddah/ https://www.rukn-eltatawer.com/sa/decorative-wall-effects-riyadh/,duplicate_similar,مجموعة مقالات شبه متطابقة في الصياغة
8,شركة دهانات داخلية بالدمام | شركة دهانات داخلية بالمدينة المنورة | شركة دهانات داخلية بمكة المكرمة | شركة دهانات داخلية بأبها | شركة دهانات داخلية بالطائف | شركة دهانات داخلية بجدة | شركة دهانات داخلية بالخبر | شركة دهانات داخلية بالرياض,https://www.rukn-eltatawer.com/sa/interior-painting-dammam/ https://www.rukn-eltatawer.com/sa/interior-painting-medina/ https://www.rukn-eltatawer.com/sa/interior-painting-mecca/ https://www.rukn-eltatawer.com/sa/interior-painting-abha/ https://www.rukn-eltatawer.com/sa/interior-painting-taif/ https://www.rukn-eltatawer.com/sa/interior-painting-jeddah/ https://www.rukn-eltatawer.com/sa/interior-painting-khobar/ https://www.rukn-eltatawer.com/sa/interior-painting-riyadh/,duplicate_similar,مجموعة مقالات شبه متطابقة في الصياغة
8,شركة دهانات خارجية بالدمام | شركة دهانات خارجية بالمدينة المنورة | شركة دهانات خارجية بمكة المكرمة | شركة دهانات خارجية بأبها | شركة دهانات خارجية بالطائف | شركة دهانات خارجية بجدة | شركة دهانات خارجية بالخبر | شركة دهانات خارجية بالرياض,https://www.rukn-eltatawer.com/sa/exterior-painting-dammam/ https://www.rukn-eltatawer.com/sa/exterior-painting-medina/ https://www.rukn-eltatawer.com/sa/exterior-painting-mecca/ https://www.rukn-eltatawer.com/sa/exterior-painting-abha/ https://www.rukn-eltatawer.com/sa/exterior-painting-taif/ https://www.rukn-eltatawer.com/sa/exterior-painting-jeddah/ https://www.rukn-eltatawer.com/sa/exterior-painting-khobar/ https://www.rukn-eltatawer.com/sa/exterior-painting-riyadh/,duplicate_similar,مجموعة مقالات شبه متطابقة في الصياغة
8,شركة دهان واجهات خارجية بالدمام | شركة دهان واجهات خارجية بالمدينة المنورة | شركة دهان واجهات خارجية بمكة المكرمة | شركة دهان واجهات خارجية بأبها | شركة دهان واجهات خارجية بالطائف | شركة دهان واجهات خارجية بجدة | شركة دهان واجهات خارجية بالخبر | شركة دهان واجهات خارجية بالرياض,https://www.rukn-eltatawer.com/sa/exterior-facade-painting-dammam/ https://www.rukn-eltatawer.com/sa/exterior-facade-painting-medina/ https://www.rukn-eltatawer.com/sa/exterior-facade-painting-mecca/ https://www.rukn-eltatawer.com/sa/exterior-facade-painting-abha/ https://www.rukn-eltatawer.com/sa/exterior-facade-painting-taif/ https://www.rukn-eltatawer.com/sa/exterior-facade-painting-jeddah/ https://www.rukn-eltatawer.com/sa/exterior-facade-painting-khobar/ https://www.rukn-eltatawer.com/sa/exterior-facade-painting-riyadh/,duplicate_similar,مجموعة مقالات شبه متطابقة في الصياغة
8,شركة دهان مكاتب وشركات بالدمام | شركة دهان مكاتب وشركات بالمدينة المنورة | شركة دهان مكاتب وشركات بمكة المكرمة | شركة دهان مكاتب وشركات بأبها | شركة دهان مكاتب وشركات بالطائف | شركة دهان مكاتب وشركات بجدة | شركة دهان مكاتب وشركات بالخبر | شركة دهان مكاتب وشركات بالرياض,https://www.rukn-eltatawer.com/sa/office-painting-dammam/ https://www.rukn-eltatawer.com/sa/office-painting-medina/ https://www.rukn-eltatawer.com/sa/office-painting-mecca/ https://www.rukn-eltatawer.com/sa/office-painting-abha/ https://www.rukn-eltatawer.com/sa/office-painting-taif/ https://www.rukn-eltatawer.com/sa/office-painting-jeddah/ https://www.rukn-eltatawer.com/sa/office-painting-khobar/ https://www.rukn-eltatawer.com/sa/office-painting-riyadh/,duplicate_similar,مجموعة مقالات شبه متطابقة في الصياغة
8,شركة دهان فلل بالدمام | شركة دهان فلل بالمدينة المنورة | شركة دهان فلل بمكة المكرمة | شركة دهان فلل بأبها | شركة دهان فلل بالطائف | شركة دهان فلل بجدة | شركة دهان فلل بالخبر | شركة دهان فلل بالرياض,https://www.rukn-eltatawer.com/sa/villa-painting-dammam/ https://www.rukn-eltatawer.com/sa/villa-painting-medina/ https://www.rukn-eltatawer.com/sa/villa-painting-mecca/ https://www.rukn-eltatawer.com/sa/villa-painting-abha/ https://www.rukn-eltatawer.com/sa/villa-painting-taif/ https://www.rukn-eltatawer.com/sa/villa-painting-jeddah/ https://www.rukn-eltatawer.com/sa/villa-painting-khobar/ https://www.rukn-eltatawer.com/sa/villa-painting-riyadh/,duplicate_similar,مجموعة مقالات شبه متطابقة في الصياغة
8,شركة دهان بويات عالية الجودة بالدمام | شركة دهان بويات عالية الجودة بالمدينة المنورة | شركة دهان بويات عالية الجودة بمكة المكرمة | شركة دهان بويات عالية الجودة بأبها | شركة دهان بويات عالية الجودة بالطائف | شركة دهان بويات عالية الجودة بجدة | شركة دهان بويات عالية الجودة بالخبر | شركة دهان بويات عالية الجودة بالرياض,https://www.rukn-eltatawer.com/sa/premium-paint-finishing-dammam/ https://www.rukn-eltatawer.com/sa/premium-paint-finishing-medina/ https://www.rukn-eltatawer.com/sa/premium-paint-finishing-mecca/ https://www.rukn-eltatawer.com/sa/premium-paint-finishing-abha/ https://www.rukn-eltatawer.com/sa/premium-paint-finishing-taif/ https://www.rukn-eltatawer.com/sa/premium-paint-finishing-jeddah/ https://www.rukn-eltatawer.com/sa/premium-paint-finishing-khobar/ https://www.rukn-eltatawer.com/sa/premium-paint-finishing-riyadh/,duplicate_similar,مجموعة مقالات شبه متطابقة في الصياغة
8,شركة دهان أبواب وشبابيك خشبية بالدمام | شركة دهان أبواب وشبابيك خشبية بالمدينة المنورة | شركة دهان أبواب وشبابيك خشبية بمكة المكرمة | شركة دهان أبواب وشبابيك خشبية بأبها | شركة دهان أبواب وشبابيك خشبية بالطائف | شركة دهان أبواب وشبابيك خشبية بجدة | شركة دهان أبواب وشبابيك خشبية بالخبر | شركة دهان أبواب وشبابيك خشبية بالرياض,https://www.rukn-eltatawer.com/sa/wood-doors-windows-painting-dammam/ https://www.rukn-eltatawer.com/sa/wood-doors-windows-painting-medina/ https://www.rukn-eltatawer.com/sa/wood-doors-windows-painting-mecca/ https://www.rukn-eltatawer.com/sa/wood-doors-windows-painting-abha/ https://www.rukn-eltatawer.com/sa/wood-doors-windows-painting-taif/ https://www.rukn-eltatawer.com/sa/wood-doors-windows-painting-jeddah/ https://www.rukn-eltatawer.com/sa/wood-doors-windows-painting-khobar/ https://www.rukn-eltatawer.com/sa/wood-doors-windows-painting-riyadh/,duplicate_similar,مجموعة مقالات شبه متطابقة في الصياغة
8,شركة تنظيف محلات تجارية ومولات بالدمام | شركة تنظيف محلات تجارية ومولات بالمدينة المنورة | شركة تنظيف محلات تجارية ومولات بمكة المكرمة | شركة تنظيف محلات تجارية ومولات بأبها | شركة تنظيف محلات تجارية ومولات بالطائف | شركة تنظيف محلات تجارية ومولات بجدة | شركة تنظيف محلات تجارية ومولات بالخبر | شركة تنظيف محلات تجارية ومولات بالرياض,https://www.rukn-eltatawer.com/sa/mall-cleaning-dammam/ https://www.rukn-eltatawer.com/sa/mall-cleaning-medina/ https://www.rukn-eltatawer.com/sa/mall-cleaning-mecca/ https://www.rukn-eltatawer.com/sa/mall-cleaning-abha/ https://www.rukn-eltatawer.com/sa/mall-cleaning-taif/ https://www.rukn-eltatawer.com/sa/mall-cleaning-jeddah/ https://www.rukn-eltatawer.com/sa/mall-cleaning-khobar/ https://www.rukn-eltatawer.com/sa/mall-cleaning-riyadh/,duplicate_similar,مجموعة مقالات شبه متطابقة في الصياغة
8,شركة تنظيف مجالس بالدمام | شركة تنظيف مجالس بالمدينة المنورة | شركة تنظيف مجالس بمكة المكرمة | شركة تنظيف مجالس بأبها | شركة تنظيف مجالس بالطائف | شركة تنظيف مجالس بجدة | شركة تنظيف مجالس بالخبر | شركة تنظيف مجالس بالرياض,https://www.rukn-eltatawer.com/sa/majlis-cleaning-dammam/ https://www.rukn-eltatawer.com/sa/majlis-cleaning-medina/ https://www.rukn-eltatawer.com/sa/majlis-cleaning-mecca/ https://www.rukn-eltatawer.com/sa/majlis-cleaning-abha/ https://www.rukn-eltatawer.com/sa/majlis-cleaning-taif/ https://www.rukn-eltatawer.com/sa/majlis-cleaning-jeddah/ https://www.rukn-eltatawer.com/sa/majlis-cleaning-khobar/ https://www.rukn-eltatawer.com/sa/majlis-cleaning-riyadh/,duplicate_similar,مجموعة مقالات شبه متطابقة في الصياغة
8,شركة تنظيف كراجات ومواقف سيارات بالدمام | شركة تنظيف كراجات ومواقف سيارات بالمدينة المنورة | شركة تنظيف كراجات ومواقف سيارات بمكة المكرمة | شركة تنظيف كراجات ومواقف سيارات بأبها | شركة تنظيف كراجات ومواقف سيارات بالطائف | شركة تنظيف كراجات ومواقف سيارات بجدة | شركة تنظيف كراجات ومواقف سيارات بالخبر | شركة تنظيف كراجات ومواقف سيارات بالرياض,https://www.rukn-eltatawer.com/sa/garage-cleaning-dammam/ https://www.rukn-eltatawer.com/sa/garage-cleaning-medina/ https://www.rukn-eltatawer.com/sa/garage-cleaning-mecca/ https://www.rukn-eltatawer.com/sa/garage-cleaning-abha/ https://www.rukn-eltatawer.com/sa/garage-cleaning-taif/ https://www.rukn-eltatawer.com/sa/garage-cleaning-jeddah/ https://www.rukn-eltatawer.com/sa/garage-cleaning-khobar/ https://www.rukn-eltatawer.com/sa/garage-cleaning-riyadh/,duplicate_similar,مجموعة مقالات شبه متطابقة في الصياغة
8,شركة تنظيف قصور بالدمام | شركة تنظيف قصور بالمدينة المنورة | شركة تنظيف قصور بمكة المكرمة | شركة تنظيف قصور بأبها | شركة تنظيف قصور بالطائف | شركة تنظيف قصور بجدة | شركة تنظيف قصور بالخبر | شركة تنظيف قصور بالرياض,https://www.rukn-eltatawer.com/sa/palace-cleaning-dammam/ https://www.rukn-eltatawer.com/sa/palace-cleaning-medina/ https://www.rukn-eltatawer.com/sa/palace-cleaning-mecca/ https://www.rukn-eltatawer.com/sa/palace-cleaning-abha/ https://www.rukn-eltatawer.com/sa/palace-cleaning-taif/ https://www.rukn-eltatawer.com/sa/palace-cleaning-jeddah/ https://www.rukn-eltatawer.com/sa/palace-cleaning-khobar/ https://www.rukn-eltatawer.com/sa/palace-cleaning-riyadh/,duplicate_similar,مجموعة مقالات شبه متطابقة في الصياغة
8,شركة تنظيف خزانات مياه بالدمام | شركة تنظيف خزانات مياه بالمدينة المنورة | شركة تنظيف خزانات مياه بمكة المكرمة | شركة تنظيف خزانات مياه بأبها | شركة تنظيف خزانات مياه بالطائف | شركة تنظيف خزانات مياه بجدة | شركة تنظيف خزانات مياه بالخبر | شركة تنظيف خزانات مياه بالرياض,https://www.rukn-eltatawer.com/sa/water-tank-cleaning-dammam/ https://www.rukn-eltatawer.com/sa/water-tank-cleaning-medina/ https://www.rukn-eltatawer.com/sa/water-tank-cleaning-mecca/ https://www.rukn-eltatawer.com/sa/water-tank-cleaning-abha/ https://www.rukn-eltatawer.com/sa/water-tank-cleaning-taif/ https://www.rukn-eltatawer.com/sa/water-tank-cleaning-jeddah/ https://www.rukn-eltatawer.com/sa/water-tank-cleaning-khobar/ https://www.rukn-eltatawer.com/sa/water-tank-cleaning-riyadh/,duplicate_similar,مجموعة مقالات شبه متطابقة في الصياغة
8,شركة تنظيف خزانات ديزل بالدمام | شركة تنظيف خزانات ديزل بالمدينة المنورة | شركة تنظيف خزانات ديزل بمكة المكرمة | شركة تنظيف خزانات ديزل بأبها | شركة تنظيف خزانات ديزل بالطائف | شركة تنظيف خزانات ديزل بجدة | شركة تنظيف خزانات ديزل بالخبر | شركة تنظيف خزانات ديزل بالرياض,https://www.rukn-eltatawer.com/sa/diesel-tank-cleaning-dammam/ https://www.rukn-eltatawer.com/sa/diesel-tank-cleaning-medina/ https://www.rukn-eltatawer.com/sa/diesel-tank-cleaning-mecca/ https://www.rukn-eltatawer.com/sa/diesel-tank-cleaning-abha/ https://www.rukn-eltatawer.com/sa/diesel-tank-cleaning-taif/ https://www.rukn-eltatawer.com/sa/diesel-tank-cleaning-jeddah/ https://www.rukn-eltatawer.com/sa/diesel-tank-cleaning-khobar/ https://www.rukn-eltatawer.com/sa/diesel-tank-cleaning-riyadh/,duplicate_similar,مجموعة مقالات شبه متطابقة في الصياغة
8,شركة تنظيف حمامات بالدمام | شركة تنظيف حمامات بالمدينة المنورة | شركة تنظيف حمامات بمكة المكرمة | شركة تنظيف حمامات بأبها | شركة تنظيف حمامات بالطائف | شركة تنظيف حمامات بجدة | شركة تنظيف حمامات بالخبر | شركة تنظيف حمامات بالرياض,https://www.rukn-eltatawer.com/sa/bathroom-cleaning-dammam/ https://www.rukn-eltatawer.com/sa/bathroom-cleaning-medina/ https://www.rukn-eltatawer.com/sa/bathroom-cleaning-mecca/ https://www.rukn-eltatawer.com/sa/bathroom-cleaning-abha/ https://www.rukn-eltatawer.com/sa/bathroom-cleaning-taif/ https://www.rukn-eltatawer.com/sa/bathroom-cleaning-jeddah/ https://www.rukn-eltatawer.com/sa/bathroom-cleaning-khobar/ https://www.rukn-eltatawer.com/sa/bathroom-cleaning-riyadh/,duplicate_similar,مجموعة مقالات شبه متطابقة في الصياغة
8,شركة تغليف أثاث احترافي بالدمام | شركة تغليف أثاث احترافي بالمدينة المنورة | شركة تغليف أثاث احترافي بمكة المكرمة | شركة تغليف أثاث احترافي بأبها | شركة تغليف أثاث احترافي بالطائف | شركة تغليف أثاث احترافي بجدة | شركة تغليف أثاث احترافي بالخبر | شركة تغليف أثاث احترافي بالرياض,https://www.rukn-eltatawer.com/sa/furniture-packaging-dammam/ https://www.rukn-eltatawer.com/sa/furniture-packaging-medina/ https://www.rukn-eltatawer.com/sa/furniture-packaging-mecca/ https://www.rukn-eltatawer.com/sa/furniture-packaging-abha/ https://www.rukn-eltatawer.com/sa/furniture-packaging-taif/ https://www.rukn-eltatawer.com/sa/furniture-packaging-jeddah/ https://www.rukn-eltatawer.com/sa/furniture-packaging-khobar/ https://www.rukn-eltatawer.com/sa/furniture-packaging-riyadh/,duplicate_similar,مجموعة مقالات شبه متطابقة في الصياغة
8,شركة تصميم وتنفيذ ديكورات بأبها | شركة تصميم وتنفيذ ديكورات بالطائف | شركة تصميم وتنفيذ ديكورات بالخبر | شركة تصميم وتنفيذ ديكورات بالدمام | شركة تصميم وتنفيذ ديكورات بالمدينة المنورة | شركة تصميم وتنفيذ ديكورات بمكة المكرمة | شركة تصميم وتنفيذ ديكورات بجدة | شركة تصميم وتنفيذ ديكورات بالرياض,https://www.rukn-eltatawer.com/sa/decor-design-abha/ https://www.rukn-eltatawer.com/sa/decor-design-taif/ https://www.rukn-eltatawer.com/sa/decor-design-khobar/ https://www.rukn-eltatawer.com/sa/decor-design-dammam/ https://www.rukn-eltatawer.com/sa/decor-design-medina/ https://www.rukn-eltatawer.com/sa/decor-design-mecca/ https://www.rukn-eltatawer.com/sa/decor-design-jeddah/ https://www.rukn-eltatawer.com/sa/decor-design-riyadh/,duplicate_similar,مجموعة مقالات شبه متطابقة في الصياغة
8,شركة تشطيب ودهان فلل جديدة بالدمام | شركة تشطيب ودهان فلل جديدة بالمدينة المنورة | شركة تشطيب ودهان فلل جديدة بمكة المكرمة | شركة تشطيب ودهان فلل جديدة بأبها | شركة تشطيب ودهان فلل جديدة بالطائف | شركة تشطيب ودهان فلل جديدة بجدة | شركة تشطيب ودهان فلل جديدة بالخبر | شركة تشطيب ودهان فلل جديدة بالرياض,https://www.rukn-eltatawer.com/sa/new-villa-finishing-painting-dammam/ https://www.rukn-eltatawer.com/sa/new-villa-finishing-painting-medina/ https://www.rukn-eltatawer.com/sa/new-villa-finishing-painting-mecca/ https://www.rukn-eltatawer.com/sa/new-villa-finishing-painting-abha/ https://www.rukn-eltatawer.com/sa/new-villa-finishing-painting-taif/ https://www.rukn-eltatawer.com/sa/new-villa-finishing-painting-jeddah/ https://www.rukn-eltatawer.com/sa/new-villa-finishing-painting-khobar/ https://www.rukn-eltatawer.com/sa/new-villa-finishing-painting-riyadh/,duplicate_similar,مجموعة مقالات شبه متطابقة في الصياغة
8,شركة ترميم وصيانة مباني بالدمام | شركة ترميم وصيانة مباني بالمدينة المنورة | شركة ترميم وصيانة مباني بمكة المكرمة | شركة ترميم وصيانة مباني بأبها | شركة ترميم وصيانة مباني بالطائف | شركة ترميم وصيانة مباني بجدة | شركة ترميم وصيانة مباني بالخبر | شركة ترميم وصيانة مباني بالرياض,https://www.rukn-eltatawer.com/sa/building-renovation-dammam/ https://www.rukn-eltatawer.com/sa/building-renovation-medina/ https://www.rukn-eltatawer.com/sa/building-renovation-mecca/ https://www.rukn-eltatawer.com/sa/building-renovation-abha/ https://www.rukn-eltatawer.com/sa/building-renovation-taif/ https://www.rukn-eltatawer.com/sa/building-renovation-jeddah/ https://www.rukn-eltatawer.com/sa/building-renovation-khobar/ https://www.rukn-eltatawer.com/sa/building-renovation-riyadh/,duplicate_similar,مجموعة مقالات شبه متطابقة في الصياغة
8,شركة ترميم منازل قديمة بالدمام | شركة ترميم منازل قديمة بالمدينة المنورة | شركة ترميم منازل قديمة بمكة المكرمة | شركة ترميم منازل قديمة بأبها | شركة ترميم منازل قديمة بالطائف | شركة ترميم منازل قديمة بجدة | شركة ترميم منازل قديمة بالخبر | شركة ترميم منازل قديمة بالرياض,https://www.rukn-eltatawer.com/sa/old-house-renovation-dammam/ https://www.rukn-eltatawer.com/sa/old-house-renovation-medina/ https://www.rukn-eltatawer.com/sa/old-house-renovation-mecca/ https://www.rukn-eltatawer.com/sa/old-house-renovation-abha/ https://www.rukn-eltatawer.com/sa/old-house-renovation-taif/ https://www.rukn-eltatawer.com/sa/old-house-renovation-jeddah/ https://www.rukn-eltatawer.com/sa/old-house-renovation-khobar/ https://www.rukn-eltatawer.com/sa/old-house-renovation-riyadh/,duplicate_similar,مجموعة مقالات شبه متطابقة في الصياغة
8,شركة ترميم مطابخ بالدمام | شركة ترميم مطابخ بالمدينة المنورة | شركة ترميم مطابخ بمكة المكرمة | شركة ترميم مطابخ بأبها | شركة ترميم مطابخ بالطائف | شركة ترميم مطابخ بجدة | شركة ترميم مطابخ بالخبر | شركة ترميم مطابخ بالرياض,https://www.rukn-eltatawer.com/sa/kitchen-renovation-dammam/ https://www.rukn-eltatawer.com/sa/kitchen-renovation-medina/ https://www.rukn-eltatawer.com/sa/kitchen-renovation-mecca/ https://www.rukn-eltatawer.com/sa/kitchen-renovation-abha/ https://www.rukn-eltatawer.com/sa/kitchen-renovation-taif/ https://www.rukn-eltatawer.com/sa/kitchen-renovation-jeddah/ https://www.rukn-eltatawer.com/sa/kitchen-renovation-khobar/ https://www.rukn-eltatawer.com/sa/kitchen-renovation-riyadh/,duplicate_similar,مجموعة مقالات شبه متطابقة في الصياغة
8,شركة ترميم حمامات بالدمام | شركة ترميم حمامات بالمدينة المنورة | شركة ترميم حمامات بمكة المكرمة | شركة ترميم حمامات بأبها | شركة ترميم حمامات بالطائف | شركة ترميم حمامات بجدة | شركة ترميم حمامات بالخبر | شركة ترميم حمامات بالرياض,https://www.rukn-eltatawer.com/sa/bathroom-renovation-dammam/ https://www.rukn-eltatawer.com/sa/bathroom-renovation-medina/ https://www.rukn-eltatawer.com/sa/bathroom-renovation-mecca/ https://www.rukn-eltatawer.com/sa/bathroom-renovation-abha/ https://www.rukn-eltatawer.com/sa/bathroom-renovation-taif/ https://www.rukn-eltatawer.com/sa/bathroom-renovation-jeddah/ https://www.rukn-eltatawer.com/sa/bathroom-renovation-khobar/ https://www.rukn-eltatawer.com/sa/bathroom-renovation-riyadh/,duplicate_similar,مجموعة مقالات شبه متطابقة في الصياغة
8,شركة تركيب وفك الأثاث بالدمام | شركة تركيب وفك الأثاث بالمدينة المنورة | شركة تركيب وفك الأثاث بمكة المكرمة | شركة تركيب وفك الأثاث بأبها | شركة تركيب وفك الأثاث بالطائف | شركة تركيب وفك الأثاث بجدة | شركة تركيب وفك الأثاث بالخبر | شركة تركيب وفك الأثاث بالرياض,https://www.rukn-eltatawer.com/sa/furniture-assembly-dammam/ https://www.rukn-eltatawer.com/sa/furniture-assembly-medina/ https://www.rukn-eltatawer.com/sa/furniture-assembly-mecca/ https://www.rukn-eltatawer.com/sa/furniture-assembly-abha/ https://www.rukn-eltatawer.com/sa/furniture-assembly-taif/ https://www.rukn-eltatawer.com/sa/furniture-assembly-jeddah/ https://www.rukn-eltatawer.com/sa/furniture-assembly-khobar/ https://www.rukn-eltatawer.com/sa/furniture-assembly-riyadh/,duplicate_similar,مجموعة مقالات شبه متطابقة في الصياغة
8,شركة تركيب وصيانة فلاتر مياه بالدمام | شركة تركيب وصيانة فلاتر مياه بالمدينة المنورة | شركة تركيب وصيانة فلاتر مياه بمكة المكرمة | شركة تركيب وصيانة فلاتر مياه بأبها | شركة تركيب وصيانة فلاتر مياه بالطائف | شركة تركيب وصيانة فلاتر مياه بجدة | شركة تركيب وصيانة فلاتر مياه بالخبر | شركة تركيب وصيانة فلاتر مياه بالرياض,https://www.rukn-eltatawer.com/sa/water-filters-dammam/ https://www.rukn-eltatawer.com/sa/water-filters-medina/ https://www.rukn-eltatawer.com/sa/water-filters-mecca/ https://www.rukn-eltatawer.com/sa/water-filters-abha/ https://www.rukn-eltatawer.com/sa/water-filters-taif/ https://www.rukn-eltatawer.com/sa/water-filters-jeddah/ https://www.rukn-eltatawer.com/sa/water-filters-khobar/ https://www.rukn-eltatawer.com/sa/water-filters-riyadh/,duplicate_similar,مجموعة مقالات شبه متطابقة في الصياغة
8,شركة تركيب وصيانة شفاطات مطابخ بالدمام | شركة تركيب وصيانة شفاطات مطابخ بالمدينة المنورة | شركة تركيب وصيانة شفاطات مطابخ بمكة المكرمة | شركة تركيب وصيانة شفاطات مطابخ بأبها | شركة تركيب وصيانة شفاطات مطابخ بالطائف | شركة تركيب وصيانة شفاطات مطابخ بجدة | شركة تركيب وصيانة شفاطات مطابخ بالخبر | شركة تركيب وصيانة شفاطات مطابخ بالرياض,https://www.rukn-eltatawer.com/sa/kitchen-hoods-dammam/ https://www.rukn-eltatawer.com/sa/kitchen-hoods-medina/ https://www.rukn-eltatawer.com/sa/kitchen-hoods-mecca/ https://www.rukn-eltatawer.com/sa/kitchen-hoods-abha/ https://www.rukn-eltatawer.com/sa/kitchen-hoods-taif/ https://www.rukn-eltatawer.com/sa/kitchen-hoods-jeddah/ https://www.rukn-eltatawer.com/sa/kitchen-hoods-khobar/ https://www.rukn-eltatawer.com/sa/kitchen-hoods-riyadh/,duplicate_similar,مجموعة مقالات شبه متطابقة في الصياغة
8,شركة تركيب وصيانة أنظمة تنقية الهواء بالدمام | شركة تركيب وصيانة أنظمة تنقية الهواء بالمدينة المنورة | شركة تركيب وصيانة أنظمة تنقية الهواء بمكة المكرمة | شركة تركيب وصيانة أنظمة تنقية الهواء بأبها | شركة تركيب وصيانة أنظمة تنقية الهواء بالطائف | شركة تركيب وصيانة أنظمة تنقية الهواء بجدة | شركة تركيب وصيانة أنظمة تنقية الهواء بالخبر | شركة تركيب وصيانة أنظمة تنقية الهواء بالرياض,https://www.rukn-eltatawer.com/sa/air-purification-dammam/ https://www.rukn-eltatawer.com/sa/air-purification-medina/ https://www.rukn-eltatawer.com/sa/air-purification-mecca/ https://www.rukn-eltatawer.com/sa/air-purification-abha/ https://www.rukn-eltatawer.com/sa/air-purification-taif/ https://www.rukn-eltatawer.com/sa/air-purification-jeddah/ https://www.rukn-eltatawer.com/sa/air-purification-khobar/ https://www.rukn-eltatawer.com/sa/air-purification-riyadh/,duplicate_similar,مجموعة مقالات شبه متطابقة في الصياغة
8,شركة تركيب وصيانة أجهزة تبريد مياه الخزانات بالدمام | شركة تركيب وصيانة أجهزة تبريد مياه الخزانات بالمدينة المنورة | شركة تركيب وصيانة أجهزة تبريد مياه الخزانات بمكة المكرمة | شركة تركيب وصيانة أجهزة تبريد مياه الخزانات بأبها | شركة تركيب وصيانة أجهزة تبريد مياه الخزانات بالطائف | شركة تركيب وصيانة أجهزة تبريد مياه الخزانات بجدة | شركة تركيب وصيانة أجهزة تبريد مياه الخزانات بالخبر | شركة تركيب وصيانة أجهزة تبريد مياه الخزانات بالرياض,https://www.rukn-eltatawer.com/sa/tank-water-chiller-dammam/ https://www.rukn-eltatawer.com/sa/tank-water-chiller-medina/ https://www.rukn-eltatawer.com/sa/tank-water-chiller-mecca/ https://www.rukn-eltatawer.com/sa/tank-water-chiller-abha/ https://www.rukn-eltatawer.com/sa/tank-water-chiller-taif/ https://www.rukn-eltatawer.com/sa/tank-water-chiller-jeddah/ https://www.rukn-eltatawer.com/sa/tank-water-chiller-khobar/ https://www.rukn-eltatawer.com/sa/tank-water-chiller-riyadh/,duplicate_similar,مجموعة مقالات شبه متطابقة في الصياغة
8,شركة تركيب ورق حائط بالدمام | شركة تركيب ورق حائط بالمدينة المنورة | شركة تركيب ورق حائط بمكة المكرمة | شركة تركيب ورق حائط بأبها | شركة تركيب ورق حائط بالطائف | شركة تركيب ورق حائط بجدة | شركة تركيب ورق حائط بالخبر | شركة تركيب ورق حائط بالرياض,https://www.rukn-eltatawer.com/sa/wallpaper-installation-dammam/ https://www.rukn-eltatawer.com/sa/wallpaper-installation-medina/ https://www.rukn-eltatawer.com/sa/wallpaper-installation-mecca/ https://www.rukn-eltatawer.com/sa/wallpaper-installation-abha/ https://www.rukn-eltatawer.com/sa/wallpaper-installation-taif/ https://www.rukn-eltatawer.com/sa/wallpaper-installation-jeddah/ https://www.rukn-eltatawer.com/sa/wallpaper-installation-khobar/ https://www.rukn-eltatawer.com/sa/wallpaper-installation-riyadh/,duplicate_similar,مجموعة مقالات شبه متطابقة في الصياغة
8,شركة تركيب ورق جدران بالدمام | شركة تركيب ورق جدران بالمدينة المنورة | شركة تركيب ورق جدران بمكة المكرمة | شركة تركيب ورق جدران بأبها | شركة تركيب ورق جدران بالطائف | شركة تركيب ورق جدران بجدة | شركة تركيب ورق جدران بالخبر | شركة تركيب ورق جدران بالرياض,https://www.rukn-eltatawer.com/sa/wallpaper-dammam/ https://www.rukn-eltatawer.com/sa/wallpaper-medina/ https://www.rukn-eltatawer.com/sa/wallpaper-mecca/ https://www.rukn-eltatawer.com/sa/wallpaper-abha/ https://www.rukn-eltatawer.com/sa/wallpaper-taif/ https://www.rukn-eltatawer.com/sa/wallpaper-jeddah/ https://www.rukn-eltatawer.com/sa/wallpaper-khobar/ https://www.rukn-eltatawer.com/sa/wallpaper-riyadh/,duplicate_similar,مجموعة مقالات شبه متطابقة في الصياغة
8,شركة تركيب نوافير جدارية بالدمام | شركة تركيب نوافير جدارية بالمدينة المنورة | شركة تركيب نوافير جدارية بمكة المكرمة | شركة تركيب نوافير جدارية بأبها | شركة تركيب نوافير جدارية بالطائف | شركة تركيب نوافير جدارية بجدة | شركة تركيب نوافير جدارية بالخبر | شركة تركيب نوافير جدارية بالرياض,https://www.rukn-eltatawer.com/sa/wall-fountain-dammam/ https://www.rukn-eltatawer.com/sa/wall-fountain-medina/ https://www.rukn-eltatawer.com/sa/wall-fountain-mecca/ https://www.rukn-eltatawer.com/sa/wall-fountain-abha/ https://www.rukn-eltatawer.com/sa/wall-fountain-taif/ https://www.rukn-eltatawer.com/sa/wall-fountain-jeddah/ https://www.rukn-eltatawer.com/sa/wall-fountain-khobar/ https://www.rukn-eltatawer.com/sa/wall-fountain-riyadh/,duplicate_similar,مجموعة مقالات شبه متطابقة في الصياغة
8,شركة تركيب مظلات وسواتر بالدمام | شركة تركيب مظلات وسواتر بالمدينة المنورة | شركة تركيب مظلات وسواتر بمكة المكرمة | شركة تركيب مظلات وسواتر بأبها | شركة تركيب مظلات وسواتر بالطائف | شركة تركيب مظلات وسواتر بجدة | شركة تركيب مظلات وسواتر بالخبر | شركة تركيب مظلات وسواتر بالرياض,https://www.rukn-eltatawer.com/sa/shades-sails-dammam/ https://www.rukn-eltatawer.com/sa/shades-sails-medina/ https://www.rukn-eltatawer.com/sa/shades-sails-mecca/ https://www.rukn-eltatawer.com/sa/shades-sails-abha/ https://www.rukn-eltatawer.com/sa/shades-sails-taif/ https://www.rukn-eltatawer.com/sa/shades-sails-jeddah/ https://www.rukn-eltatawer.com/sa/shades-sails-khobar/ https://www.rukn-eltatawer.com/sa/shades-sails-riyadh/,duplicate_similar,مجموعة مقالات شبه متطابقة في الصياغة
8,شركة تركيب مطابخ بالدمام | شركة تركيب مطابخ بالمدينة المنورة | شركة تركيب مطابخ بمكة المكرمة | شركة تركيب مطابخ بأبها | شركة تركيب مطابخ بالطائف | شركة تركيب مطابخ بجدة | شركة تركيب مطابخ بالخبر | شركة تركيب مطابخ بالرياض,https://www.rukn-eltatawer.com/sa/kitchen-installation-dammam/ https://www.rukn-eltatawer.com/sa/kitchen-installation-medina/ https://www.rukn-eltatawer.com/sa/kitchen-installation-mecca/ https://www.rukn-eltatawer.com/sa/kitchen-installation-abha/ https://www.rukn-eltatawer.com/sa/kitchen-installation-taif/ https://www.rukn-eltatawer.com/sa/kitchen-installation-jeddah/ https://www.rukn-eltatawer.com/sa/kitchen-installation-khobar/ https://www.rukn-eltatawer.com/sa/kitchen-installation-riyadh/,duplicate_similar,مجموعة مقالات شبه متطابقة في الصياغة
8,شركة تركيب مسامير طاردة للحمام بالدمام | شركة تركيب مسامير طاردة للحمام بالمدينة المنورة | شركة تركيب مسامير طاردة للحمام بمكة المكرمة | شركة تركيب مسامير طاردة للحمام بأبها | شركة تركيب مسامير طاردة للحمام بالطائف | شركة تركيب مسامير طاردة للحمام بجدة | شركة تركيب مسامير طاردة للحمام بالخبر | شركة تركيب مسامير طاردة للحمام بالرياض,https://www.rukn-eltatawer.com/sa/pigeon-spikes-installation-dammam/ https://www.rukn-eltatawer.com/sa/pigeon-spikes-installation-medina/ https://www.rukn-eltatawer.com/sa/pigeon-spikes-installation-mecca/ https://www.rukn-eltatawer.com/sa/pigeon-spikes-installation-abha/ https://www.rukn-eltatawer.com/sa/pigeon-spikes-installation-taif/ https://www.rukn-eltatawer.com/sa/pigeon-spikes-installation-jeddah/ https://www.rukn-eltatawer.com/sa/pigeon-spikes-installation-khobar/ https://www.rukn-eltatawer.com/sa/pigeon-spikes-installation-riyadh/,duplicate_similar,مجموعة مقالات شبه متطابقة في الصياغة
8,شركة تركيب كربستون بالدمام | شركة تركيب كربستون بالمدينة المنورة | شركة تركيب كربستون بمكة المكرمة | شركة تركيب كربستون بأبها | شركة تركيب كربستون بالطائف | شركة تركيب كربستون بجدة | شركة تركيب كربستون بالخبر | شركة تركيب كربستون بالرياض,https://www.rukn-eltatawer.com/sa/kerbstone-dammam/ https://www.rukn-eltatawer.com/sa/kerbstone-medina/ https://www.rukn-eltatawer.com/sa/kerbstone-mecca/ https://www.rukn-eltatawer.com/sa/kerbstone-abha/ https://www.rukn-eltatawer.com/sa/kerbstone-taif/ https://www.rukn-eltatawer.com/sa/kerbstone-jeddah/ https://www.rukn-eltatawer.com/sa/kerbstone-khobar/ https://www.rukn-eltatawer.com/sa/kerbstone-riyadh/,duplicate_similar,مجموعة مقالات شبه متطابقة في الصياغة
8,شركة تركيب فوم للجدران بالدمام | شركة تركيب فوم للجدران بالمدينة المنورة | شركة تركيب فوم للجدران بمكة المكرمة | شركة تركيب فوم للجدران بأبها | شركة تركيب فوم للجدران بالطائف | شركة تركيب فوم للجدران بجدة | شركة تركيب فوم للجدران بالخبر | شركة تركيب فوم للجدران بالرياض,https://www.rukn-eltatawer.com/sa/wall-foam-dammam/ https://www.rukn-eltatawer.com/sa/wall-foam-medina/ https://www.rukn-eltatawer.com/sa/wall-foam-mecca/ https://www.rukn-eltatawer.com/sa/wall-foam-abha/ https://www.rukn-eltatawer.com/sa/wall-foam-taif/ https://www.rukn-eltatawer.com/sa/wall-foam-jeddah/ https://www.rukn-eltatawer.com/sa/wall-foam-khobar/ https://www.rukn-eltatawer.com/sa/wall-foam-riyadh/,duplicate_similar,مجموعة مقالات شبه متطابقة في الصياغة
8,شركة تركيب فواصل زجاجية وألومنيوم بالدمام | شركة تركيب فواصل زجاجية وألومنيوم بالمدينة المنورة | شركة تركيب فواصل زجاجية وألومنيوم بمكة المكرمة | شركة تركيب فواصل زجاجية وألومنيوم بأبها | شركة تركيب فواصل زجاجية وألومنيوم بالطائف | شركة تركيب فواصل زجاجية وألومنيوم بجدة | شركة تركيب فواصل زجاجية وألومنيوم بالخبر | شركة تركيب فواصل زجاجية وألومنيوم بالرياض,https://www.rukn-eltatawer.com/sa/glass-aluminium-partitions-dammam/ https://www.rukn-eltatawer.com/sa/glass-aluminium-partitions-medina/ https://www.rukn-eltatawer.com/sa/glass-aluminium-partitions-mecca/ https://www.rukn-eltatawer.com/sa/glass-aluminium-partitions-abha/ https://www.rukn-eltatawer.com/sa/glass-aluminium-partitions-taif/ https://www.rukn-eltatawer.com/sa/glass-aluminium-partitions-jeddah/ https://www.rukn-eltatawer.com/sa/glass-aluminium-partitions-khobar/ https://www.rukn-eltatawer.com/sa/glass-aluminium-partitions-riyadh/,duplicate_similar,مجموعة مقالات شبه متطابقة في الصياغة
8,شركة تركيب عرائش خشبية بالدمام | شركة تركيب عرائش خشبية بالمدينة المنورة | شركة تركيب عرائش خشبية بمكة المكرمة | شركة تركيب عرائش خشبية بأبها | شركة تركيب عرائش خشبية بالطائف | شركة تركيب عرائش خشبية بجدة | شركة تركيب عرائش خشبية بالخبر | شركة تركيب عرائش خشبية بالرياض,https://www.rukn-eltatawer.com/sa/wooden-arbor-installation-dammam/ https://www.rukn-eltatawer.com/sa/wooden-arbor-installation-medina/ https://www.rukn-eltatawer.com/sa/wooden-arbor-installation-mecca/ https://www.rukn-eltatawer.com/sa/wooden-arbor-installation-abha/ https://www.rukn-eltatawer.com/sa/wooden-arbor-installation-taif/ https://www.rukn-eltatawer.com/sa/wooden-arbor-installation-jeddah/ https://www.rukn-eltatawer.com/sa/wooden-arbor-installation-khobar/ https://www.rukn-eltatawer.com/sa/wooden-arbor-installation-riyadh/,duplicate_similar,مجموعة مقالات شبه متطابقة في الصياغة
8,شركة تركيب طابوق بالدمام | شركة تركيب طابوق بالمدينة المنورة | شركة تركيب طابوق بمكة المكرمة | شركة تركيب طابوق بأبها | شركة تركيب طابوق بالطائف | شركة تركيب طابوق بجدة | شركة تركيب طابوق بالخبر | شركة تركيب طابوق بالرياض,https://www.rukn-eltatawer.com/sa/brickwork-dammam/ https://www.rukn-eltatawer.com/sa/brickwork-medina/ https://www.rukn-eltatawer.com/sa/brickwork-mecca/ https://www.rukn-eltatawer.com/sa/brickwork-abha/ https://www.rukn-eltatawer.com/sa/brickwork-taif/ https://www.rukn-eltatawer.com/sa/brickwork-jeddah/ https://www.rukn-eltatawer.com/sa/brickwork-khobar/ https://www.rukn-eltatawer.com/sa/brickwork-riyadh/,duplicate_similar,مجموعة مقالات شبه متطابقة في الصياغة
8,شركة تركيب شلالات اصطناعية بالدمام | شركة تركيب شلالات اصطناعية بالمدينة المنورة | شركة تركيب شلالات اصطناعية بمكة المكرمة | شركة تركيب شلالات اصطناعية بأبها | شركة تركيب شلالات اصطناعية بالطائف | شركة تركيب شلالات اصطناعية بجدة | شركة تركيب شلالات اصطناعية بالخبر | شركة تركيب شلالات اصطناعية بالرياض,https://www.rukn-eltatawer.com/sa/artificial-waterfall-dammam/ https://www.rukn-eltatawer.com/sa/artificial-waterfall-medina/ https://www.rukn-eltatawer.com/sa/artificial-waterfall-mecca/ https://www.rukn-eltatawer.com/sa/artificial-waterfall-abha/ https://www.rukn-eltatawer.com/sa/artificial-waterfall-taif/ https://www.rukn-eltatawer.com/sa/artificial-waterfall-jeddah/ https://www.rukn-eltatawer.com/sa/artificial-waterfall-khobar/ https://www.rukn-eltatawer.com/sa/artificial-waterfall-riyadh/,duplicate_similar,مجموعة مقالات شبه متطابقة في الصياغة
8,شركة تركيب شبك طارد للحمام بالدمام | شركة تركيب شبك طارد للحمام بالمدينة المنورة | شركة تركيب شبك طارد للحمام بمكة المكرمة | شركة تركيب شبك طارد للحمام بأبها | شركة تركيب شبك طارد للحمام بالطائف | شركة تركيب شبك طارد للحمام بجدة | شركة تركيب شبك طارد للحمام بالخبر | شركة تركيب شبك طارد للحمام بالرياض,https://www.rukn-eltatawer.com/sa/pigeon-net-installation-dammam/ https://www.rukn-eltatawer.com/sa/pigeon-net-installation-medina/ https://www.rukn-eltatawer.com/sa/pigeon-net-installation-mecca/ https://www.rukn-eltatawer.com/sa/pigeon-net-installation-abha/ https://www.rukn-eltatawer.com/sa/pigeon-net-installation-taif/ https://www.rukn-eltatawer.com/sa/pigeon-net-installation-jeddah/ https://www.rukn-eltatawer.com/sa/pigeon-net-installation-khobar/ https://www.rukn-eltatawer.com/sa/pigeon-net-installation-riyadh/,duplicate_similar,مجموعة مقالات شبه متطابقة في الصياغة
8,شركة تركيب شبابيك بالدمام | شركة تركيب شبابيك بالمدينة المنورة | شركة تركيب شبابيك بمكة المكرمة | شركة تركيب شبابيك بأبها | شركة تركيب شبابيك بالطائف | شركة تركيب شبابيك بجدة | شركة تركيب شبابيك بالخبر | شركة تركيب شبابيك بالرياض,https://www.rukn-eltatawer.com/sa/windows-installation-dammam/ https://www.rukn-eltatawer.com/sa/windows-installation-medina/ https://www.rukn-eltatawer.com/sa/windows-installation-mecca/ https://www.rukn-eltatawer.com/sa/windows-installation-abha/ https://www.rukn-eltatawer.com/sa/windows-installation-taif/ https://www.rukn-eltatawer.com/sa/windows-installation-jeddah/ https://www.rukn-eltatawer.com/sa/windows-installation-khobar/ https://www.rukn-eltatawer.com/sa/windows-installation-riyadh/,duplicate_similar,مجموعة مقالات شبه متطابقة في الصياغة
8,شركة تركيب سيراميك وبورسلين بالدمام | شركة تركيب سيراميك وبورسلين بالمدينة المنورة | شركة تركيب سيراميك وبورسلين بمكة المكرمة | شركة تركيب سيراميك وبورسلين بأبها | شركة تركيب سيراميك وبورسلين بالطائف | شركة تركيب سيراميك وبورسلين بجدة | شركة تركيب سيراميك وبورسلين بالخبر | شركة تركيب سيراميك وبورسلين بالرياض,https://www.rukn-eltatawer.com/sa/ceramic-porcelain-dammam/ https://www.rukn-eltatawer.com/sa/ceramic-porcelain-medina/ https://www.rukn-eltatawer.com/sa/ceramic-porcelain-mecca/ https://www.rukn-eltatawer.com/sa/ceramic-porcelain-abha/ https://www.rukn-eltatawer.com/sa/ceramic-porcelain-taif/ https://www.rukn-eltatawer.com/sa/ceramic-porcelain-jeddah/ https://www.rukn-eltatawer.com/sa/ceramic-porcelain-khobar/ https://www.rukn-eltatawer.com/sa/ceramic-porcelain-riyadh/,duplicate_similar,مجموعة مقالات شبه متطابقة في الصياغة
8,شركة تركيب سجاد أرضيات بالدمام | شركة تركيب سجاد أرضيات بالمدينة المنورة | شركة تركيب سجاد أرضيات بمكة المكرمة | شركة تركيب سجاد أرضيات بأبها | شركة تركيب سجاد أرضيات بالطائف | شركة تركيب سجاد أرضيات بجدة | شركة تركيب سجاد أرضيات بالخبر | شركة تركيب سجاد أرضيات بالرياض,https://www.rukn-eltatawer.com/sa/floor-carpeting-dammam/ https://www.rukn-eltatawer.com/sa/floor-carpeting-medina/ https://www.rukn-eltatawer.com/sa/floor-carpeting-mecca/ https://www.rukn-eltatawer.com/sa/floor-carpeting-abha/ https://www.rukn-eltatawer.com/sa/floor-carpeting-taif/ https://www.rukn-eltatawer.com/sa/floor-carpeting-jeddah/ https://www.rukn-eltatawer.com/sa/floor-carpeting-khobar/ https://www.rukn-eltatawer.com/sa/floor-carpeting-riyadh/,duplicate_similar,مجموعة مقالات شبه متطابقة في الصياغة
8,شركة تركيب زجاج وألوميتال بالدمام | شركة تركيب زجاج وألوميتال بالمدينة المنورة | شركة تركيب زجاج وألوميتال بمكة المكرمة | شركة تركيب زجاج وألوميتال بأبها | شركة تركيب زجاج وألوميتال بالطائف | شركة تركيب زجاج وألوميتال بجدة | شركة تركيب زجاج وألوميتال بالخبر | شركة تركيب زجاج وألوميتال بالرياض,https://www.rukn-eltatawer.com/sa/glass-alumetal-dammam/ https://www.rukn-eltatawer.com/sa/glass-alumetal-medina/ https://www.rukn-eltatawer.com/sa/glass-alumetal-mecca/ https://www.rukn-eltatawer.com/sa/glass-alumetal-abha/ https://www.rukn-eltatawer.com/sa/glass-alumetal-taif/ https://www.rukn-eltatawer.com/sa/glass-alumetal-jeddah/ https://www.rukn-eltatawer.com/sa/glass-alumetal-khobar/ https://www.rukn-eltatawer.com/sa/glass-alumetal-riyadh/,duplicate_similar,مجموعة مقالات شبه متطابقة في الصياغة
8,شركة تركيب رخام وجرانيت بالدمام | شركة تركيب رخام وجرانيت بالمدينة المنورة | شركة تركيب رخام وجرانيت بمكة المكرمة | شركة تركيب رخام وجرانيت بأبها | شركة تركيب رخام وجرانيت بالطائف | شركة تركيب رخام وجرانيت بجدة | شركة تركيب رخام وجرانيت بالخبر | شركة تركيب رخام وجرانيت بالرياض,https://www.rukn-eltatawer.com/sa/marble-granite-dammam/ https://www.rukn-eltatawer.com/sa/marble-granite-medina/ https://www.rukn-eltatawer.com/sa/marble-granite-mecca/ https://www.rukn-eltatawer.com/sa/marble-granite-abha/ https://www.rukn-eltatawer.com/sa/marble-granite-taif/ https://www.rukn-eltatawer.com/sa/marble-granite-jeddah/ https://www.rukn-eltatawer.com/sa/marble-granite-khobar/ https://www.rukn-eltatawer.com/sa/marble-granite-riyadh/,duplicate_similar,مجموعة مقالات شبه متطابقة في الصياغة
8,شركة تركيب حجر طبيعي وصناعي بالدمام | شركة تركيب حجر طبيعي وصناعي بالمدينة المنورة | شركة تركيب حجر طبيعي وصناعي بمكة المكرمة | شركة تركيب حجر طبيعي وصناعي بأبها | شركة تركيب حجر طبيعي وصناعي بالطائف | شركة تركيب حجر طبيعي وصناعي بجدة | شركة تركيب حجر طبيعي وصناعي بالخبر | شركة تركيب حجر طبيعي وصناعي بالرياض,https://www.rukn-eltatawer.com/sa/stone-dammam/ https://www.rukn-eltatawer.com/sa/stone-medina/ https://www.rukn-eltatawer.com/sa/stone-mecca/ https://www.rukn-eltatawer.com/sa/stone-abha/ https://www.rukn-eltatawer.com/sa/stone-taif/ https://www.rukn-eltatawer.com/sa/stone-jeddah/ https://www.rukn-eltatawer.com/sa/stone-khobar/ https://www.rukn-eltatawer.com/sa/stone-riyadh/,duplicate_similar,مجموعة مقالات شبه متطابقة في الصياغة
8,شركة تركيب بلاستر بالدمام | شركة تركيب بلاستر بالمدينة المنورة | شركة تركيب بلاستر بمكة المكرمة | شركة تركيب بلاستر بأبها | شركة تركيب بلاستر بالطائف | شركة تركيب بلاستر بجدة | شركة تركيب بلاستر بالخبر | شركة تركيب بلاستر بالرياض,https://www.rukn-eltatawer.com/sa/plastering-dammam/ https://www.rukn-eltatawer.com/sa/plastering-medina/ https://www.rukn-eltatawer.com/sa/plastering-mecca/ https://www.rukn-eltatawer.com/sa/plastering-abha/ https://www.rukn-eltatawer.com/sa/plastering-taif/ https://www.rukn-eltatawer.com/sa/plastering-jeddah/ https://www.rukn-eltatawer.com/sa/plastering-khobar/ https://www.rukn-eltatawer.com/sa/plastering-riyadh/,duplicate_similar,مجموعة مقالات شبه متطابقة في الصياغة
8,شركة تركيب برجولات بالدمام | شركة تركيب برجولات بالمدينة المنورة | شركة تركيب برجولات بمكة المكرمة | شركة تركيب برجولات بأبها | شركة تركيب برجولات بالطائف | شركة تركيب برجولات بجدة | شركة تركيب برجولات بالخبر | شركة تركيب برجولات بالرياض,https://www.rukn-eltatawer.com/sa/pergola-installation-dammam/ https://www.rukn-eltatawer.com/sa/pergola-installation-medina/ https://www.rukn-eltatawer.com/sa/pergola-installation-mecca/ https://www.rukn-eltatawer.com/sa/pergola-installation-abha/ https://www.rukn-eltatawer.com/sa/pergola-installation-taif/ https://www.rukn-eltatawer.com/sa/pergola-installation-jeddah/ https://www.rukn-eltatawer.com/sa/pergola-installation-khobar/ https://www.rukn-eltatawer.com/sa/pergola-installation-riyadh/,duplicate_similar,مجموعة مقالات شبه متطابقة في الصياغة
8,شركة تركيب باركيه وأرضيات خشب بأبها | شركة تركيب باركيه وأرضيات خشب بالطائف | شركة تركيب باركيه وأرضيات خشب بالخبر | شركة تركيب باركيه وأرضيات خشب بالدمام | شركة تركيب باركيه وأرضيات خشب بالمدينة المنورة | شركة تركيب باركيه وأرضيات خشب بمكة المكرمة | شركة تركيب باركيه وأرضيات خشب بجدة | شركة تركيب باركيه وأرضيات خشب بالرياض,https://www.rukn-eltatawer.com/sa/parquet-abha/ https://www.rukn-eltatawer.com/sa/parquet-taif/ https://www.rukn-eltatawer.com/sa/parquet-khobar/ https://www.rukn-eltatawer.com/sa/parquet-dammam/ https://www.rukn-eltatawer.com/sa/parquet-medina/ https://www.rukn-eltatawer.com/sa/parquet-mecca/ https://www.rukn-eltatawer.com/sa/parquet-jeddah/ https://www.rukn-eltatawer.com/sa/parquet-riyadh/,duplicate_similar,مجموعة مقالات شبه متطابقة في الصياغة
8,شركة تركيب انترلوك بالدمام | شركة تركيب انترلوك بالمدينة المنورة | شركة تركيب انترلوك بمكة المكرمة | شركة تركيب انترلوك بأبها | شركة تركيب انترلوك بالطائف | شركة تركيب انترلوك بجدة | شركة تركيب انترلوك بالخبر | شركة تركيب انترلوك بالرياض,https://www.rukn-eltatawer.com/sa/interlock-dammam/ https://www.rukn-eltatawer.com/sa/interlock-medina/ https://www.rukn-eltatawer.com/sa/interlock-mecca/ https://www.rukn-eltatawer.com/sa/interlock-abha/ https://www.rukn-eltatawer.com/sa/interlock-taif/ https://www.rukn-eltatawer.com/sa/interlock-jeddah/ https://www.rukn-eltatawer.com/sa/interlock-khobar/ https://www.rukn-eltatawer.com/sa/interlock-riyadh/,duplicate_similar,مجموعة مقالات شبه متطابقة في الصياغة
8,شركة تركيب أنظمة طاقة شمسية بالدمام | شركة تركيب أنظمة طاقة شمسية بالمدينة المنورة | شركة تركيب أنظمة طاقة شمسية بمكة المكرمة | شركة تركيب أنظمة طاقة شمسية بأبها | شركة تركيب أنظمة طاقة شمسية بالطائف | شركة تركيب أنظمة طاقة شمسية بجدة | شركة تركيب أنظمة طاقة شمسية بالخبر | شركة تركيب أنظمة طاقة شمسية بالرياض,https://www.rukn-eltatawer.com/sa/solar-systems-installation-dammam/ https://www.rukn-eltatawer.com/sa/solar-systems-installation-medina/ https://www.rukn-eltatawer.com/sa/solar-systems-installation-mecca/ https://www.rukn-eltatawer.com/sa/solar-systems-installation-abha/ https://www.rukn-eltatawer.com/sa/solar-systems-installation-taif/ https://www.rukn-eltatawer.com/sa/solar-systems-installation-jeddah/ https://www.rukn-eltatawer.com/sa/solar-systems-installation-khobar/ https://www.rukn-eltatawer.com/sa/solar-systems-installation-riyadh/,duplicate_similar,مجموعة مقالات شبه متطابقة في الصياغة
8,شركة تركيب أسقف مستعارة بالدمام | شركة تركيب أسقف مستعارة بالمدينة المنورة | شركة تركيب أسقف مستعارة بمكة المكرمة | شركة تركيب أسقف مستعارة بأبها | شركة تركيب أسقف مستعارة بالطائف | شركة تركيب أسقف مستعارة بجدة | شركة تركيب أسقف مستعارة بالخبر | شركة تركيب أسقف مستعارة بالرياض,https://www.rukn-eltatawer.com/sa/suspended-ceiling-dammam/ https://www.rukn-eltatawer.com/sa/suspended-ceiling-medina/ https://www.rukn-eltatawer.com/sa/suspended-ceiling-mecca/ https://www.rukn-eltatawer.com/sa/suspended-ceiling-abha/ https://www.rukn-eltatawer.com/sa/suspended-ceiling-taif/ https://www.rukn-eltatawer.com/sa/suspended-ceiling-jeddah/ https://www.rukn-eltatawer.com/sa/suspended-ceiling-khobar/ https://www.rukn-eltatawer.com/sa/suspended-ceiling-riyadh/,duplicate_similar,مجموعة مقالات شبه متطابقة في الصياغة
8,شركة تركيب أسقف جبسية / فورسيلنج بأبها | شركة تركيب أسقف جبسية / فورسيلنج بالطائف | شركة تركيب أسقف جبسية / فورسيلنج بالخبر | شركة تركيب أسقف جبسية / فورسيلنج بالدمام | شركة تركيب أسقف جبسية / فورسيلنج بالمدينة المنورة | شركة تركيب أسقف جبسية / فورسيلنج بمكة المكرمة | شركة تركيب أسقف جبسية / فورسيلنج بجدة | شركة تركيب أسقف جبسية / فورسيلنج بالرياض,https://www.rukn-eltatawer.com/sa/false-ceiling-abha/ https://www.rukn-eltatawer.com/sa/false-ceiling-taif/ https://www.rukn-eltatawer.com/sa/false-ceiling-khobar/ https://www.rukn-eltatawer.com/sa/false-ceiling-dammam/ https://www.rukn-eltatawer.com/sa/false-ceiling-medina/ https://www.rukn-eltatawer.com/sa/false-ceiling-mecca/ https://www.rukn-eltatawer.com/sa/false-ceiling-jeddah/ https://www.rukn-eltatawer.com/sa/false-ceiling-riyadh/,duplicate_similar,مجموعة مقالات شبه متطابقة في الصياغة
8,شركة تركيب أرضيات فينيل بالدمام | شركة تركيب أرضيات فينيل بالمدينة المنورة | شركة تركيب أرضيات فينيل بمكة المكرمة | شركة تركيب أرضيات فينيل بأبها | شركة تركيب أرضيات فينيل بالطائف | شركة تركيب أرضيات فينيل بجدة | شركة تركيب أرضيات فينيل بالخبر | شركة تركيب أرضيات فينيل بالرياض,https://www.rukn-eltatawer.com/sa/vinyl-flooring-dammam/ https://www.rukn-eltatawer.com/sa/vinyl-flooring-medina/ https://www.rukn-eltatawer.com/sa/vinyl-flooring-mecca/ https://www.rukn-eltatawer.com/sa/vinyl-flooring-abha/ https://www.rukn-eltatawer.com/sa/vinyl-flooring-taif/ https://www.rukn-eltatawer.com/sa/vinyl-flooring-jeddah/ https://www.rukn-eltatawer.com/sa/vinyl-flooring-khobar/ https://www.rukn-eltatawer.com/sa/vinyl-flooring-riyadh/,duplicate_similar,مجموعة مقالات شبه متطابقة في الصياغة
8,شركة تركيب أدوات صحية بالدمام | شركة تركيب أدوات صحية بالمدينة المنورة | شركة تركيب أدوات صحية بمكة المكرمة | شركة تركيب أدوات صحية بأبها | شركة تركيب أدوات صحية بالطائف | شركة تركيب أدوات صحية بجدة | شركة تركيب أدوات صحية بالخبر | شركة تركيب أدوات صحية بالرياض,https://www.rukn-eltatawer.com/sa/sanitary-fixtures-installation-dammam/ https://www.rukn-eltatawer.com/sa/sanitary-fixtures-installation-medina/ https://www.rukn-eltatawer.com/sa/sanitary-fixtures-installation-mecca/ https://www.rukn-eltatawer.com/sa/sanitary-fixtures-installation-abha/ https://www.rukn-eltatawer.com/sa/sanitary-fixtures-installation-taif/ https://www.rukn-eltatawer.com/sa/sanitary-fixtures-installation-jeddah/ https://www.rukn-eltatawer.com/sa/sanitary-fixtures-installation-khobar/ https://www.rukn-eltatawer.com/sa/sanitary-fixtures-installation-riyadh/,duplicate_similar,مجموعة مقالات شبه متطابقة في الصياغة
8,شركة تركيب أجهزة صوتية لطرد الطيور بالدمام | شركة تركيب أجهزة صوتية لطرد الطيور بالمدينة المنورة | شركة تركيب أجهزة صوتية لطرد الطيور بمكة المكرمة | شركة تركيب أجهزة صوتية لطرد الطيور بأبها | شركة تركيب أجهزة صوتية لطرد الطيور بالطائف | شركة تركيب أجهزة صوتية لطرد الطيور بجدة | شركة تركيب أجهزة صوتية لطرد الطيور بالخبر | شركة تركيب أجهزة صوتية لطرد الطيور بالرياض,https://www.rukn-eltatawer.com/sa/bird-sound-device-dammam/ https://www.rukn-eltatawer.com/sa/bird-sound-device-medina/ https://www.rukn-eltatawer.com/sa/bird-sound-device-mecca/ https://www.rukn-eltatawer.com/sa/bird-sound-device-abha/ https://www.rukn-eltatawer.com/sa/bird-sound-device-taif/ https://www.rukn-eltatawer.com/sa/bird-sound-device-jeddah/ https://www.rukn-eltatawer.com/sa/bird-sound-device-khobar/ https://www.rukn-eltatawer.com/sa/bird-sound-device-riyadh/,duplicate_similar,مجموعة مقالات شبه متطابقة في الصياغة
8,شركة تركيب أبواب بالدمام | شركة تركيب أبواب بالمدينة المنورة | شركة تركيب أبواب بمكة المكرمة | شركة تركيب أبواب بأبها | شركة تركيب أبواب بالطائف | شركة تركيب أبواب بجدة | شركة تركيب أبواب بالخبر | شركة تركيب أبواب بالرياض,https://www.rukn-eltatawer.com/sa/doors-installation-dammam/ https://www.rukn-eltatawer.com/sa/doors-installation-medina/ https://www.rukn-eltatawer.com/sa/doors-installation-mecca/ https://www.rukn-eltatawer.com/sa/doors-installation-abha/ https://www.rukn-eltatawer.com/sa/doors-installation-taif/ https://www.rukn-eltatawer.com/sa/doors-installation-jeddah/ https://www.rukn-eltatawer.com/sa/doors-installation-khobar/ https://www.rukn-eltatawer.com/sa/doors-installation-riyadh/,duplicate_similar,مجموعة مقالات شبه متطابقة في الصياغة
8,شركة تخزين أثاث بالدمام | شركة تخزين أثاث بالمدينة المنورة | شركة تخزين أثاث بمكة المكرمة | شركة تخزين أثاث بأبها | شركة تخزين أثاث بالطائف | شركة تخزين أثاث بجدة | شركة تخزين أثاث بالخبر | شركة تخزين أثاث بالرياض,https://www.rukn-eltatawer.com/sa/furniture-storage-dammam/ https://www.rukn-eltatawer.com/sa/furniture-storage-medina/ https://www.rukn-eltatawer.com/sa/furniture-storage-mecca/ https://www.rukn-eltatawer.com/sa/furniture-storage-abha/ https://www.rukn-eltatawer.com/sa/furniture-storage-taif/ https://www.rukn-eltatawer.com/sa/furniture-storage-jeddah/ https://www.rukn-eltatawer.com/sa/furniture-storage-khobar/ https://www.rukn-eltatawer.com/sa/furniture-storage-riyadh/,duplicate_similar,مجموعة مقالات شبه متطابقة في الصياغة
8,شركة تبطين وصيانة خزانات مياه بالدمام | شركة تبطين وصيانة خزانات مياه بالمدينة المنورة | شركة تبطين وصيانة خزانات مياه بمكة المكرمة | شركة تبطين وصيانة خزانات مياه بأبها | شركة تبطين وصيانة خزانات مياه بالطائف | شركة تبطين وصيانة خزانات مياه بجدة | شركة تبطين وصيانة خزانات مياه بالخبر | شركة تبطين وصيانة خزانات مياه بالرياض,https://www.rukn-eltatawer.com/sa/tank-lining-maintenance-dammam/ https://www.rukn-eltatawer.com/sa/tank-lining-maintenance-medina/ https://www.rukn-eltatawer.com/sa/tank-lining-maintenance-mecca/ https://www.rukn-eltatawer.com/sa/tank-lining-maintenance-abha/ https://www.rukn-eltatawer.com/sa/tank-lining-maintenance-taif/ https://www.rukn-eltatawer.com/sa/tank-lining-maintenance-jeddah/ https://www.rukn-eltatawer.com/sa/tank-lining-maintenance-khobar/ https://www.rukn-eltatawer.com/sa/tank-lining-maintenance-riyadh/,duplicate_similar,مجموعة مقالات شبه متطابقة في الصياغة
8,شركة بناء ملاحق بالدمام | شركة بناء ملاحق بالمدينة المنورة | شركة بناء ملاحق بمكة المكرمة | شركة بناء ملاحق بأبها | شركة بناء ملاحق بالطائف | شركة بناء ملاحق بجدة | شركة بناء ملاحق بالخبر | شركة بناء ملاحق بالرياض,https://www.rukn-eltatawer.com/sa/annex-building-dammam/ https://www.rukn-eltatawer.com/sa/annex-building-medina/ https://www.rukn-eltatawer.com/sa/annex-building-mecca/ https://www.rukn-eltatawer.com/sa/annex-building-abha/ https://www.rukn-eltatawer.com/sa/annex-building-taif/ https://www.rukn-eltatawer.com/sa/annex-building-jeddah/ https://www.rukn-eltatawer.com/sa/annex-building-khobar/ https://www.rukn-eltatawer.com/sa/annex-building-riyadh/,duplicate_similar,مجموعة مقالات شبه متطابقة في الصياغة
8,شركة بناء مطابخ خارجية بالدمام | شركة بناء مطابخ خارجية بالمدينة المنورة | شركة بناء مطابخ خارجية بمكة المكرمة | شركة بناء مطابخ خارجية بأبها | شركة بناء مطابخ خارجية بالطائف | شركة بناء مطابخ خارجية بجدة | شركة بناء مطابخ خارجية بالخبر | شركة بناء مطابخ خارجية بالرياض,https://www.rukn-eltatawer.com/sa/outdoor-kitchens-dammam/ https://www.rukn-eltatawer.com/sa/outdoor-kitchens-medina/ https://www.rukn-eltatawer.com/sa/outdoor-kitchens-mecca/ https://www.rukn-eltatawer.com/sa/outdoor-kitchens-abha/ https://www.rukn-eltatawer.com/sa/outdoor-kitchens-taif/ https://www.rukn-eltatawer.com/sa/outdoor-kitchens-jeddah/ https://www.rukn-eltatawer.com/sa/outdoor-kitchens-khobar/ https://www.rukn-eltatawer.com/sa/outdoor-kitchens-riyadh/,duplicate_similar,مجموعة مقالات شبه متطابقة في الصياغة
8,شركة بناء مجالس خارجية بالدمام | شركة بناء مجالس خارجية بالمدينة المنورة | شركة بناء مجالس خارجية بمكة المكرمة | شركة بناء مجالس خارجية بأبها | شركة بناء مجالس خارجية بالطائف | شركة بناء مجالس خارجية بجدة | شركة بناء مجالس خارجية بالخبر | شركة بناء مجالس خارجية بالرياض,https://www.rukn-eltatawer.com/sa/outdoor-majlis-dammam/ https://www.rukn-eltatawer.com/sa/outdoor-majlis-medina/ https://www.rukn-eltatawer.com/sa/outdoor-majlis-mecca/ https://www.rukn-eltatawer.com/sa/outdoor-majlis-abha/ https://www.rukn-eltatawer.com/sa/outdoor-majlis-taif/ https://www.rukn-eltatawer.com/sa/outdoor-majlis-jeddah/ https://www.rukn-eltatawer.com/sa/outdoor-majlis-khobar/ https://www.rukn-eltatawer.com/sa/outdoor-majlis-riyadh/,duplicate_similar,مجموعة مقالات شبه متطابقة في الصياغة
8,شركة بناء حمامات خارجية بالدمام | شركة بناء حمامات خارجية بالمدينة المنورة | شركة بناء حمامات خارجية بمكة المكرمة | شركة بناء حمامات خارجية بأبها | شركة بناء حمامات خارجية بالطائف | شركة بناء حمامات خارجية بجدة | شركة بناء حمامات خارجية بالخبر | شركة بناء حمامات خارجية بالرياض,https://www.rukn-eltatawer.com/sa/outdoor-bathrooms-dammam/ https://www.rukn-eltatawer.com/sa/outdoor-bathrooms-medina/ https://www.rukn-eltatawer.com/sa/outdoor-bathrooms-mecca/ https://www.rukn-eltatawer.com/sa/outdoor-bathrooms-abha/ https://www.rukn-eltatawer.com/sa/outdoor-bathrooms-taif/ https://www.rukn-eltatawer.com/sa/outdoor-bathrooms-jeddah/ https://www.rukn-eltatawer.com/sa/outdoor-bathrooms-khobar/ https://www.rukn-eltatawer.com/sa/outdoor-bathrooms-riyadh/,duplicate_similar,مجموعة مقالات شبه متطابقة في الصياغة
8,شركة بناء استراحات بالدمام | شركة بناء استراحات بالمدينة المنورة | شركة بناء استراحات بمكة المكرمة | شركة بناء استراحات بأبها | شركة بناء استراحات بالطائف | شركة بناء استراحات بجدة | شركة بناء استراحات بالخبر | شركة بناء استراحات بالرياض,https://www.rukn-eltatawer.com/sa/majlis-building-dammam/ https://www.rukn-eltatawer.com/sa/majlis-building-medina/ https://www.rukn-eltatawer.com/sa/majlis-building-mecca/ https://www.rukn-eltatawer.com/sa/majlis-building-abha/ https://www.rukn-eltatawer.com/sa/majlis-building-taif/ https://www.rukn-eltatawer.com/sa/majlis-building-jeddah/ https://www.rukn-eltatawer.com/sa/majlis-building-khobar/ https://www.rukn-eltatawer.com/sa/majlis-building-riyadh/,duplicate_similar,مجموعة مقالات شبه متطابقة في الصياغة
8,شركة بناء أسوار طابوق بالدمام | شركة بناء أسوار طابوق بالمدينة المنورة | شركة بناء أسوار طابوق بمكة المكرمة | شركة بناء أسوار طابوق بأبها | شركة بناء أسوار طابوق بالطائف | شركة بناء أسوار طابوق بجدة | شركة بناء أسوار طابوق بالخبر | شركة بناء أسوار طابوق بالرياض,https://www.rukn-eltatawer.com/sa/block-fences-dammam/ https://www.rukn-eltatawer.com/sa/block-fences-medina/ https://www.rukn-eltatawer.com/sa/block-fences-mecca/ https://www.rukn-eltatawer.com/sa/block-fences-abha/ https://www.rukn-eltatawer.com/sa/block-fences-taif/ https://www.rukn-eltatawer.com/sa/block-fences-jeddah/ https://www.rukn-eltatawer.com/sa/block-fences-khobar/ https://www.rukn-eltatawer.com/sa/block-fences-riyadh/,duplicate_similar,مجموعة مقالات شبه متطابقة في الصياغة
8,شركة إنشاء ممرات حجرية بالدمام | شركة إنشاء ممرات حجرية بالمدينة المنورة | شركة إنشاء ممرات حجرية بمكة المكرمة | شركة إنشاء ممرات حجرية بأبها | شركة إنشاء ممرات حجرية بالطائف | شركة إنشاء ممرات حجرية بجدة | شركة إنشاء ممرات حجرية بالخبر | شركة إنشاء ممرات حجرية بالرياض,https://www.rukn-eltatawer.com/sa/stone-pathway-dammam/ https://www.rukn-eltatawer.com/sa/stone-pathway-medina/ https://www.rukn-eltatawer.com/sa/stone-pathway-mecca/ https://www.rukn-eltatawer.com/sa/stone-pathway-abha/ https://www.rukn-eltatawer.com/sa/stone-pathway-taif/ https://www.rukn-eltatawer.com/sa/stone-pathway-jeddah/ https://www.rukn-eltatawer.com/sa/stone-pathway-khobar/ https://www.rukn-eltatawer.com/sa/stone-pathway-riyadh/,duplicate_similar,مجموعة مقالات شبه متطابقة في الصياغة
8,شركة إصلاح تشققات الأسقف والجدران بالدمام | شركة إصلاح تشققات الأسقف والجدران بالمدينة المنورة | شركة إصلاح تشققات الأسقف والجدران بمكة المكرمة | شركة إصلاح تشققات الأسقف والجدران بأبها | شركة إصلاح تشققات الأسقف والجدران بالطائف | شركة إصلاح تشققات الأسقف والجدران بجدة | شركة إصلاح تشققات الأسقف والجدران بالخبر | شركة إصلاح تشققات الأسقف والجدران بالرياض,https://www.rukn-eltatawer.com/sa/crack-repair-dammam/ https://www.rukn-eltatawer.com/sa/crack-repair-medina/ https://www.rukn-eltatawer.com/sa/crack-repair-mecca/ https://www.rukn-eltatawer.com/sa/crack-repair-abha/ https://www.rukn-eltatawer.com/sa/crack-repair-taif/ https://www.rukn-eltatawer.com/sa/crack-repair-jeddah/ https://www.rukn-eltatawer.com/sa/crack-repair-khobar/ https://www.rukn-eltatawer.com/sa/crack-repair-riyadh/,duplicate_similar,مجموعة مقالات شبه متطابقة في الصياغة
8,شركة إزالة دهان قديم وتحضير أسطح بالدمام | شركة إزالة دهان قديم وتحضير أسطح بالمدينة المنورة | شركة إزالة دهان قديم وتحضير أسطح بمكة المكرمة | شركة إزالة دهان قديم وتحضير أسطح بأبها | شركة إزالة دهان قديم وتحضير أسطح بالطائف | شركة إزالة دهان قديم وتحضير أسطح بجدة | شركة إزالة دهان قديم وتحضير أسطح بالخبر | شركة إزالة دهان قديم وتحضير أسطح بالرياض,https://www.rukn-eltatawer.com/sa/paint-removal-surface-prep-dammam/ https://www.rukn-eltatawer.com/sa/paint-removal-surface-prep-medina/ https://www.rukn-eltatawer.com/sa/paint-removal-surface-prep-mecca/ https://www.rukn-eltatawer.com/sa/paint-removal-surface-prep-abha/ https://www.rukn-eltatawer.com/sa/paint-removal-surface-prep-taif/ https://www.rukn-eltatawer.com/sa/paint-removal-surface-prep-jeddah/ https://www.rukn-eltatawer.com/sa/paint-removal-surface-prep-khobar/ https://www.rukn-eltatawer.com/sa/paint-removal-surface-prep-riyadh/,duplicate_similar,مجموعة مقالات شبه متطابقة في الصياغة
8,فني تركيب كاميرات مراقبة بأبها | فني تركيب كاميرات مراقبة بالطائف | فني تركيب كاميرات مراقبة بالخبر | فني تركيب كاميرات مراقبة بالدمام | فني تركيب كاميرات مراقبة بالمدينة المنورة | فني تركيب كاميرات مراقبة بمكة المكرمة | فني تركيب كاميرات مراقبة بجدة | فني تركيب كاميرات مراقبة بالرياض,https://www.rukn-eltatawer.com/sa/cctv-tech-abha/ https://www.rukn-eltatawer.com/sa/cctv-tech-taif/ https://www.rukn-eltatawer.com/sa/cctv-tech-khobar/ https://www.rukn-eltatawer.com/sa/cctv-tech-dammam/ https://www.rukn-eltatawer.com/sa/cctv-tech-medina/ https://www.rukn-eltatawer.com/sa/cctv-tech-mecca/ https://www.rukn-eltatawer.com/sa/cctv-tech-jeddah/ https://www.rukn-eltatawer.com/sa/cctv-tech-riyadh/,duplicate_similar,مجموعة مقالات شبه متطابقة في الصياغة
8,شركة صيانة كاميرات مراقبة بأبها | شركة صيانة كاميرات مراقبة بالطائف | شركة صيانة كاميرات مراقبة بالخبر | شركة صيانة كاميرات مراقبة بالدمام | شركة صيانة كاميرات مراقبة بالمدينة المنورة | شركة صيانة كاميرات مراقبة بمكة المكرمة | شركة صيانة كاميرات مراقبة بجدة | شركة صيانة كاميرات مراقبة بالرياض,https://www.rukn-eltatawer.com/sa/cctv-maintenance-abha/ https://www.rukn-eltatawer.com/sa/cctv-maintenance-taif/ https://www.rukn-eltatawer.com/sa/cctv-maintenance-khobar/ https://www.rukn-eltatawer.com/sa/cctv-maintenance-dammam/ https://www.rukn-eltatawer.com/sa/cctv-maintenance-medina/ https://www.rukn-eltatawer.com/sa/cctv-maintenance-mecca/ https://www.rukn-eltatawer.com/sa/cctv-maintenance-jeddah/ https://www.rukn-eltatawer.com/sa/cctv-maintenance-riyadh/,duplicate_similar,مجموعة مقالات شبه متطابقة في الصياغة
8,شركة قص عشب طبيعي بأبها | شركة قص عشب طبيعي بالطائف | شركة قص عشب طبيعي بالخبر | شركة قص عشب طبيعي بالدمام | شركة قص عشب طبيعي بالمدينة المنورة | شركة قص عشب طبيعي بمكة المكرمة | شركة قص عشب طبيعي بجدة | شركة قص عشب طبيعي بالرياض,https://www.rukn-eltatawer.com/sa/natural-grass-cutting-abha/ https://www.rukn-eltatawer.com/sa/natural-grass-cutting-taif/ https://www.rukn-eltatawer.com/sa/natural-grass-cutting-khobar/ https://www.rukn-eltatawer.com/sa/natural-grass-cutting-dammam/ https://www.rukn-eltatawer.com/sa/natural-grass-cutting-medina/ https://www.rukn-eltatawer.com/sa/natural-grass-cutting-mecca/ https://www.rukn-eltatawer.com/sa/natural-grass-cutting-jeddah/ https://www.rukn-eltatawer.com/sa/natural-grass-cutting-riyadh/,duplicate_similar,مجموعة مقالات شبه متطابقة في الصياغة
8,شركة تنظيف وتزيين الحدائق بأبها | شركة تنظيف وتزيين الحدائق بالطائف | شركة تنظيف وتزيين الحدائق بالخبر | شركة تنظيف وتزيين الحدائق بالدمام | شركة تنظيف وتزيين الحدائق بالمدينة المنورة | شركة تنظيف وتزيين الحدائق بمكة المكرمة | شركة تنظيف وتزيين الحدائق بجدة | شركة تنظيف وتزيين الحدائق بالرياض,https://www.rukn-eltatawer.com/sa/garden-cleaning-abha/ https://www.rukn-eltatawer.com/sa/garden-cleaning-taif/ https://www.rukn-eltatawer.com/sa/garden-cleaning-khobar/ https://www.rukn-eltatawer.com/sa/garden-cleaning-dammam/ https://www.rukn-eltatawer.com/sa/garden-cleaning-medina/ https://www.rukn-eltatawer.com/sa/garden-cleaning-mecca/ https://www.rukn-eltatawer.com/sa/garden-cleaning-jeddah/ https://www.rukn-eltatawer.com/sa/garden-cleaning-riyadh/,duplicate_similar,مجموعة مقالات شبه متطابقة في الصياغة
8,شركة تنسيق حدائق بأبها | شركة تنسيق حدائق بالطائف | شركة تنسيق حدائق بالخبر | شركة تنسيق حدائق بالدمام | شركة تنسيق حدائق بالمدينة المنورة | شركة تنسيق حدائق بمكة المكرمة | شركة تنسيق حدائق بجدة | شركة تنسيق حدائق بالرياض,https://www.rukn-eltatawer.com/sa/landscaping-abha/ https://www.rukn-eltatawer.com/sa/landscaping-taif/ https://www.rukn-eltatawer.com/sa/landscaping-khobar/ https://www.rukn-eltatawer.com/sa/landscaping-dammam/ https://www.rukn-eltatawer.com/sa/landscaping-medina/ https://www.rukn-eltatawer.com/sa/landscaping-mecca/ https://www.rukn-eltatawer.com/sa/landscaping-jeddah/ https://www.rukn-eltatawer.com/sa/landscaping-riyadh/,duplicate_similar,مجموعة مقالات شبه متطابقة في الصياغة
8,شركة تصميم حدائق داخلية بأبها | شركة تصميم حدائق داخلية بالطائف | شركة تصميم حدائق داخلية بالخبر | شركة تصميم حدائق داخلية بالدمام | شركة تصميم حدائق داخلية بالمدينة المنورة | شركة تصميم حدائق داخلية بمكة المكرمة | شركة تصميم حدائق داخلية بجدة | شركة تصميم حدائق داخلية بالرياض,https://www.rukn-eltatawer.com/sa/indoor-garden-design-abha/ https://www.rukn-eltatawer.com/sa/indoor-garden-design-taif/ https://www.rukn-eltatawer.com/sa/indoor-garden-design-khobar/ https://www.rukn-eltatawer.com/sa/indoor-garden-design-dammam/ https://www.rukn-eltatawer.com/sa/indoor-garden-design-medina/ https://www.rukn-eltatawer.com/sa/indoor-garden-design-mecca/ https://www.rukn-eltatawer.com/sa/indoor-garden-design-jeddah/ https://www.rukn-eltatawer.com/sa/indoor-garden-design-riyadh/,duplicate_similar,مجموعة مقالات شبه متطابقة في الصياغة
8,شركة تصميم حدائق أسطح بأبها | شركة تصميم حدائق أسطح بالطائف | شركة تصميم حدائق أسطح بالخبر | شركة تصميم حدائق أسطح بالدمام | شركة تصميم حدائق أسطح بالمدينة المنورة | شركة تصميم حدائق أسطح بمكة المكرمة | شركة تصميم حدائق أسطح بجدة | شركة تصميم حدائق أسطح بالرياض,https://www.rukn-eltatawer.com/sa/roof-garden-design-abha/ https://www.rukn-eltatawer.com/sa/roof-garden-design-taif/ https://www.rukn-eltatawer.com/sa/roof-garden-design-khobar/ https://www.rukn-eltatawer.com/sa/roof-garden-design-dammam/ https://www.rukn-eltatawer.com/sa/roof-garden-design-medina/ https://www.rukn-eltatawer.com/sa/roof-garden-design-mecca/ https://www.rukn-eltatawer.com/sa/roof-garden-design-jeddah/ https://www.rukn-eltatawer.com/sa/roof-garden-design-riyadh/,duplicate_similar,مجموعة مقالات شبه متطابقة في الصياغة
8,شركة تركيب عشب صناعي بأبها | شركة تركيب عشب صناعي بالطائف | شركة تركيب عشب صناعي بالخبر | شركة تركيب عشب صناعي بالدمام | شركة تركيب عشب صناعي بالمدينة المنورة | شركة تركيب عشب صناعي بمكة المكرمة | شركة تركيب عشب صناعي بجدة | شركة تركيب عشب صناعي بالرياض,https://www.rukn-eltatawer.com/sa/artificial-grass-abha/ https://www.rukn-eltatawer.com/sa/artificial-grass-taif/ https://www.rukn-eltatawer.com/sa/artificial-grass-khobar/ https://www.rukn-eltatawer.com/sa/artificial-grass-dammam/ https://www.rukn-eltatawer.com/sa/artificial-grass-medina/ https://www.rukn-eltatawer.com/sa/artificial-grass-mecca/ https://www.rukn-eltatawer.com/sa/artificial-grass-jeddah/ https://www.rukn-eltatawer.com/sa/artificial-grass-riyadh/,duplicate_similar,مجموعة مقالات شبه متطابقة في الصياغة
8,شركة تركيب عشب جداري بأبها | شركة تركيب عشب جداري بالطائف | شركة تركيب عشب جداري بالخبر | شركة تركيب عشب جداري بالدمام | شركة تركيب عشب جداري بالمدينة المنورة | شركة تركيب عشب جداري بمكة المكرمة | شركة تركيب عشب جداري بجدة | شركة تركيب عشب جداري بالرياض,https://www.rukn-eltatawer.com/sa/grass-wall-abha/ https://www.rukn-eltatawer.com/sa/grass-wall-taif/ https://www.rukn-eltatawer.com/sa/grass-wall-khobar/ https://www.rukn-eltatawer.com/sa/grass-wall-dammam/ https://www.rukn-eltatawer.com/sa/grass-wall-medina/ https://www.rukn-eltatawer.com/sa/grass-wall-mecca/ https://www.rukn-eltatawer.com/sa/grass-wall-jeddah/ https://www.rukn-eltatawer.com/sa/grass-wall-riyadh/,duplicate_similar,مجموعة مقالات شبه متطابقة في الصياغة
8,شركة إنشاء جلسات حدائق بأبها | شركة إنشاء جلسات حدائق بالطائف | شركة إنشاء جلسات حدائق بالخبر | شركة إنشاء جلسات حدائق بالدمام | شركة إنشاء جلسات حدائق بالمدينة المنورة | شركة إنشاء جلسات حدائق بمكة المكرمة | شركة إنشاء جلسات حدائق بجدة | شركة إنشاء جلسات حدائق بالرياض,https://www.rukn-eltatawer.com/sa/garden-seating-abha/ https://www.rukn-eltatawer.com/sa/garden-seating-taif/ https://www.rukn-eltatawer.com/sa/garden-seating-khobar/ https://www.rukn-eltatawer.com/sa/garden-seating-dammam/ https://www.rukn-eltatawer.com/sa/garden-seating-medina/ https://www.rukn-eltatawer.com/sa/garden-seating-mecca/ https://www.rukn-eltatawer.com/sa/garden-seating-jeddah/ https://www.rukn-eltatawer.com/sa/garden-seating-riyadh/,duplicate_similar,مجموعة مقالات شبه متطابقة في الصياغة
8,شركة صيانة مسابح بأبها | شركة صيانة مسابح بالطائف | شركة صيانة مسابح بالخبر | شركة صيانة مسابح بالدمام | شركة صيانة مسابح بالمدينة المنورة | شركة صيانة مسابح بمكة المكرمة | شركة صيانة مسابح بجدة | شركة صيانة مسابح بالرياض,https://www.rukn-eltatawer.com/sa/pool-maintenance-abha/ https://www.rukn-eltatawer.com/sa/pool-maintenance-taif/ https://www.rukn-eltatawer.com/sa/pool-maintenance-khobar/ https://www.rukn-eltatawer.com/sa/pool-maintenance-dammam/ https://www.rukn-eltatawer.com/sa/pool-maintenance-medina/ https://www.rukn-eltatawer.com/sa/pool-maintenance-mecca/ https://www.rukn-eltatawer.com/sa/pool-maintenance-jeddah/ https://www.rukn-eltatawer.com/sa/pool-maintenance-riyadh/,duplicate_similar,مجموعة مقالات شبه متطابقة في الصياغة
8,شركة تنظيف مسابح بأبها | شركة تنظيف مسابح بالطائف | شركة تنظيف مسابح بالخبر | شركة تنظيف مسابح بالدمام | شركة تنظيف مسابح بالمدينة المنورة | شركة تنظيف مسابح بمكة المكرمة | شركة تنظيف مسابح بجدة | شركة تنظيف مسابح بالرياض,https://www.rukn-eltatawer.com/sa/pool-cleaning-abha/ https://www.rukn-eltatawer.com/sa/pool-cleaning-taif/ https://www.rukn-eltatawer.com/sa/pool-cleaning-khobar/ https://www.rukn-eltatawer.com/sa/pool-cleaning-dammam/ https://www.rukn-eltatawer.com/sa/pool-cleaning-medina/ https://www.rukn-eltatawer.com/sa/pool-cleaning-mecca/ https://www.rukn-eltatawer.com/sa/pool-cleaning-jeddah/ https://www.rukn-eltatawer.com/sa/pool-cleaning-riyadh/,duplicate_similar,مجموعة مقالات شبه متطابقة في الصياغة
8,شركة تنظيف أرضيات رخام وجلي رخام بأبها | شركة تنظيف أرضيات رخام وجلي رخام بالطائف | شركة تنظيف أرضيات رخام وجلي رخام بالخبر | شركة تنظيف أرضيات رخام وجلي رخام بالدمام | شركة تنظيف أرضيات رخام وجلي رخام بالمدينة المنورة | شركة تنظيف أرضيات رخام وجلي رخام بمكة المكرمة | شركة تنظيف أرضيات رخام وجلي رخام بجدة | شركة تنظيف أرضيات رخام وجلي رخام بالرياض,https://www.rukn-eltatawer.com/sa/marble-polishing-abha/ https://www.rukn-eltatawer.com/sa/marble-polishing-taif/ https://www.rukn-eltatawer.com/sa/marble-polishing-khobar/ https://www.rukn-eltatawer.com/sa/marble-polishing-dammam/ https://www.rukn-eltatawer.com/sa/marble-polishing-medina/ https://www.rukn-eltatawer.com/sa/marble-polishing-mecca/ https://www.rukn-eltatawer.com/sa/marble-polishing-jeddah/ https://www.rukn-eltatawer.com/sa/marble-polishing-riyadh/,duplicate_similar,مجموعة مقالات شبه متطابقة في الصياغة
8,شركة نقل عفش مع التغليف بأبها | شركة نقل عفش مع التغليف بالطائف | شركة نقل عفش مع التغليف بالخبر | شركة نقل عفش مع التغليف بالدمام | شركة نقل عفش مع التغليف بالمدينة المنورة | شركة نقل عفش مع التغليف بمكة المكرمة | شركة نقل عفش مع التغليف بجدة | شركة نقل عفش مع التغليف بالرياض,https://www.rukn-eltatawer.com/sa/furniture-moving-packaging-abha/ https://www.rukn-eltatawer.com/sa/furniture-moving-packaging-taif/ https://www.rukn-eltatawer.com/sa/furniture-moving-packaging-khobar/ https://www.rukn-eltatawer.com/sa/furniture-moving-packaging-dammam/ https://www.rukn-eltatawer.com/sa/furniture-moving-packaging-medina/ https://www.rukn-eltatawer.com/sa/furniture-moving-packaging-mecca/ https://www.rukn-eltatawer.com/sa/furniture-moving-packaging-jeddah/ https://www.rukn-eltatawer.com/sa/furniture-moving-packaging-riyadh/,duplicate_similar,مجموعة مقالات شبه متطابقة في الصياغة
8,شركة نقل أثاث داخلي بأبها | شركة نقل أثاث داخلي بالطائف | شركة نقل أثاث داخلي بالخبر | شركة نقل أثاث داخلي بالدمام | شركة نقل أثاث داخلي بالمدينة المنورة | شركة نقل أثاث داخلي بمكة المكرمة | شركة نقل أثاث داخلي بجدة | شركة نقل أثاث داخلي بالرياض,https://www.rukn-eltatawer.com/sa/indoor-moving-abha/ https://www.rukn-eltatawer.com/sa/indoor-moving-taif/ https://www.rukn-eltatawer.com/sa/indoor-moving-khobar/ https://www.rukn-eltatawer.com/sa/indoor-moving-dammam/ https://www.rukn-eltatawer.com/sa/indoor-moving-medina/ https://www.rukn-eltatawer.com/sa/indoor-moving-mecca/ https://www.rukn-eltatawer.com/sa/indoor-moving-jeddah/ https://www.rukn-eltatawer.com/sa/indoor-moving-riyadh/,duplicate_similar,مجموعة مقالات شبه متطابقة في الصياغة
8,شركة نقل أثاث خارجي بأبها | شركة نقل أثاث خارجي بالطائف | شركة نقل أثاث خارجي بالخبر | شركة نقل أثاث خارجي بالدمام | شركة نقل أثاث خارجي بالمدينة المنورة | شركة نقل أثاث خارجي بمكة المكرمة | شركة نقل أثاث خارجي بجدة | شركة نقل أثاث خارجي بالرياض,https://www.rukn-eltatawer.com/sa/outdoor-moving-abha/ https://www.rukn-eltatawer.com/sa/outdoor-moving-taif/ https://www.rukn-eltatawer.com/sa/outdoor-moving-khobar/ https://www.rukn-eltatawer.com/sa/outdoor-moving-dammam/ https://www.rukn-eltatawer.com/sa/outdoor-moving-medina/ https://www.rukn-eltatawer.com/sa/outdoor-moving-mecca/ https://www.rukn-eltatawer.com/sa/outdoor-moving-jeddah/ https://www.rukn-eltatawer.com/sa/outdoor-moving-riyadh/,duplicate_similar,مجموعة مقالات شبه متطابقة في الصياغة
8,شركة كهربائي طوارئ 24 ساعة بأبها | شركة كهربائي طوارئ 24 ساعة بالطائف | شركة كهربائي طوارئ 24 ساعة بالخبر | شركة كهربائي طوارئ 24 ساعة بالدمام | شركة كهربائي طوارئ 24 ساعة بالمدينة المنورة | شركة كهربائي طوارئ 24 ساعة بمكة المكرمة | شركة كهربائي طوارئ 24 ساعة بجدة | شركة كهربائي طوارئ 24 ساعة بالرياض,https://www.rukn-eltatawer.com/sa/24h-emergency-electrician-abha/ https://www.rukn-eltatawer.com/sa/24h-emergency-electrician-taif/ https://www.rukn-eltatawer.com/sa/24h-emergency-electrician-khobar/ https://www.rukn-eltatawer.com/sa/24h-emergency-electrician-dammam/ https://www.rukn-eltatawer.com/sa/24h-emergency-electrician-medina/ https://www.rukn-eltatawer.com/sa/24h-emergency-electrician-mecca/ https://www.rukn-eltatawer.com/sa/24h-emergency-electrician-jeddah/ https://www.rukn-eltatawer.com/sa/24h-emergency-electrician-riyadh/,duplicate_similar,مجموعة مقالات شبه متطابقة في الصياغة
8,شركة كشف أعطال كهرباء بأبها | شركة كشف أعطال كهرباء بالطائف | شركة كشف أعطال كهرباء بالخبر | شركة كشف أعطال كهرباء بالدمام | شركة كشف أعطال كهرباء بالمدينة المنورة | شركة كشف أعطال كهرباء بمكة المكرمة | شركة كشف أعطال كهرباء بجدة | شركة كشف أعطال كهرباء بالرياض,https://www.rukn-eltatawer.com/sa/electrical-fault-detection-abha/ https://www.rukn-eltatawer.com/sa/electrical-fault-detection-taif/ https://www.rukn-eltatawer.com/sa/electrical-fault-detection-khobar/ https://www.rukn-eltatawer.com/sa/electrical-fault-detection-dammam/ https://www.rukn-eltatawer.com/sa/electrical-fault-detection-medina/ https://www.rukn-eltatawer.com/sa/electrical-fault-detection-mecca/ https://www.rukn-eltatawer.com/sa/electrical-fault-detection-jeddah/ https://www.rukn-eltatawer.com/sa/electrical-fault-detection-riyadh/,duplicate_similar,مجموعة مقالات شبه متطابقة في الصياغة
8,شركة صيانة مكانس كهربائية بأبها | شركة صيانة مكانس كهربائية بالطائف | شركة صيانة مكانس كهربائية بالخبر | شركة صيانة مكانس كهربائية بالدمام | شركة صيانة مكانس كهربائية بالمدينة المنورة | شركة صيانة مكانس كهربائية بمكة المكرمة | شركة صيانة مكانس كهربائية بجدة | شركة صيانة مكانس كهربائية بالرياض,https://www.rukn-eltatawer.com/sa/vacuum-maintenance-abha/ https://www.rukn-eltatawer.com/sa/vacuum-maintenance-taif/ https://www.rukn-eltatawer.com/sa/vacuum-maintenance-khobar/ https://www.rukn-eltatawer.com/sa/vacuum-maintenance-dammam/ https://www.rukn-eltatawer.com/sa/vacuum-maintenance-medina/ https://www.rukn-eltatawer.com/sa/vacuum-maintenance-mecca/ https://www.rukn-eltatawer.com/sa/vacuum-maintenance-jeddah/ https://www.rukn-eltatawer.com/sa/vacuum-maintenance-riyadh/,duplicate_similar,مجموعة مقالات شبه متطابقة في الصياغة
8,شركة صيانة الأجهزة الكهربائية بأبها | شركة صيانة الأجهزة الكهربائية بالطائف | شركة صيانة الأجهزة الكهربائية بالخبر | شركة صيانة الأجهزة الكهربائية بالدمام | شركة صيانة الأجهزة الكهربائية بالمدينة المنورة | شركة صيانة الأجهزة الكهربائية بمكة المكرمة | شركة صيانة الأجهزة الكهربائية بجدة | شركة صيانة الأجهزة الكهربائية بالرياض,https://www.rukn-eltatawer.com/sa/appliance-maintenance-abha/ https://www.rukn-eltatawer.com/sa/appliance-maintenance-taif/ https://www.rukn-eltatawer.com/sa/appliance-maintenance-khobar/ https://www.rukn-eltatawer.com/sa/appliance-maintenance-dammam/ https://www.rukn-eltatawer.com/sa/appliance-maintenance-medina/ https://www.rukn-eltatawer.com/sa/appliance-maintenance-mecca/ https://www.rukn-eltatawer.com/sa/appliance-maintenance-jeddah/ https://www.rukn-eltatawer.com/sa/appliance-maintenance-riyadh/,duplicate_similar,مجموعة مقالات شبه متطابقة في الصياغة
8,شركة رش بويات كهربائي بأبها | شركة رش بويات كهربائي بالطائف | شركة رش بويات كهربائي بالخبر | شركة رش بويات كهربائي بالدمام | شركة رش بويات كهربائي بالمدينة المنورة | شركة رش بويات كهربائي بمكة المكرمة | شركة رش بويات كهربائي بجدة | شركة رش بويات كهربائي بالرياض,https://www.rukn-eltatawer.com/sa/electric-spray-painting-abha/ https://www.rukn-eltatawer.com/sa/electric-spray-painting-taif/ https://www.rukn-eltatawer.com/sa/electric-spray-painting-khobar/ https://www.rukn-eltatawer.com/sa/electric-spray-painting-dammam/ https://www.rukn-eltatawer.com/sa/electric-spray-painting-medina/ https://www.rukn-eltatawer.com/sa/electric-spray-painting-mecca/ https://www.rukn-eltatawer.com/sa/electric-spray-painting-jeddah/ https://www.rukn-eltatawer.com/sa/electric-spray-painting-riyadh/,duplicate_similar,مجموعة مقالات شبه متطابقة في الصياغة
8,شركة تمديدات كهربائية جديدة بأبها | شركة تمديدات كهربائية جديدة بالطائف | شركة تمديدات كهربائية جديدة بالخبر | شركة تمديدات كهربائية جديدة بالدمام | شركة تمديدات كهربائية جديدة بالمدينة المنورة | شركة تمديدات كهربائية جديدة بمكة المكرمة | شركة تمديدات كهربائية جديدة بجدة | شركة تمديدات كهربائية جديدة بالرياض,https://www.rukn-eltatawer.com/sa/new-electrical-wiring-abha/ https://www.rukn-eltatawer.com/sa/new-electrical-wiring-taif/ https://www.rukn-eltatawer.com/sa/new-electrical-wiring-khobar/ https://www.rukn-eltatawer.com/sa/new-electrical-wiring-dammam/ https://www.rukn-eltatawer.com/sa/new-electrical-wiring-medina/ https://www.rukn-eltatawer.com/sa/new-electrical-wiring-mecca/ https://www.rukn-eltatawer.com/sa/new-electrical-wiring-jeddah/ https://www.rukn-eltatawer.com/sa/new-electrical-wiring-riyadh/,duplicate_similar,مجموعة مقالات شبه متطابقة في الصياغة
8,شركة تركيب إنارة داخلية وخارجية بأبها | شركة تركيب إنارة داخلية وخارجية بالطائف | شركة تركيب إنارة داخلية وخارجية بالخبر | شركة تركيب إنارة داخلية وخارجية بالدمام | شركة تركيب إنارة داخلية وخارجية بالمدينة المنورة | شركة تركيب إنارة داخلية وخارجية بمكة المكرمة | شركة تركيب إنارة داخلية وخارجية بجدة | شركة تركيب إنارة داخلية وخارجية بالرياض,https://www.rukn-eltatawer.com/sa/indoor-outdoor-lighting-installation-abha/ https://www.rukn-eltatawer.com/sa/indoor-outdoor-lighting-installation-taif/ https://www.rukn-eltatawer.com/sa/indoor-outdoor-lighting-installation-khobar/ https://www.rukn-eltatawer.com/sa/indoor-outdoor-lighting-installation-dammam/ https://www.rukn-eltatawer.com/sa/indoor-outdoor-lighting-installation-medina/ https://www.rukn-eltatawer.com/sa/indoor-outdoor-lighting-installation-mecca/ https://www.rukn-eltatawer.com/sa/indoor-outdoor-lighting-installation-jeddah/ https://www.rukn-eltatawer.com/sa/indoor-outdoor-lighting-installation-riyadh/,duplicate_similar,مجموعة مقالات شبه متطابقة في الصياغة
8,فني تركيب وصيانة تكييف بأبها | فني تركيب وصيانة تكييف بالطائف | فني تركيب وصيانة تكييف بالخبر | فني تركيب وصيانة تكييف بالدمام | فني تركيب وصيانة تكييف بالمدينة المنورة | فني تركيب وصيانة تكييف بمكة المكرمة | فني تركيب وصيانة تكييف بجدة | فني تركيب وصيانة تكييف بالرياض,https://www.rukn-eltatawer.com/sa/ac-tech-abha/ https://www.rukn-eltatawer.com/sa/ac-tech-taif/ https://www.rukn-eltatawer.com/sa/ac-tech-khobar/ https://www.rukn-eltatawer.com/sa/ac-tech-dammam/ https://www.rukn-eltatawer.com/sa/ac-tech-medina/ https://www.rukn-eltatawer.com/sa/ac-tech-mecca/ https://www.rukn-eltatawer.com/sa/ac-tech-jeddah/ https://www.rukn-eltatawer.com/sa/ac-tech-riyadh/,duplicate_similar,مجموعة مقالات شبه متطابقة في الصياغة
8,شركة تسليك مجاري بأبها | شركة تسليك مجاري بالطائف | شركة تسليك مجاري بالخبر | شركة تسليك مجاري بالدمام | شركة تسليك مجاري بالمدينة المنورة | شركة تسليك مجاري بمكة المكرمة | شركة تسليك مجاري بجدة | شركة تسليك مجاري بالرياض,https://www.rukn-eltatawer.com/sa/drain-unclogging-abha/ https://www.rukn-eltatawer.com/sa/drain-unclogging-taif/ https://www.rukn-eltatawer.com/sa/drain-unclogging-khobar/ https://www.rukn-eltatawer.com/sa/drain-unclogging-dammam/ https://www.rukn-eltatawer.com/sa/drain-unclogging-medina/ https://www.rukn-eltatawer.com/sa/drain-unclogging-mecca/ https://www.rukn-eltatawer.com/sa/drain-unclogging-jeddah/ https://www.rukn-eltatawer.com/sa/drain-unclogging-riyadh/,duplicate_similar,مجموعة مقالات شبه متطابقة في الصياغة
8,شركة كشف وإصلاح أعطال السباكة بأبها | شركة كشف وإصلاح أعطال السباكة بالطائف | شركة كشف وإصلاح أعطال السباكة بالخبر | شركة كشف وإصلاح أعطال السباكة بالدمام | شركة كشف وإصلاح أعطال السباكة بالمدينة المنورة | شركة كشف وإصلاح أعطال السباكة بمكة المكرمة | شركة كشف وإصلاح أعطال السباكة بجدة | شركة كشف وإصلاح أعطال السباكة بالرياض,https://www.rukn-eltatawer.com/sa/plumbing-fault-repair-abha/ https://www.rukn-eltatawer.com/sa/plumbing-fault-repair-taif/ https://www.rukn-eltatawer.com/sa/plumbing-fault-repair-khobar/ https://www.rukn-eltatawer.com/sa/plumbing-fault-repair-dammam/ https://www.rukn-eltatawer.com/sa/plumbing-fault-repair-medina/ https://www.rukn-eltatawer.com/sa/plumbing-fault-repair-mecca/ https://www.rukn-eltatawer.com/sa/plumbing-fault-repair-jeddah/ https://www.rukn-eltatawer.com/sa/plumbing-fault-repair-riyadh/,duplicate_similar,مجموعة مقالات شبه متطابقة في الصياغة
8,شركة صيانة مواسير صرف صحي بأبها | شركة صيانة مواسير صرف صحي بالطائف | شركة صيانة مواسير صرف صحي بالخبر | شركة صيانة مواسير صرف صحي بالدمام | شركة صيانة مواسير صرف صحي بالمدينة المنورة | شركة صيانة مواسير صرف صحي بمكة المكرمة | شركة صيانة مواسير صرف صحي بجدة | شركة صيانة مواسير صرف صحي بالرياض,https://www.rukn-eltatawer.com/sa/drainage-pipe-maintenance-abha/ https://www.rukn-eltatawer.com/sa/drainage-pipe-maintenance-taif/ https://www.rukn-eltatawer.com/sa/drainage-pipe-maintenance-khobar/ https://www.rukn-eltatawer.com/sa/drainage-pipe-maintenance-dammam/ https://www.rukn-eltatawer.com/sa/drainage-pipe-maintenance-medina/ https://www.rukn-eltatawer.com/sa/drainage-pipe-maintenance-mecca/ https://www.rukn-eltatawer.com/sa/drainage-pipe-maintenance-jeddah/ https://www.rukn-eltatawer.com/sa/drainage-pipe-maintenance-riyadh/,duplicate_similar,مجموعة مقالات شبه متطابقة في الصياغة
8,شركة صيانة مضخات مياه بأبها | شركة صيانة مضخات مياه بالطائف | شركة صيانة مضخات مياه بالخبر | شركة صيانة مضخات مياه بالدمام | شركة صيانة مضخات مياه بالمدينة المنورة | شركة صيانة مضخات مياه بمكة المكرمة | شركة صيانة مضخات مياه بجدة | شركة صيانة مضخات مياه بالرياض,https://www.rukn-eltatawer.com/sa/water-pump-maintenance-abha/ https://www.rukn-eltatawer.com/sa/water-pump-maintenance-taif/ https://www.rukn-eltatawer.com/sa/water-pump-maintenance-khobar/ https://www.rukn-eltatawer.com/sa/water-pump-maintenance-dammam/ https://www.rukn-eltatawer.com/sa/water-pump-maintenance-medina/ https://www.rukn-eltatawer.com/sa/water-pump-maintenance-mecca/ https://www.rukn-eltatawer.com/sa/water-pump-maintenance-jeddah/ https://www.rukn-eltatawer.com/sa/water-pump-maintenance-riyadh/,duplicate_similar,مجموعة مقالات شبه متطابقة في الصياغة
8,شركة صيانة سخانات بأبها | شركة صيانة سخانات بالطائف | شركة صيانة سخانات بالخبر | شركة صيانة سخانات بالدمام | شركة صيانة سخانات بالمدينة المنورة | شركة صيانة سخانات بمكة المكرمة | شركة صيانة سخانات بجدة | شركة صيانة سخانات بالرياض,https://www.rukn-eltatawer.com/sa/water-heater-maintenance-abha/ https://www.rukn-eltatawer.com/sa/water-heater-maintenance-taif/ https://www.rukn-eltatawer.com/sa/water-heater-maintenance-khobar/ https://www.rukn-eltatawer.com/sa/water-heater-maintenance-dammam/ https://www.rukn-eltatawer.com/sa/water-heater-maintenance-medina/ https://www.rukn-eltatawer.com/sa/water-heater-maintenance-mecca/ https://www.rukn-eltatawer.com/sa/water-heater-maintenance-jeddah/ https://www.rukn-eltatawer.com/sa/water-heater-maintenance-riyadh/,duplicate_similar,مجموعة مقالات شبه متطابقة في الصياغة
8,شركة صيانة سباكة بأبها | شركة صيانة سباكة بالطائف | شركة صيانة سباكة بالخبر | شركة صيانة سباكة بالدمام | شركة صيانة سباكة بالمدينة المنورة | شركة صيانة سباكة بمكة المكرمة | شركة صيانة سباكة بجدة | شركة صيانة سباكة بالرياض,https://www.rukn-eltatawer.com/sa/plumbing-maintenance-abha/ https://www.rukn-eltatawer.com/sa/plumbing-maintenance-taif/ https://www.rukn-eltatawer.com/sa/plumbing-maintenance-khobar/ https://www.rukn-eltatawer.com/sa/plumbing-maintenance-dammam/ https://www.rukn-eltatawer.com/sa/plumbing-maintenance-medina/ https://www.rukn-eltatawer.com/sa/plumbing-maintenance-mecca/ https://www.rukn-eltatawer.com/sa/plumbing-maintenance-jeddah/ https://www.rukn-eltatawer.com/sa/plumbing-maintenance-riyadh/,duplicate_similar,مجموعة مقالات شبه متطابقة في الصياغة
8,شركة تركيب وصيانة مضخات مياه وصرف صحي بأبها | شركة تركيب وصيانة مضخات مياه وصرف صحي بالطائف | شركة تركيب وصيانة مضخات مياه وصرف صحي بالخبر | شركة تركيب وصيانة مضخات مياه وصرف صحي بالدمام | شركة تركيب وصيانة مضخات مياه وصرف صحي بالمدينة المنورة | شركة تركيب وصيانة مضخات مياه وصرف صحي بمكة المكرمة | شركة تركيب وصيانة مضخات مياه وصرف صحي بجدة | شركة تركيب وصيانة مضخات مياه وصرف صحي بالرياض,https://www.rukn-eltatawer.com/sa/water-pumps-abha/ https://www.rukn-eltatawer.com/sa/water-pumps-taif/ https://www.rukn-eltatawer.com/sa/water-pumps-khobar/ https://www.rukn-eltatawer.com/sa/water-pumps-dammam/ https://www.rukn-eltatawer.com/sa/water-pumps-medina/ https://www.rukn-eltatawer.com/sa/water-pumps-mecca/ https://www.rukn-eltatawer.com/sa/water-pumps-jeddah/ https://www.rukn-eltatawer.com/sa/water-pumps-riyadh/,duplicate_similar,مجموعة مقالات شبه متطابقة في الصياغة
8,شركة تركيب وصيانة سخانات مركزية بأبها | شركة تركيب وصيانة سخانات مركزية بالطائف | شركة تركيب وصيانة سخانات مركزية بالخبر | شركة تركيب وصيانة سخانات مركزية بالدمام | شركة تركيب وصيانة سخانات مركزية بالمدينة المنورة | شركة تركيب وصيانة سخانات مركزية بمكة المكرمة | شركة تركيب وصيانة سخانات مركزية بجدة | شركة تركيب وصيانة سخانات مركزية بالرياض,https://www.rukn-eltatawer.com/sa/central-heater-installation-maintenance-abha/ https://www.rukn-eltatawer.com/sa/central-heater-installation-maintenance-taif/ https://www.rukn-eltatawer.com/sa/central-heater-installation-maintenance-khobar/ https://www.rukn-eltatawer.com/sa/central-heater-installation-maintenance-dammam/ https://www.rukn-eltatawer.com/sa/central-heater-installation-maintenance-medina/ https://www.rukn-eltatawer.com/sa/central-heater-installation-maintenance-mecca/ https://www.rukn-eltatawer.com/sa/central-heater-installation-maintenance-jeddah/ https://www.rukn-eltatawer.com/sa/central-heater-installation-maintenance-riyadh/,duplicate_similar,مجموعة مقالات شبه متطابقة في الصياغة
8,شركة تركيب سخانات مياه بأبها | شركة تركيب سخانات مياه بالطائف | شركة تركيب سخانات مياه بالخبر | شركة تركيب سخانات مياه بالدمام | شركة تركيب سخانات مياه بالمدينة المنورة | شركة تركيب سخانات مياه بمكة المكرمة | شركة تركيب سخانات مياه بجدة | شركة تركيب سخانات مياه بالرياض,https://www.rukn-eltatawer.com/sa/water-heater-installation-abha/ https://www.rukn-eltatawer.com/sa/water-heater-installation-taif/ https://www.rukn-eltatawer.com/sa/water-heater-installation-khobar/ https://www.rukn-eltatawer.com/sa/water-heater-installation-dammam/ https://www.rukn-eltatawer.com/sa/water-heater-installation-medina/ https://www.rukn-eltatawer.com/sa/water-heater-installation-mecca/ https://www.rukn-eltatawer.com/sa/water-heater-installation-jeddah/ https://www.rukn-eltatawer.com/sa/water-heater-installation-riyadh/,duplicate_similar,مجموعة مقالات شبه متطابقة في الصياغة
8,شركة تركيب سخانات طاقة شمسية بأبها | شركة تركيب سخانات طاقة شمسية بالطائف | شركة تركيب سخانات طاقة شمسية بالخبر | شركة تركيب سخانات طاقة شمسية بالدمام | شركة تركيب سخانات طاقة شمسية بالمدينة المنورة | شركة تركيب سخانات طاقة شمسية بمكة المكرمة | شركة تركيب سخانات طاقة شمسية بجدة | شركة تركيب سخانات طاقة شمسية بالرياض,https://www.rukn-eltatawer.com/sa/solar-water-heaters-abha/ https://www.rukn-eltatawer.com/sa/solar-water-heaters-taif/ https://www.rukn-eltatawer.com/sa/solar-water-heaters-khobar/ https://www.rukn-eltatawer.com/sa/solar-water-heaters-dammam/ https://www.rukn-eltatawer.com/sa/solar-water-heaters-medina/ https://www.rukn-eltatawer.com/sa/solar-water-heaters-mecca/ https://www.rukn-eltatawer.com/sa/solar-water-heaters-jeddah/ https://www.rukn-eltatawer.com/sa/solar-water-heaters-riyadh/,duplicate_similar,مجموعة مقالات شبه متطابقة في الصياغة
8,شركة تأسيس كهرباء وسباكة لمبنى جديد بأبها | شركة تأسيس كهرباء وسباكة لمبنى جديد بالطائف | شركة تأسيس كهرباء وسباكة لمبنى جديد بالخبر | شركة تأسيس كهرباء وسباكة لمبنى جديد بالدمام | شركة تأسيس كهرباء وسباكة لمبنى جديد بالمدينة المنورة | شركة تأسيس كهرباء وسباكة لمبنى جديد بمكة المكرمة | شركة تأسيس كهرباء وسباكة لمبنى جديد بجدة | شركة تأسيس كهرباء وسباكة لمبنى جديد بالرياض,https://www.rukn-eltatawer.com/sa/new-building-electrical-plumbing-abha/ https://www.rukn-eltatawer.com/sa/new-building-electrical-plumbing-taif/ https://www.rukn-eltatawer.com/sa/new-building-electrical-plumbing-khobar/ https://www.rukn-eltatawer.com/sa/new-building-electrical-plumbing-dammam/ https://www.rukn-eltatawer.com/sa/new-building-electrical-plumbing-medina/ https://www.rukn-eltatawer.com/sa/new-building-electrical-plumbing-mecca/ https://www.rukn-eltatawer.com/sa/new-building-electrical-plumbing-jeddah/ https://www.rukn-eltatawer.com/sa/new-building-electrical-plumbing-riyadh/,duplicate_similar,مجموعة مقالات شبه متطابقة في الصياغة
8,شركة غسيل وتنظيف مكيفات بأبها | شركة غسيل وتنظيف مكيفات بالطائف | شركة غسيل وتنظيف مكيفات بالخبر | شركة غسيل وتنظيف مكيفات بالدمام | شركة غسيل وتنظيف مكيفات بالمدينة المنورة | شركة غسيل وتنظيف مكيفات بمكة المكرمة | شركة غسيل وتنظيف مكيفات بجدة | شركة غسيل وتنظيف مكيفات بالرياض,https://www.rukn-eltatawer.com/sa/ac-cleaning-washing-abha/ https://www.rukn-eltatawer.com/sa/ac-cleaning-washing-taif/ https://www.rukn-eltatawer.com/sa/ac-cleaning-washing-khobar/ https://www.rukn-eltatawer.com/sa/ac-cleaning-washing-dammam/ https://www.rukn-eltatawer.com/sa/ac-cleaning-washing-medina/ https://www.rukn-eltatawer.com/sa/ac-cleaning-washing-mecca/ https://www.rukn-eltatawer.com/sa/ac-cleaning-washing-jeddah/ https://www.rukn-eltatawer.com/sa/ac-cleaning-washing-riyadh/,duplicate_similar,مجموعة مقالات شبه متطابقة في الصياغة
8,شركة عقود صيانة تكييف دورية بأبها | شركة عقود صيانة تكييف دورية بالطائف | شركة عقود صيانة تكييف دورية بالخبر | شركة عقود صيانة تكييف دورية بالدمام | شركة عقود صيانة تكييف دورية بالمدينة المنورة | شركة عقود صيانة تكييف دورية بمكة المكرمة | شركة عقود صيانة تكييف دورية بجدة | شركة عقود صيانة تكييف دورية بالرياض,https://www.rukn-eltatawer.com/sa/ac-periodic-maintenance-contracts-abha/ https://www.rukn-eltatawer.com/sa/ac-periodic-maintenance-contracts-taif/ https://www.rukn-eltatawer.com/sa/ac-periodic-maintenance-contracts-khobar/ https://www.rukn-eltatawer.com/sa/ac-periodic-maintenance-contracts-dammam/ https://www.rukn-eltatawer.com/sa/ac-periodic-maintenance-contracts-medina/ https://www.rukn-eltatawer.com/sa/ac-periodic-maintenance-contracts-mecca/ https://www.rukn-eltatawer.com/sa/ac-periodic-maintenance-contracts-jeddah/ https://www.rukn-eltatawer.com/sa/ac-periodic-maintenance-contracts-riyadh/,duplicate_similar,مجموعة مقالات شبه متطابقة في الصياغة
8,شركة صيانة مكيفات سبليت بأبها | شركة صيانة مكيفات سبليت بالطائف | شركة صيانة مكيفات سبليت بالخبر | شركة صيانة مكيفات سبليت بالدمام | شركة صيانة مكيفات سبليت بالمدينة المنورة | شركة صيانة مكيفات سبليت بمكة المكرمة | شركة صيانة مكيفات سبليت بجدة | شركة صيانة مكيفات سبليت بالرياض,https://www.rukn-eltatawer.com/sa/split-ac-maintenance-abha/ https://www.rukn-eltatawer.com/sa/split-ac-maintenance-taif/ https://www.rukn-eltatawer.com/sa/split-ac-maintenance-khobar/ https://www.rukn-eltatawer.com/sa/split-ac-maintenance-dammam/ https://www.rukn-eltatawer.com/sa/split-ac-maintenance-medina/ https://www.rukn-eltatawer.com/sa/split-ac-maintenance-mecca/ https://www.rukn-eltatawer.com/sa/split-ac-maintenance-jeddah/ https://www.rukn-eltatawer.com/sa/split-ac-maintenance-riyadh/,duplicate_similar,مجموعة مقالات شبه متطابقة في الصياغة
8,شركة صيانة دكتات التكييف بأبها | شركة صيانة دكتات التكييف بالطائف | شركة صيانة دكتات التكييف بالخبر | شركة صيانة دكتات التكييف بالدمام | شركة صيانة دكتات التكييف بالمدينة المنورة | شركة صيانة دكتات التكييف بمكة المكرمة | شركة صيانة دكتات التكييف بجدة | شركة صيانة دكتات التكييف بالرياض,https://www.rukn-eltatawer.com/sa/ac-duct-maintenance-abha/ https://www.rukn-eltatawer.com/sa/ac-duct-maintenance-taif/ https://www.rukn-eltatawer.com/sa/ac-duct-maintenance-khobar/ https://www.rukn-eltatawer.com/sa/ac-duct-maintenance-dammam/ https://www.rukn-eltatawer.com/sa/ac-duct-maintenance-medina/ https://www.rukn-eltatawer.com/sa/ac-duct-maintenance-mecca/ https://www.rukn-eltatawer.com/sa/ac-duct-maintenance-jeddah/ https://www.rukn-eltatawer.com/sa/ac-duct-maintenance-riyadh/,duplicate_similar,مجموعة مقالات شبه متطابقة في الصياغة
8,شركة صيانة تكييف مركزي بأبها | شركة صيانة تكييف مركزي بالطائف | شركة صيانة تكييف مركزي بالخبر | شركة صيانة تكييف مركزي بالدمام | شركة صيانة تكييف مركزي بالمدينة المنورة | شركة صيانة تكييف مركزي بمكة المكرمة | شركة صيانة تكييف مركزي بجدة | شركة صيانة تكييف مركزي بالرياض,https://www.rukn-eltatawer.com/sa/central-ac-maintenance-abha/ https://www.rukn-eltatawer.com/sa/central-ac-maintenance-taif/ https://www.rukn-eltatawer.com/sa/central-ac-maintenance-khobar/ https://www.rukn-eltatawer.com/sa/central-ac-maintenance-dammam/ https://www.rukn-eltatawer.com/sa/central-ac-maintenance-medina/ https://www.rukn-eltatawer.com/sa/central-ac-maintenance-mecca/ https://www.rukn-eltatawer.com/sa/central-ac-maintenance-jeddah/ https://www.rukn-eltatawer.com/sa/central-ac-maintenance-riyadh/,duplicate_similar,مجموعة مقالات شبه متطابقة في الصياغة
8,شركة تعبئة فريون مكيفات بأبها | شركة تعبئة فريون مكيفات بالطائف | شركة تعبئة فريون مكيفات بالخبر | شركة تعبئة فريون مكيفات بالدمام | شركة تعبئة فريون مكيفات بالمدينة المنورة | شركة تعبئة فريون مكيفات بمكة المكرمة | شركة تعبئة فريون مكيفات بجدة | شركة تعبئة فريون مكيفات بالرياض,https://www.rukn-eltatawer.com/sa/ac-freon-refill-abha/ https://www.rukn-eltatawer.com/sa/ac-freon-refill-taif/ https://www.rukn-eltatawer.com/sa/ac-freon-refill-khobar/ https://www.rukn-eltatawer.com/sa/ac-freon-refill-dammam/ https://www.rukn-eltatawer.com/sa/ac-freon-refill-medina/ https://www.rukn-eltatawer.com/sa/ac-freon-refill-mecca/ https://www.rukn-eltatawer.com/sa/ac-freon-refill-jeddah/ https://www.rukn-eltatawer.com/sa/ac-freon-refill-riyadh/,duplicate_similar,مجموعة مقالات شبه متطابقة في الصياغة
8,شركة تركيب وحدات تكييف نافذة بأبها | شركة تركيب وحدات تكييف نافذة بالطائف | شركة تركيب وحدات تكييف نافذة بالخبر | شركة تركيب وحدات تكييف نافذة بالدمام | شركة تركيب وحدات تكييف نافذة بالمدينة المنورة | شركة تركيب وحدات تكييف نافذة بمكة المكرمة | شركة تركيب وحدات تكييف نافذة بجدة | شركة تركيب وحدات تكييف نافذة بالرياض,https://www.rukn-eltatawer.com/sa/window-ac-installation-abha/ https://www.rukn-eltatawer.com/sa/window-ac-installation-taif/ https://www.rukn-eltatawer.com/sa/window-ac-installation-khobar/ https://www.rukn-eltatawer.com/sa/window-ac-installation-dammam/ https://www.rukn-eltatawer.com/sa/window-ac-installation-medina/ https://www.rukn-eltatawer.com/sa/window-ac-installation-mecca/ https://www.rukn-eltatawer.com/sa/window-ac-installation-jeddah/ https://www.rukn-eltatawer.com/sa/window-ac-installation-riyadh/,duplicate_similar,مجموعة مقالات شبه متطابقة في الصياغة
8,شركة تركيب مكيفات سبليت بأبها | شركة تركيب مكيفات سبليت بالطائف | شركة تركيب مكيفات سبليت بالخبر | شركة تركيب مكيفات سبليت بالدمام | شركة تركيب مكيفات سبليت بالمدينة المنورة | شركة تركيب مكيفات سبليت بمكة المكرمة | شركة تركيب مكيفات سبليت بجدة | شركة تركيب مكيفات سبليت بالرياض,https://www.rukn-eltatawer.com/sa/split-ac-installation-abha/ https://www.rukn-eltatawer.com/sa/split-ac-installation-taif/ https://www.rukn-eltatawer.com/sa/split-ac-installation-khobar/ https://www.rukn-eltatawer.com/sa/split-ac-installation-dammam/ https://www.rukn-eltatawer.com/sa/split-ac-installation-medina/ https://www.rukn-eltatawer.com/sa/split-ac-installation-mecca/ https://www.rukn-eltatawer.com/sa/split-ac-installation-jeddah/ https://www.rukn-eltatawer.com/sa/split-ac-installation-riyadh/,duplicate_similar,مجموعة مقالات شبه متطابقة في الصياغة
8,شركة تركيب تكييف مركزي جديد بأبها | شركة تركيب تكييف مركزي جديد بالطائف | شركة تركيب تكييف مركزي جديد بالخبر | شركة تركيب تكييف مركزي جديد بالدمام | شركة تركيب تكييف مركزي جديد بالمدينة المنورة | شركة تركيب تكييف مركزي جديد بمكة المكرمة | شركة تركيب تكييف مركزي جديد بجدة | شركة تركيب تكييف مركزي جديد بالرياض,https://www.rukn-eltatawer.com/sa/new-central-ac-installation-abha/ https://www.rukn-eltatawer.com/sa/new-central-ac-installation-taif/ https://www.rukn-eltatawer.com/sa/new-central-ac-installation-khobar/ https://www.rukn-eltatawer.com/sa/new-central-ac-installation-dammam/ https://www.rukn-eltatawer.com/sa/new-central-ac-installation-medina/ https://www.rukn-eltatawer.com/sa/new-central-ac-installation-mecca/ https://www.rukn-eltatawer.com/sa/new-central-ac-installation-jeddah/ https://www.rukn-eltatawer.com/sa/new-central-ac-installation-riyadh/,duplicate_similar,مجموعة مقالات شبه متطابقة في الصياغة
8,شركة تركيب أجهزة تكييف طاقة شمسية بأبها | شركة تركيب أجهزة تكييف طاقة شمسية بالطائف | شركة تركيب أجهزة تكييف طاقة شمسية بالخبر | شركة تركيب أجهزة تكييف طاقة شمسية بالدمام | شركة تركيب أجهزة تكييف طاقة شمسية بالمدينة المنورة | شركة تركيب أجهزة تكييف طاقة شمسية بمكة المكرمة | شركة تركيب أجهزة تكييف طاقة شمسية بجدة | شركة تركيب أجهزة تكييف طاقة شمسية بالرياض,https://www.rukn-eltatawer.com/sa/solar-ac-installation-abha/ https://www.rukn-eltatawer.com/sa/solar-ac-installation-taif/ https://www.rukn-eltatawer.com/sa/solar-ac-installation-khobar/ https://www.rukn-eltatawer.com/sa/solar-ac-installation-dammam/ https://www.rukn-eltatawer.com/sa/solar-ac-installation-medina/ https://www.rukn-eltatawer.com/sa/solar-ac-installation-mecca/ https://www.rukn-eltatawer.com/sa/solar-ac-installation-jeddah/ https://www.rukn-eltatawer.com/sa/solar-ac-installation-riyadh/,duplicate_similar,مجموعة مقالات شبه متطابقة في الصياغة
8,شركة مكافحة النمل الأسود والأحمر بأبها | شركة مكافحة النمل الأسود والأحمر بالطائف | شركة مكافحة النمل الأسود والأحمر بالخبر | شركة مكافحة النمل الأسود والأحمر بالدمام | شركة مكافحة النمل الأسود والأحمر بالمدينة المنورة | شركة مكافحة النمل الأسود والأحمر بمكة المكرمة | شركة مكافحة النمل الأسود والأحمر بجدة | شركة مكافحة النمل الأسود والأحمر بالرياض,https://www.rukn-eltatawer.com/sa/ant-control-abha/ https://www.rukn-eltatawer.com/sa/ant-control-taif/ https://www.rukn-eltatawer.com/sa/ant-control-khobar/ https://www.rukn-eltatawer.com/sa/ant-control-dammam/ https://www.rukn-eltatawer.com/sa/ant-control-medina/ https://www.rukn-eltatawer.com/sa/ant-control-mecca/ https://www.rukn-eltatawer.com/sa/ant-control-jeddah/ https://www.rukn-eltatawer.com/sa/ant-control-riyadh/,duplicate_similar,مجموعة مقالات شبه متطابقة في الصياغة
8,شركة مكافحة النمل الأبيض (الرمة) بأبها | شركة مكافحة النمل الأبيض (الرمة) بالطائف | شركة مكافحة النمل الأبيض (الرمة) بالخبر | شركة مكافحة النمل الأبيض (الرمة) بالدمام | شركة مكافحة النمل الأبيض (الرمة) بالمدينة المنورة | شركة مكافحة النمل الأبيض (الرمة) بمكة المكرمة | شركة مكافحة النمل الأبيض (الرمة) بجدة | شركة مكافحة النمل الأبيض (الرمة) بالرياض,https://www.rukn-eltatawer.com/sa/termite-control-abha/ https://www.rukn-eltatawer.com/sa/termite-control-taif/ https://www.rukn-eltatawer.com/sa/termite-control-khobar/ https://www.rukn-eltatawer.com/sa/termite-control-dammam/ https://www.rukn-eltatawer.com/sa/termite-control-medina/ https://www.rukn-eltatawer.com/sa/termite-control-mecca/ https://www.rukn-eltatawer.com/sa/termite-control-jeddah/ https://www.rukn-eltatawer.com/sa/termite-control-riyadh/,duplicate_similar,مجموعة مقالات شبه متطابقة في الصياغة
8,شركة مكافحة الصراصير بأبها | شركة مكافحة الصراصير بالطائف | شركة مكافحة الصراصير بالخبر | شركة مكافحة الصراصير بالدمام | شركة مكافحة الصراصير بالمدينة المنورة | شركة مكافحة الصراصير بمكة المكرمة | شركة مكافحة الصراصير بجدة | شركة مكافحة الصراصير بالرياض,https://www.rukn-eltatawer.com/sa/cockroach-control-abha/ https://www.rukn-eltatawer.com/sa/cockroach-control-taif/ https://www.rukn-eltatawer.com/sa/cockroach-control-khobar/ https://www.rukn-eltatawer.com/sa/cockroach-control-dammam/ https://www.rukn-eltatawer.com/sa/cockroach-control-medina/ https://www.rukn-eltatawer.com/sa/cockroach-control-mecca/ https://www.rukn-eltatawer.com/sa/cockroach-control-jeddah/ https://www.rukn-eltatawer.com/sa/cockroach-control-riyadh/,duplicate_similar,مجموعة مقالات شبه متطابقة في الصياغة
8,شركة تنظيف وتعقيم شامل بأبها | شركة تنظيف وتعقيم شامل بالطائف | شركة تنظيف وتعقيم شامل بالخبر | شركة تنظيف وتعقيم شامل بالدمام | شركة تنظيف وتعقيم شامل بالمدينة المنورة | شركة تنظيف وتعقيم شامل بمكة المكرمة | شركة تنظيف وتعقيم شامل بجدة | شركة تنظيف وتعقيم شامل بالرياض,https://www.rukn-eltatawer.com/sa/deep-cleaning-abha/ https://www.rukn-eltatawer.com/sa/deep-cleaning-taif/ https://www.rukn-eltatawer.com/sa/deep-cleaning-khobar/ https://www.rukn-eltatawer.com/sa/deep-cleaning-dammam/ https://www.rukn-eltatawer.com/sa/deep-cleaning-medina/ https://www.rukn-eltatawer.com/sa/deep-cleaning-mecca/ https://www.rukn-eltatawer.com/sa/deep-cleaning-jeddah/ https://www.rukn-eltatawer.com/sa/deep-cleaning-riyadh/,duplicate_similar,مجموعة مقالات شبه متطابقة في الصياغة
8,شركة تنظيف شقق بأبها | شركة تنظيف شقق بالطائف | شركة تنظيف شقق بالخبر | شركة تنظيف شقق بالدمام | شركة تنظيف شقق بالمدينة المنورة | شركة تنظيف شقق بمكة المكرمة | شركة تنظيف شقق بجدة | شركة تنظيف شقق بالرياض,https://www.rukn-eltatawer.com/sa/apartment-cleaning-abha/ https://www.rukn-eltatawer.com/sa/apartment-cleaning-taif/ https://www.rukn-eltatawer.com/sa/apartment-cleaning-khobar/ https://www.rukn-eltatawer.com/sa/apartment-cleaning-dammam/ https://www.rukn-eltatawer.com/sa/apartment-cleaning-medina/ https://www.rukn-eltatawer.com/sa/apartment-cleaning-mecca/ https://www.rukn-eltatawer.com/sa/apartment-cleaning-jeddah/ https://www.rukn-eltatawer.com/sa/apartment-cleaning-in-riyadh/,duplicate_similar,مجموعة مقالات شبه متطابقة في الصياغة
8,شركة التعقيم بالكلور بأبها | شركة التعقيم بالكلور بالطائف | شركة التعقيم بالكلور بالخبر | شركة التعقيم بالكلور بالدمام | شركة التعقيم بالكلور بالمدينة المنورة | شركة التعقيم بالكلور بمكة المكرمة | شركة التعقيم بالكلور بجدة | شركة التعقيم بالكلور بالرياض,https://www.rukn-eltatawer.com/sa/chlorine-disinfection-abha/ https://www.rukn-eltatawer.com/sa/chlorine-disinfection-taif/ https://www.rukn-eltatawer.com/sa/chlorine-disinfection-khobar/ https://www.rukn-eltatawer.com/sa/chlorine-disinfection-dammam/ https://www.rukn-eltatawer.com/sa/chlorine-disinfection-medina/ https://www.rukn-eltatawer.com/sa/chlorine-disinfection-mecca/ https://www.rukn-eltatawer.com/sa/chlorine-disinfection-jeddah/ https://www.rukn-eltatawer.com/sa/chlorine-disinfection-riyadh/,duplicate_similar,مجموعة مقالات شبه متطابقة في الصياغة
8,شركة التعقيم بالبخار بأبها | شركة التعقيم بالبخار بالطائف | شركة التعقيم بالبخار بالخبر | شركة التعقيم بالبخار بالدمام | شركة التعقيم بالبخار بالمدينة المنورة | شركة التعقيم بالبخار بمكة المكرمة | شركة التعقيم بالبخار بجدة | شركة التعقيم بالبخار بالرياض,https://www.rukn-eltatawer.com/sa/steam-disinfection-abha/ https://www.rukn-eltatawer.com/sa/steam-disinfection-taif/ https://www.rukn-eltatawer.com/sa/steam-disinfection-khobar/ https://www.rukn-eltatawer.com/sa/steam-disinfection-dammam/ https://www.rukn-eltatawer.com/sa/steam-disinfection-medina/ https://www.rukn-eltatawer.com/sa/steam-disinfection-mecca/ https://www.rukn-eltatawer.com/sa/steam-disinfection-jeddah/ https://www.rukn-eltatawer.com/sa/steam-disinfection-riyadh/,duplicate_similar,مجموعة مقالات شبه متطابقة في الصياغة
8,شركة التعقيم بالأوزون بأبها | شركة التعقيم بالأوزون بالطائف | شركة التعقيم بالأوزون بالخبر | شركة التعقيم بالأوزون بالدمام | شركة التعقيم بالأوزون بالمدينة المنورة | شركة التعقيم بالأوزون بمكة المكرمة | شركة التعقيم بالأوزون بجدة | شركة التعقيم بالأوزون بالرياض,https://www.rukn-eltatawer.com/sa/ozone-disinfection-abha/ https://www.rukn-eltatawer.com/sa/ozone-disinfection-taif/ https://www.rukn-eltatawer.com/sa/ozone-disinfection-khobar/ https://www.rukn-eltatawer.com/sa/ozone-disinfection-dammam/ https://www.rukn-eltatawer.com/sa/ozone-disinfection-medina/ https://www.rukn-eltatawer.com/sa/ozone-disinfection-mecca/ https://www.rukn-eltatawer.com/sa/ozone-disinfection-jeddah/ https://www.rukn-eltatawer.com/sa/ozone-disinfection-riyadh/,duplicate_similar,مجموعة مقالات شبه متطابقة في الصياغة
8,شركة عزل خزانات بأبها | شركة عزل خزانات بالطائف | شركة عزل خزانات بالخبر | شركة عزل خزانات بالدمام | شركة عزل خزانات بالمدينة المنورة | شركة عزل خزانات بمكة المكرمة | شركة عزل خزانات بجدة | شركة عزل خزانات بالرياض,https://www.rukn-eltatawer.com/sa/tank-insulation-abha/ https://www.rukn-eltatawer.com/sa/tank-insulation-taif/ https://www.rukn-eltatawer.com/sa/tank-insulation-khobar/ https://www.rukn-eltatawer.com/sa/tank-insulation-dammam/ https://www.rukn-eltatawer.com/sa/tank-insulation-medina/ https://www.rukn-eltatawer.com/sa/tank-insulation-mecca/ https://www.rukn-eltatawer.com/sa/tank-insulation-jeddah/ https://www.rukn-eltatawer.com/sa/tank-insulation-riyadh/,duplicate_similar,مجموعة مقالات شبه متطابقة في الصياغة
8,شركة كشف تسريبات مواسير مياه بأبها | شركة كشف تسريبات مواسير مياه بالطائف | شركة كشف تسريبات مواسير مياه بالخبر | شركة كشف تسريبات مواسير مياه بالدمام | شركة كشف تسريبات مواسير مياه بالمدينة المنورة | شركة كشف تسريبات مواسير مياه بمكة المكرمة | شركة كشف تسريبات مواسير مياه بجدة | شركة كشف تسريبات مواسير مياه بالرياض,https://www.rukn-eltatawer.com/sa/water-pipe-leak-detection-abha/ https://www.rukn-eltatawer.com/sa/water-pipe-leak-detection-taif/ https://www.rukn-eltatawer.com/sa/water-pipe-leak-detection-khobar/ https://www.rukn-eltatawer.com/sa/water-pipe-leak-detection-dammam/ https://www.rukn-eltatawer.com/sa/water-pipe-leak-detection-medina/ https://www.rukn-eltatawer.com/sa/water-pipe-leak-detection-mecca/ https://www.rukn-eltatawer.com/sa/water-pipe-leak-detection-jeddah/ https://www.rukn-eltatawer.com/sa/water-pipe-leak-detection-riyadh/,duplicate_similar,مجموعة مقالات شبه متطابقة في الصياغة
8,شركة كشف تسربات الغاز بأبها | شركة كشف تسربات الغاز بالطائف | شركة كشف تسربات الغاز بالخبر | شركة كشف تسربات الغاز بالدمام | شركة كشف تسربات الغاز بالمدينة المنورة | شركة كشف تسربات الغاز بمكة المكرمة | شركة كشف تسربات الغاز بجدة | شركة كشف تسربات الغاز بالرياض,https://www.rukn-eltatawer.com/sa/gas-leak-detection-abha/ https://www.rukn-eltatawer.com/sa/gas-leak-detection-taif/ https://www.rukn-eltatawer.com/sa/gas-leak-detection-khobar/ https://www.rukn-eltatawer.com/sa/gas-leak-detection-dammam/ https://www.rukn-eltatawer.com/sa/gas-leak-detection-medina/ https://www.rukn-eltatawer.com/sa/gas-leak-detection-mecca/ https://www.rukn-eltatawer.com/sa/gas-leak-detection-jeddah/ https://www.rukn-eltatawer.com/sa/gas-leak-detection-riyadh/,duplicate_similar,مجموعة مقالات شبه متطابقة في الصياغة
8,شركة كشف تسربات التكييف بأبها | شركة كشف تسربات التكييف بالطائف | شركة كشف تسربات التكييف بالخبر | شركة كشف تسربات التكييف بالدمام | شركة كشف تسربات التكييف بالمدينة المنورة | شركة كشف تسربات التكييف بمكة المكرمة | شركة كشف تسربات التكييف بجدة | شركة كشف تسربات التكييف بالرياض,https://www.rukn-eltatawer.com/sa/ac-leak-detection-abha/ https://www.rukn-eltatawer.com/sa/ac-leak-detection-taif/ https://www.rukn-eltatawer.com/sa/ac-leak-detection-khobar/ https://www.rukn-eltatawer.com/sa/ac-leak-detection-dammam/ https://www.rukn-eltatawer.com/sa/ac-leak-detection-medina/ https://www.rukn-eltatawer.com/sa/ac-leak-detection-mecca/ https://www.rukn-eltatawer.com/sa/ac-leak-detection-jeddah/ https://www.rukn-eltatawer.com/sa/ac-leak-detection-riyadh/,duplicate_similar,مجموعة مقالات شبه متطابقة في الصياغة
7,شركة شحن سيارات بالدمام | شركة شحن سيارات بالمدينة المنورة | شركة شحن سيارات بمكة المكرمة | شركة شحن سيارات بأبها | شركة شحن سيارات بالطائف | شركة شحن سيارات بالخبر | شركة شحن سيارات بالرياض,https://www.rukn-eltatawer.com/sa/car-shipping-dammam/ https://www.rukn-eltatawer.com/sa/car-shipping-medina/ https://www.rukn-eltatawer.com/sa/car-shipping-mecca/ https://www.rukn-eltatawer.com/sa/car-shipping-abha/ https://www.rukn-eltatawer.com/sa/car-shipping-taif/ https://www.rukn-eltatawer.com/sa/car-shipping-khobar/ https://www.rukn-eltatawer.com/sa/car-shipping-riyadh/,duplicate_similar,مجموعة مقالات شبه متطابقة في الصياغة
7,شركة شحن أثاث بالدمام | شركة شحن أثاث بالمدينة المنورة | شركة شحن أثاث بأبها | شركة شحن أثاث بالطائف | شركة شحن أثاث بجدة | شركة شحن أثاث بالخبر | شركة شحن أثاث بالرياض,https://www.rukn-eltatawer.com/sa/furniture-shipping-dammam/ https://www.rukn-eltatawer.com/sa/furniture-shipping-medina/ https://www.rukn-eltatawer.com/sa/furniture-shipping-abha/ https://www.rukn-eltatawer.com/sa/furniture-shipping-taif/ https://www.rukn-eltatawer.com/sa/furniture-shipping-jeddah/ https://www.rukn-eltatawer.com/sa/furniture-shipping-khobar/ https://www.rukn-eltatawer.com/sa/furniture-shipping-riyadh/,duplicate_similar,مجموعة مقالات شبه متطابقة في الصياغة
7,شركة تنظيف وصيانة دكتات المكيفات بالدمام | شركة تنظيف وصيانة دكتات المكيفات بالمدينة المنورة | شركة تنظيف وصيانة دكتات المكيفات بمكة المكرمة | شركة تنظيف وصيانة دكتات المكيفات بالطائف | شركة تنظيف وصيانة دكتات المكيفات بجدة | شركة تنظيف وصيانة دكتات المكيفات بالخبر | شركة تنظيف وصيانة دكتات المكيفات بالرياض,https://www.rukn-eltatawer.com/sa/duct-cleaning-dammam/ https://www.rukn-eltatawer.com/sa/duct-cleaning-medina/ https://www.rukn-eltatawer.com/sa/duct-cleaning-mecca/ https://www.rukn-eltatawer.com/sa/duct-cleaning-taif/ https://www.rukn-eltatawer.com/sa/duct-cleaning-jeddah/ https://www.rukn-eltatawer.com/sa/duct-cleaning-khobar/ https://www.rukn-eltatawer.com/sa/duct-cleaning-riyadh/,duplicate_similar,مجموعة مقالات شبه متطابقة في الصياغة
7,شركة تنظيف واجهات زجاجية بالدمام | شركة تنظيف واجهات زجاجية بالمدينة المنورة | شركة تنظيف واجهات زجاجية بمكة المكرمة | شركة تنظيف واجهات زجاجية بالطائف | شركة تنظيف واجهات زجاجية بجدة | شركة تنظيف واجهات زجاجية بالخبر | شركة تنظيف واجهات زجاجية بالرياض,https://www.rukn-eltatawer.com/sa/glass-facade-cleaning-dammam/ https://www.rukn-eltatawer.com/sa/glass-facade-cleaning-medina/ https://www.rukn-eltatawer.com/sa/glass-facade-cleaning-mecca/ https://www.rukn-eltatawer.com/sa/glass-facade-cleaning-taif/ https://www.rukn-eltatawer.com/sa/glass-facade-cleaning-jeddah/ https://www.rukn-eltatawer.com/sa/glass-facade-cleaning-khobar/ https://www.rukn-eltatawer.com/sa/glass-facade-cleaning-riyadh/,duplicate_similar,مجموعة مقالات شبه متطابقة في الصياغة
7,شركة تنظيف واجهات حجرية بالدمام | شركة تنظيف واجهات حجرية بالمدينة المنورة | شركة تنظيف واجهات حجرية بمكة المكرمة | شركة تنظيف واجهات حجرية بالطائف | شركة تنظيف واجهات حجرية بجدة | شركة تنظيف واجهات حجرية بالخبر | شركة تنظيف واجهات حجرية بالرياض,https://www.rukn-eltatawer.com/sa/stone-facade-cleaning-dammam/ https://www.rukn-eltatawer.com/sa/stone-facade-cleaning-medina/ https://www.rukn-eltatawer.com/sa/stone-facade-cleaning-mecca/ https://www.rukn-eltatawer.com/sa/stone-facade-cleaning-taif/ https://www.rukn-eltatawer.com/sa/stone-facade-cleaning-jeddah/ https://www.rukn-eltatawer.com/sa/stone-facade-cleaning-khobar/ https://www.rukn-eltatawer.com/sa/stone-facade-cleaning-riyadh/,duplicate_similar,مجموعة مقالات شبه متطابقة في الصياغة
7,شركة تنظيف موكيت بالدمام | شركة تنظيف موكيت بالمدينة المنورة | شركة تنظيف موكيت بمكة المكرمة | شركة تنظيف موكيت بالطائف | شركة تنظيف موكيت بجدة | شركة تنظيف موكيت بالخبر | شركة تنظيف موكيت بالرياض,https://www.rukn-eltatawer.com/sa/moquette-cleaning-dammam/ https://www.rukn-eltatawer.com/sa/moquette-cleaning-medina/ https://www.rukn-eltatawer.com/sa/moquette-cleaning-mecca/ https://www.rukn-eltatawer.com/sa/moquette-cleaning-taif/ https://www.rukn-eltatawer.com/sa/moquette-cleaning-jeddah/ https://www.rukn-eltatawer.com/sa/moquette-cleaning-khobar/ https://www.rukn-eltatawer.com/sa/moquette-cleaning-riyadh/,duplicate_similar,مجموعة مقالات شبه متطابقة في الصياغة
7,شركة تنظيف مكاتب بالدمام | شركة تنظيف مكاتب بالمدينة المنورة | شركة تنظيف مكاتب بمكة المكرمة | شركة تنظيف مكاتب بالطائف | شركة تنظيف مكاتب بجدة | شركة تنظيف مكاتب بالخبر | شركة تنظيف مكاتب بالرياض,https://www.rukn-eltatawer.com/sa/office-cleaning-dammam/ https://www.rukn-eltatawer.com/sa/office-cleaning-medina/ https://www.rukn-eltatawer.com/sa/office-cleaning-mecca/ https://www.rukn-eltatawer.com/sa/office-cleaning-taif/ https://www.rukn-eltatawer.com/sa/office-cleaning-jeddah/ https://www.rukn-eltatawer.com/sa/office-cleaning-khobar/ https://www.rukn-eltatawer.com/sa/office-cleaning-riyadh/,duplicate_similar,مجموعة مقالات شبه متطابقة في الصياغة
7,شركة تنظيف مطابخ بالدمام | شركة تنظيف مطابخ بالمدينة المنورة | شركة تنظيف مطابخ بمكة المكرمة | شركة تنظيف مطابخ بالطائف | شركة تنظيف مطابخ بجدة | شركة تنظيف مطابخ بالخبر | شركة تنظيف مطابخ بالرياض,https://www.rukn-eltatawer.com/sa/kitchen-cleaning-dammam/ https://www.rukn-eltatawer.com/sa/kitchen-cleaning-medina/ https://www.rukn-eltatawer.com/sa/kitchen-cleaning-mecca/ https://www.rukn-eltatawer.com/sa/kitchen-cleaning-taif/ https://www.rukn-eltatawer.com/sa/kitchen-cleaning-jeddah/ https://www.rukn-eltatawer.com/sa/kitchen-cleaning-khobar/ https://www.rukn-eltatawer.com/sa/kitchen-cleaning-riyadh/,duplicate_similar,مجموعة مقالات شبه متطابقة في الصياغة
7,شركة تنظيف مستشفيات وعيادات بالدمام | شركة تنظيف مستشفيات وعيادات بالمدينة المنورة | شركة تنظيف مستشفيات وعيادات بمكة المكرمة | شركة تنظيف مستشفيات وعيادات بالطائف | شركة تنظيف مستشفيات وعيادات بجدة | شركة تنظيف مستشفيات وعيادات بالخبر | شركة تنظيف مستشفيات وعيادات بالرياض,https://www.rukn-eltatawer.com/sa/hospital-clinic-cleaning-dammam/ https://www.rukn-eltatawer.com/sa/hospital-clinic-cleaning-medina/ https://www.rukn-eltatawer.com/sa/hospital-clinic-cleaning-mecca/ https://www.rukn-eltatawer.com/sa/hospital-clinic-cleaning-taif/ https://www.rukn-eltatawer.com/sa/hospital-clinic-cleaning-jeddah/ https://www.rukn-eltatawer.com/sa/hospital-clinic-cleaning-khobar/ https://www.rukn-eltatawer.com/sa/hospital-clinic-cleaning-riyadh/,duplicate_similar,مجموعة مقالات شبه متطابقة في الصياغة
7,شركة تنظيف مدارس وحضانات بالدمام | شركة تنظيف مدارس وحضانات بالمدينة المنورة | شركة تنظيف مدارس وحضانات بمكة المكرمة | شركة تنظيف مدارس وحضانات بالطائف | شركة تنظيف مدارس وحضانات بجدة | شركة تنظيف مدارس وحضانات بالخبر | شركة تنظيف مدارس وحضانات بالرياض,https://www.rukn-eltatawer.com/sa/school-nursery-cleaning-dammam/ https://www.rukn-eltatawer.com/sa/school-nursery-cleaning-medina/ https://www.rukn-eltatawer.com/sa/school-nursery-cleaning-mecca/ https://www.rukn-eltatawer.com/sa/school-nursery-cleaning-taif/ https://www.rukn-eltatawer.com/sa/school-nursery-cleaning-jeddah/ https://www.rukn-eltatawer.com/sa/school-nursery-cleaning-khobar/ https://www.rukn-eltatawer.com/sa/school-nursery-cleaning-riyadh/,duplicate_similar,مجموعة مقالات شبه متطابقة في الصياغة
7,شركة تنظيف ستائر بالدمام | شركة تنظيف ستائر بالمدينة المنورة | شركة تنظيف ستائر بأبها | شركة تنظيف ستائر بالطائف | شركة تنظيف ستائر بجدة | شركة تنظيف ستائر بالخبر | شركة تنظيف ستائر بالرياض,https://www.rukn-eltatawer.com/sa/curtain-cleaning-dammam/ https://www.rukn-eltatawer.com/sa/curtain-cleaning-medina/ https://www.rukn-eltatawer.com/sa/curtain-cleaning-abha/ https://www.rukn-eltatawer.com/sa/curtain-cleaning-taif/ https://www.rukn-eltatawer.com/sa/curtain-cleaning-jeddah/ https://www.rukn-eltatawer.com/sa/curtain-cleaning-khobar/ https://www.rukn-eltatawer.com/sa/curtain-cleaning-riyadh/,duplicate_similar,مجموعة مقالات شبه متطابقة في الصياغة
7,شركة تنظيف المداخن والشفاطات بالدمام | شركة تنظيف المداخن والشفاطات بالمدينة المنورة | شركة تنظيف المداخن والشفاطات بأبها | شركة تنظيف المداخن والشفاطات بالطائف | شركة تنظيف المداخن والشفاطات بجدة | شركة تنظيف المداخن والشفاطات بالخبر | شركة تنظيف المداخن والشفاطات بالرياض,https://www.rukn-eltatawer.com/sa/chimney-cleaning-dammam/ https://www.rukn-eltatawer.com/sa/chimney-cleaning-medina/ https://www.rukn-eltatawer.com/sa/chimney-cleaning-abha/ https://www.rukn-eltatawer.com/sa/chimney-cleaning-taif/ https://www.rukn-eltatawer.com/sa/chimney-cleaning-jeddah/ https://www.rukn-eltatawer.com/sa/chimney-cleaning-khobar/ https://www.rukn-eltatawer.com/sa/chimney-cleaning-riyadh/,duplicate_similar,مجموعة مقالات شبه متطابقة في الصياغة
7,شركة مكافحة الفئران والقوارض بالمدينة المنورة | شركة مكافحة الفئران والقوارض بمكة المكرمة | شركة مكافحة الفئران والقوارض بجدة | شركة مكافحة الفئران والقوارض بأبها | شركة مكافحة الفئران والقوارض بالطائف | شركة مكافحة الفئران والقوارض بالخبر | شركة مكافحة الفئران والقوارض بالرياض,https://www.rukn-eltatawer.com/sa/rodent-control-medina/ https://www.rukn-eltatawer.com/sa/rodent-control-mecca/ https://www.rukn-eltatawer.com/sa/rodent-control-jeddah/ https://www.rukn-eltatawer.com/sa/rodent-control-abha/ https://www.rukn-eltatawer.com/sa/rodent-control-taif/ https://www.rukn-eltatawer.com/sa/rodent-control-khobar/ https://www.rukn-eltatawer.com/sa/rodent-control-riyadh/,duplicate_similar,مجموعة مقالات شبه متطابقة في الصياغة
7,شركة تنظيف منازل بأبها | شركة تنظيف منازل بالطائف | شركة تنظيف منازل بالخبر | شركة تنظيف منازل بالدمام | شركة تنظيف منازل بالمدينة المنورة | شركة تنظيف منازل بمكة المكرمة | شركة تنظيف منازل بجدة,https://www.rukn-eltatawer.com/sa/home-cleaning-abha/ https://www.rukn-eltatawer.com/sa/home-cleaning-taif/ https://www.rukn-eltatawer.com/sa/home-cleaning-khobar/ https://www.rukn-eltatawer.com/sa/home-cleaning-dammam/ https://www.rukn-eltatawer.com/sa/home-cleaning-medina/ https://www.rukn-eltatawer.com/sa/home-cleaning-mecca/ https://www.rukn-eltatawer.com/sa/home-cleaning-jeddah/,duplicate_similar,مجموعة مقالات شبه متطابقة في الصياغة
6,شركة تنظيف مراتب بالدمام | شركة تنظيف مراتب بمكة المكرمة | شركة تنظيف مراتب بالطائف | شركة تنظيف مراتب بجدة | شركة تنظيف مراتب بالخبر | شركة تنظيف مراتب بالرياض,https://www.rukn-eltatawer.com/sa/mattress-cleaning-dammam/ https://www.rukn-eltatawer.com/sa/mattress-cleaning-mecca/ https://www.rukn-eltatawer.com/sa/mattress-cleaning-taif/ https://www.rukn-eltatawer.com/sa/mattress-cleaning-jeddah/ https://www.rukn-eltatawer.com/sa/mattress-cleaning-khobar/ https://www.rukn-eltatawer.com/sa/mattress-cleaning-riyadh/,duplicate_similar,مجموعة مقالات شبه متطابقة في الصياغة
